{
"type": "FeatureCollection",
"name": "chiba_esv_rl_score",
"crs": { "type": "name", "properties": { "name": "urn:ogc:def:crs:OGC:1.3:CRS84" } },
"features": [
{ "type": "Feature", "properties": { "mesh": "52392689", "n_rl_records": 4, "n_rl_species": 2, "score_species_weighted": 6, "n_cr_en_species": 1, "effort_records": 68, "low_effort": false, "rl_record_share": 0.058823529411764705 }, "geometry": { "type": "Polygon", "coordinates": [ [ [ 139.875, 34.9 ], [ 139.875, 34.908333333333331 ], [ 139.8625, 34.908333333333331 ], [ 139.8625, 34.9 ], [ 139.875, 34.9 ] ] ] } },
{ "type": "Feature", "properties": { "mesh": "52392698", "n_rl_records": 1, "n_rl_species": 1, "score_species_weighted": 3, "n_cr_en_species": 1, "effort_records": 71, "low_effort": false, "rl_record_share": 0.014084507042253521 }, "geometry": { "type": "Polygon", "coordinates": [ [ [ 139.8625, 34.908333333333331 ], [ 139.8625, 34.916666666666657 ], [ 139.85, 34.916666666666657 ], [ 139.85, 34.908333333333339 ], [ 139.8625, 34.908333333333331 ] ] ] } },
{ "type": "Feature", "properties": { "mesh": "52392781", "n_rl_records": 10, "n_rl_species": 5, "score_species_weighted": 14, "n_cr_en_species": 3, "effort_records": 252, "low_effort": false, "rl_record_share": 0.03968253968253968 }, "geometry": { "type": "Polygon", "coordinates": [ [ [ 139.9, 34.9 ], [ 139.9, 34.908333333333331 ], [ 139.8875, 34.908333333333339 ], [ 139.8875, 34.9 ], [ 139.9, 34.9 ] ] ] } },
{ "type": "Feature", "properties": { "mesh": "52392791", "n_rl_records": 1, "n_rl_species": 1, "score_species_weighted": 4, "n_cr_en_species": 1, "effort_records": 41, "low_effort": false, "rl_record_share": 0.024390243902439025 }, "geometry": { "type": "Polygon", "coordinates": [ [ [ 139.9, 34.908333333333331 ], [ 139.9, 34.916666666666664 ], [ 139.8875, 34.916666666666664 ], [ 139.8875, 34.908333333333339 ], [ 139.9, 34.908333333333331 ] ] ] } },
{ "type": "Feature", "properties": { "mesh": "52392792", "n_rl_records": 2, "n_rl_species": 2, "score_species_weighted": 7, "n_cr_en_species": 2, "effort_records": 63, "low_effort": false, "rl_record_share": 0.031746031746031744 }, "geometry": { "type": "Polygon", "coordinates": [ [ [ 139.9125, 34.908333333333331 ], [ 139.9125, 34.916666666666664 ], [ 139.9, 34.916666666666664 ], [ 139.9, 34.908333333333331 ], [ 139.9125, 34.908333333333331 ] ] ] } },
{ "type": "Feature", "properties": { "mesh": "52392794", "n_rl_records": 4, "n_rl_species": 2, "score_species_weighted": 6, "n_cr_en_species": 1, "effort_records": 116, "low_effort": false, "rl_record_share": 0.034482758620689655 }, "geometry": { "type": "Polygon", "coordinates": [ [ [ 139.9375, 34.908333333333331 ], [ 139.9375, 34.916666666666664 ], [ 139.925, 34.916666666666671 ], [ 139.925, 34.908333333333339 ], [ 139.9375, 34.908333333333331 ] ] ] } },
{ "type": "Feature", "properties": { "mesh": "52393606", "n_rl_records": 4, "n_rl_species": 2, "score_species_weighted": 7, "n_cr_en_species": 2, "effort_records": 88, "low_effort": false, "rl_record_share": 0.045454545454545456 }, "geometry": { "type": "Polygon", "coordinates": [ [ [ 139.8375, 34.916666666666664 ], [ 139.8375, 34.925 ], [ 139.825, 34.925 ], [ 139.825, 34.916666666666657 ], [ 139.8375, 34.916666666666664 ] ] ] } },
{ "type": "Feature", "properties": { "mesh": "52393617", "n_rl_records": 2, "n_rl_species": 2, "score_species_weighted": 5, "n_cr_en_species": 1, "effort_records": 15, "low_effort": true, "rl_record_share": 0.13333333333333333 }, "geometry": { "type": "Polygon", "coordinates": [ [ [ 139.85, 34.925 ], [ 139.85, 34.933333333333337 ], [ 139.8375, 34.933333333333337 ], [ 139.8375, 34.925 ], [ 139.85, 34.925 ] ] ] } },
{ "type": "Feature", "properties": { "mesh": "52393636", "n_rl_records": 1, "n_rl_species": 1, "score_species_weighted": 3, "n_cr_en_species": 1, "effort_records": 10, "low_effort": true, "rl_record_share": 0.1 }, "geometry": { "type": "Polygon", "coordinates": [ [ [ 139.8375, 34.941666666666656 ], [ 139.8375, 34.95 ], [ 139.825, 34.95 ], [ 139.825, 34.941666666666663 ], [ 139.8375, 34.941666666666656 ] ] ] } },
{ "type": "Feature", "properties": { "mesh": "52393644", "n_rl_records": 2, "n_rl_species": 2, "score_species_weighted": 6, "n_cr_en_species": 1, "effort_records": 146, "low_effort": false, "rl_record_share": 0.013698630136986301 }, "geometry": { "type": "Polygon", "coordinates": [ [ [ 139.8125, 34.95 ], [ 139.8125, 34.958333333333343 ], [ 139.8, 34.958333333333336 ], [ 139.8, 34.95 ], [ 139.8125, 34.95 ] ] ] } },
{ "type": "Feature", "properties": { "mesh": "52393647", "n_rl_records": 1, "n_rl_species": 1, "score_species_weighted": 1, "n_cr_en_species": 0, "effort_records": 2, "low_effort": true, "rl_record_share": 0.5 }, "geometry": { "type": "Polygon", "coordinates": [ [ [ 139.85, 34.95 ], [ 139.85, 34.958333333333336 ], [ 139.8375, 34.958333333333336 ], [ 139.8375, 34.95 ], [ 139.85, 34.95 ] ] ] } },
{ "type": "Feature", "properties": { "mesh": "52393650", "n_rl_records": 2, "n_rl_species": 2, "score_species_weighted": 4, "n_cr_en_species": 1, "effort_records": 40, "low_effort": false, "rl_record_share": 0.05 }, "geometry": { "type": "Polygon", "coordinates": [ [ [ 139.7625, 34.958333333333343 ], [ 139.7625, 34.966666666666669 ], [ 139.75, 34.966666666666661 ], [ 139.75, 34.958333333333343 ], [ 139.7625, 34.958333333333343 ] ] ] } },
{ "type": "Feature", "properties": { "mesh": "52393651", "n_rl_records": 2, "n_rl_species": 1, "score_species_weighted": 4, "n_cr_en_species": 1, "effort_records": 24, "low_effort": false, "rl_record_share": 0.083333333333333329 }, "geometry": { "type": "Polygon", "coordinates": [ [ [ 139.775, 34.958333333333336 ], [ 139.775, 34.966666666666676 ], [ 139.7625, 34.966666666666669 ], [ 139.7625, 34.958333333333343 ], [ 139.775, 34.958333333333336 ] ] ] } },
{ "type": "Feature", "properties": { "mesh": "52393656", "n_rl_records": 1, "n_rl_species": 1, "score_species_weighted": 1, "n_cr_en_species": 0, "effort_records": 38, "low_effort": false, "rl_record_share": 0.026315789473684209 }, "geometry": { "type": "Polygon", "coordinates": [ [ [ 139.8375, 34.958333333333336 ], [ 139.8375, 34.966666666666676 ], [ 139.825, 34.966666666666676 ], [ 139.825, 34.958333333333343 ], [ 139.8375, 34.958333333333336 ] ] ] } },
{ "type": "Feature", "properties": { "mesh": "52393657", "n_rl_records": 1, "n_rl_species": 1, "score_species_weighted": 1, "n_cr_en_species": 0, "effort_records": 20, "low_effort": false, "rl_record_share": 0.05 }, "geometry": { "type": "Polygon", "coordinates": [ [ [ 139.85, 34.958333333333336 ], [ 139.85, 34.966666666666669 ], [ 139.8375, 34.966666666666676 ], [ 139.8375, 34.958333333333336 ], [ 139.85, 34.958333333333336 ] ] ] } },
{ "type": "Feature", "properties": { "mesh": "52393660", "n_rl_records": 2, "n_rl_species": 2, "score_species_weighted": 7, "n_cr_en_species": 2, "effort_records": 80, "low_effort": false, "rl_record_share": 0.025 }, "geometry": { "type": "Polygon", "coordinates": [ [ [ 139.7625, 34.966666666666669 ], [ 139.7625, 34.975 ], [ 139.75, 34.975 ], [ 139.75, 34.966666666666661 ], [ 139.7625, 34.966666666666669 ] ] ] } },
{ "type": "Feature", "properties": { "mesh": "52393661", "n_rl_records": 1, "n_rl_species": 1, "score_species_weighted": 4, "n_cr_en_species": 1, "effort_records": 32, "low_effort": false, "rl_record_share": 0.03125 }, "geometry": { "type": "Polygon", "coordinates": [ [ [ 139.775, 34.966666666666676 ], [ 139.775, 34.975 ], [ 139.7625, 34.975 ], [ 139.7625, 34.966666666666669 ], [ 139.775, 34.966666666666676 ] ] ] } },
{ "type": "Feature", "properties": { "mesh": "52393664", "n_rl_records": 1, "n_rl_species": 1, "score_species_weighted": 1, "n_cr_en_species": 0, "effort_records": 42, "low_effort": false, "rl_record_share": 0.023809523809523808 }, "geometry": { "type": "Polygon", "coordinates": [ [ [ 139.8125, 34.966666666666676 ], [ 139.8125, 34.975 ], [ 139.8, 34.975 ], [ 139.8, 34.966666666666669 ], [ 139.8125, 34.966666666666676 ] ] ] } },
{ "type": "Feature", "properties": { "mesh": "52393666", "n_rl_records": 1, "n_rl_species": 1, "score_species_weighted": 1, "n_cr_en_species": 0, "effort_records": 18, "low_effort": true, "rl_record_share": 0.055555555555555552 }, "geometry": { "type": "Polygon", "coordinates": [ [ [ 139.8375, 34.966666666666676 ], [ 139.8375, 34.975 ], [ 139.825, 34.975 ], [ 139.825, 34.966666666666676 ], [ 139.8375, 34.966666666666676 ] ] ] } },
{ "type": "Feature", "properties": { "mesh": "52393667", "n_rl_records": 1, "n_rl_species": 1, "score_species_weighted": 1, "n_cr_en_species": 0, "effort_records": 34, "low_effort": false, "rl_record_share": 0.029411764705882353 }, "geometry": { "type": "Polygon", "coordinates": [ [ [ 139.85, 34.966666666666669 ], [ 139.85, 34.975 ], [ 139.8375, 34.975 ], [ 139.8375, 34.966666666666676 ], [ 139.85, 34.966666666666669 ] ] ] } },
{ "type": "Feature", "properties": { "mesh": "52393668", "n_rl_records": 1, "n_rl_species": 1, "score_species_weighted": 3, "n_cr_en_species": 1, "effort_records": 18, "low_effort": true, "rl_record_share": 0.055555555555555552 }, "geometry": { "type": "Polygon", "coordinates": [ [ [ 139.8625, 34.966666666666669 ], [ 139.8625, 34.975 ], [ 139.85, 34.975 ], [ 139.85, 34.966666666666669 ], [ 139.8625, 34.966666666666669 ] ] ] } },
{ "type": "Feature", "properties": { "mesh": "52393669", "n_rl_records": 1, "n_rl_species": 1, "score_species_weighted": 3, "n_cr_en_species": 1, "effort_records": 11, "low_effort": true, "rl_record_share": 0.090909090909090912 }, "geometry": { "type": "Polygon", "coordinates": [ [ [ 139.875, 34.966666666666669 ], [ 139.875, 34.975 ], [ 139.8625, 34.975 ], [ 139.8625, 34.966666666666669 ], [ 139.875, 34.966666666666669 ] ] ] } },
{ "type": "Feature", "properties": { "mesh": "52393670", "n_rl_records": 2, "n_rl_species": 2, "score_species_weighted": 5, "n_cr_en_species": 1, "effort_records": 93, "low_effort": false, "rl_record_share": 0.021505376344086023 }, "geometry": { "type": "Polygon", "coordinates": [ [ [ 139.7625, 34.975 ], [ 139.7625, 34.983333333333327 ], [ 139.75, 34.983333333333327 ], [ 139.75, 34.975 ], [ 139.7625, 34.975 ] ] ] } },
{ "type": "Feature", "properties": { "mesh": "52393675", "n_rl_records": 1, "n_rl_species": 1, "score_species_weighted": 1, "n_cr_en_species": 0, "effort_records": 123, "low_effort": false, "rl_record_share": 0.008130081300813009 }, "geometry": { "type": "Polygon", "coordinates": [ [ [ 139.825, 34.975 ], [ 139.825, 34.983333333333334 ], [ 139.8125, 34.983333333333334 ], [ 139.8125, 34.975 ], [ 139.825, 34.975 ] ] ] } },
{ "type": "Feature", "properties": { "mesh": "52393678", "n_rl_records": 1, "n_rl_species": 1, "score_species_weighted": 3, "n_cr_en_species": 1, "effort_records": 55, "low_effort": false, "rl_record_share": 0.018181818181818181 }, "geometry": { "type": "Polygon", "coordinates": [ [ [ 139.8625, 34.975 ], [ 139.8625, 34.983333333333334 ], [ 139.85, 34.983333333333334 ], [ 139.85, 34.975 ], [ 139.8625, 34.975 ] ] ] } },
{ "type": "Feature", "properties": { "mesh": "52393685", "n_rl_records": 2, "n_rl_species": 2, "score_species_weighted": 7, "n_cr_en_species": 2, "effort_records": 193, "low_effort": false, "rl_record_share": 0.010362694300518135 }, "geometry": { "type": "Polygon", "coordinates": [ [ [ 139.825, 34.983333333333334 ], [ 139.825, 34.991666666666667 ], [ 139.8125, 34.99166666666666 ], [ 139.8125, 34.983333333333334 ], [ 139.825, 34.983333333333334 ] ] ] } },
{ "type": "Feature", "properties": { "mesh": "52393686", "n_rl_records": 1, "n_rl_species": 1, "score_species_weighted": 2, "n_cr_en_species": 0, "effort_records": 106, "low_effort": false, "rl_record_share": 0.009433962264150943 }, "geometry": { "type": "Polygon", "coordinates": [ [ [ 139.8375, 34.983333333333334 ], [ 139.8375, 34.991666666666667 ], [ 139.825, 34.991666666666667 ], [ 139.825, 34.983333333333334 ], [ 139.8375, 34.983333333333334 ] ] ] } },
{ "type": "Feature", "properties": { "mesh": "52393687", "n_rl_records": 1, "n_rl_species": 1, "score_species_weighted": 2, "n_cr_en_species": 0, "effort_records": 67, "low_effort": false, "rl_record_share": 0.014925373134328358 }, "geometry": { "type": "Polygon", "coordinates": [ [ [ 139.85, 34.983333333333334 ], [ 139.85, 34.991666666666667 ], [ 139.8375, 34.991666666666667 ], [ 139.8375, 34.983333333333334 ], [ 139.85, 34.983333333333334 ] ] ] } },
{ "type": "Feature", "properties": { "mesh": "52393698", "n_rl_records": 1, "n_rl_species": 1, "score_species_weighted": 2, "n_cr_en_species": 0, "effort_records": 57, "low_effort": false, "rl_record_share": 0.017543859649122806 }, "geometry": { "type": "Polygon", "coordinates": [ [ [ 139.8625, 34.991666666666667 ], [ 139.8625, 35.0 ], [ 139.85, 35.0 ], [ 139.85, 34.991666666666667 ], [ 139.8625, 34.991666666666667 ] ] ] } },
{ "type": "Feature", "properties": { "mesh": "52393700", "n_rl_records": 13, "n_rl_species": 2, "score_species_weighted": 2, "n_cr_en_species": 0, "effort_records": 120, "low_effort": false, "rl_record_share": 0.10833333333333334 }, "geometry": { "type": "Polygon", "coordinates": [ [ [ 139.8875, 34.916666666666664 ], [ 139.8875, 34.925 ], [ 139.875, 34.925 ], [ 139.875, 34.916666666666657 ], [ 139.8875, 34.916666666666664 ] ] ] } },
{ "type": "Feature", "properties": { "mesh": "52393701", "n_rl_records": 2, "n_rl_species": 1, "score_species_weighted": 4, "n_cr_en_species": 1, "effort_records": 59, "low_effort": false, "rl_record_share": 0.033898305084745763 }, "geometry": { "type": "Polygon", "coordinates": [ [ [ 139.9, 34.916666666666664 ], [ 139.9, 34.925 ], [ 139.8875, 34.925 ], [ 139.8875, 34.916666666666664 ], [ 139.9, 34.916666666666664 ] ] ] } },
{ "type": "Feature", "properties": { "mesh": "52393704", "n_rl_records": 2, "n_rl_species": 1, "score_species_weighted": 2, "n_cr_en_species": 0, "effort_records": 46, "low_effort": false, "rl_record_share": 0.043478260869565216 }, "geometry": { "type": "Polygon", "coordinates": [ [ [ 139.9375, 34.916666666666664 ], [ 139.9375, 34.925 ], [ 139.925, 34.925 ], [ 139.925, 34.916666666666671 ], [ 139.9375, 34.916666666666664 ] ] ] } },
{ "type": "Feature", "properties": { "mesh": "52393712", "n_rl_records": 1, "n_rl_species": 1, "score_species_weighted": 4, "n_cr_en_species": 1, "effort_records": 17, "low_effort": true, "rl_record_share": 0.058823529411764705 }, "geometry": { "type": "Polygon", "coordinates": [ [ [ 139.9125, 34.925 ], [ 139.9125, 34.933333333333337 ], [ 139.9, 34.933333333333337 ], [ 139.9, 34.925 ], [ 139.9125, 34.925 ] ] ] } },
{ "type": "Feature", "properties": { "mesh": "52393720", "n_rl_records": 2, "n_rl_species": 1, "score_species_weighted": 1, "n_cr_en_species": 0, "effort_records": 4, "low_effort": true, "rl_record_share": 0.5 }, "geometry": { "type": "Polygon", "coordinates": [ [ [ 139.8875, 34.93333333333333 ], [ 139.8875, 34.941666666666656 ], [ 139.875, 34.941666666666656 ], [ 139.875, 34.933333333333337 ], [ 139.8875, 34.93333333333333 ] ] ] } },
{ "type": "Feature", "properties": { "mesh": "52393721", "n_rl_records": 2, "n_rl_species": 2, "score_species_weighted": 2, "n_cr_en_species": 0, "effort_records": 17, "low_effort": true, "rl_record_share": 0.11764705882352941 }, "geometry": { "type": "Polygon", "coordinates": [ [ [ 139.9, 34.933333333333337 ], [ 139.9, 34.941666666666656 ], [ 139.8875, 34.941666666666656 ], [ 139.8875, 34.93333333333333 ], [ 139.9, 34.933333333333337 ] ] ] } },
{ "type": "Feature", "properties": { "mesh": "52393722", "n_rl_records": 4, "n_rl_species": 2, "score_species_weighted": 3, "n_cr_en_species": 0, "effort_records": 128, "low_effort": false, "rl_record_share": 0.03125 }, "geometry": { "type": "Polygon", "coordinates": [ [ [ 139.9125, 34.933333333333337 ], [ 139.9125, 34.941666666666663 ], [ 139.9, 34.941666666666656 ], [ 139.9, 34.933333333333337 ], [ 139.9125, 34.933333333333337 ] ] ] } },
{ "type": "Feature", "properties": { "mesh": "52393724", "n_rl_records": 9, "n_rl_species": 4, "score_species_weighted": 14, "n_cr_en_species": 4, "effort_records": 288, "low_effort": false, "rl_record_share": 0.03125 }, "geometry": { "type": "Polygon", "coordinates": [ [ [ 139.9375, 34.93333333333333 ], [ 139.9375, 34.94166666666667 ], [ 139.925, 34.941666666666663 ], [ 139.925, 34.933333333333337 ], [ 139.9375, 34.93333333333333 ] ] ] } },
{ "type": "Feature", "properties": { "mesh": "52393725", "n_rl_records": 3, "n_rl_species": 3, "score_species_weighted": 5, "n_cr_en_species": 1, "effort_records": 171, "low_effort": false, "rl_record_share": 0.017543859649122806 }, "geometry": { "type": "Polygon", "coordinates": [ [ [ 139.95, 34.93333333333333 ], [ 139.95, 34.941666666666656 ], [ 139.9375, 34.94166666666667 ], [ 139.9375, 34.93333333333333 ], [ 139.95, 34.93333333333333 ] ] ] } },
{ "type": "Feature", "properties": { "mesh": "52393733", "n_rl_records": 2, "n_rl_species": 2, "score_species_weighted": 3, "n_cr_en_species": 0, "effort_records": 73, "low_effort": false, "rl_record_share": 0.027397260273972601 }, "geometry": { "type": "Polygon", "coordinates": [ [ [ 139.925, 34.941666666666663 ], [ 139.925, 34.95 ], [ 139.9125, 34.95 ], [ 139.9125, 34.941666666666663 ], [ 139.925, 34.941666666666663 ] ] ] } },
{ "type": "Feature", "properties": { "mesh": "52393740", "n_rl_records": 2, "n_rl_species": 2, "score_species_weighted": 4, "n_cr_en_species": 1, "effort_records": 29, "low_effort": false, "rl_record_share": 0.068965517241379309 }, "geometry": { "type": "Polygon", "coordinates": [ [ [ 139.8875, 34.95 ], [ 139.8875, 34.958333333333336 ], [ 139.875, 34.958333333333343 ], [ 139.875, 34.95 ], [ 139.8875, 34.95 ] ] ] } },
{ "type": "Feature", "properties": { "mesh": "52393741", "n_rl_records": 1, "n_rl_species": 1, "score_species_weighted": 4, "n_cr_en_species": 1, "effort_records": 25, "low_effort": false, "rl_record_share": 0.04 }, "geometry": { "type": "Polygon", "coordinates": [ [ [ 139.9, 34.95 ], [ 139.9, 34.958333333333336 ], [ 139.8875, 34.958333333333336 ], [ 139.8875, 34.95 ], [ 139.9, 34.95 ] ] ] } },
{ "type": "Feature", "properties": { "mesh": "52393747", "n_rl_records": 1, "n_rl_species": 1, "score_species_weighted": 2, "n_cr_en_species": 0, "effort_records": 41, "low_effort": false, "rl_record_share": 0.024390243902439025 }, "geometry": { "type": "Polygon", "coordinates": [ [ [ 139.975, 34.95 ], [ 139.975, 34.958333333333336 ], [ 139.9625, 34.958333333333336 ], [ 139.9625, 34.95 ], [ 139.975, 34.95 ] ] ] } },
{ "type": "Feature", "properties": { "mesh": "52393752", "n_rl_records": 2, "n_rl_species": 2, "score_species_weighted": 6, "n_cr_en_species": 2, "effort_records": 16, "low_effort": true, "rl_record_share": 0.125 }, "geometry": { "type": "Polygon", "coordinates": [ [ [ 139.9125, 34.958333333333343 ], [ 139.9125, 34.966666666666669 ], [ 139.9, 34.966666666666676 ], [ 139.9, 34.958333333333336 ], [ 139.9125, 34.958333333333343 ] ] ] } },
{ "type": "Feature", "properties": { "mesh": "52393755", "n_rl_records": 1, "n_rl_species": 1, "score_species_weighted": 1, "n_cr_en_species": 0, "effort_records": 51, "low_effort": false, "rl_record_share": 0.019607843137254902 }, "geometry": { "type": "Polygon", "coordinates": [ [ [ 139.95, 34.958333333333343 ], [ 139.95, 34.966666666666669 ], [ 139.9375, 34.966666666666676 ], [ 139.9375, 34.958333333333336 ], [ 139.95, 34.958333333333343 ] ] ] } },
{ "type": "Feature", "properties": { "mesh": "52393756", "n_rl_records": 1, "n_rl_species": 1, "score_species_weighted": 1, "n_cr_en_species": 0, "effort_records": 9, "low_effort": true, "rl_record_share": 0.1111111111111111 }, "geometry": { "type": "Polygon", "coordinates": [ [ [ 139.9625, 34.958333333333336 ], [ 139.9625, 34.966666666666676 ], [ 139.95, 34.966666666666669 ], [ 139.95, 34.958333333333343 ], [ 139.9625, 34.958333333333336 ] ] ] } },
{ "type": "Feature", "properties": { "mesh": "52393765", "n_rl_records": 1, "n_rl_species": 1, "score_species_weighted": 1, "n_cr_en_species": 0, "effort_records": 13, "low_effort": true, "rl_record_share": 0.076923076923076927 }, "geometry": { "type": "Polygon", "coordinates": [ [ [ 139.95, 34.966666666666669 ], [ 139.95, 34.975 ], [ 139.9375, 34.975 ], [ 139.9375, 34.966666666666676 ], [ 139.95, 34.966666666666669 ] ] ] } },
{ "type": "Feature", "properties": { "mesh": "52393777", "n_rl_records": 1, "n_rl_species": 1, "score_species_weighted": 4, "n_cr_en_species": 1, "effort_records": 10, "low_effort": true, "rl_record_share": 0.1 }, "geometry": { "type": "Polygon", "coordinates": [ [ [ 139.975, 34.975 ], [ 139.975, 34.983333333333334 ], [ 139.9625, 34.983333333333327 ], [ 139.9625, 34.975 ], [ 139.975, 34.975 ] ] ] } },
{ "type": "Feature", "properties": { "mesh": "52394618", "n_rl_records": 2, "n_rl_species": 2, "score_species_weighted": 6, "n_cr_en_species": 1, "effort_records": 33, "low_effort": false, "rl_record_share": 0.060606060606060608 }, "geometry": { "type": "Polygon", "coordinates": [ [ [ 139.8625, 35.008333333333333 ], [ 139.8625, 35.016666666666659 ], [ 139.85, 35.016666666666659 ], [ 139.85, 35.00833333333334 ], [ 139.8625, 35.008333333333333 ] ] ] } },
{ "type": "Feature", "properties": { "mesh": "52394637", "n_rl_records": 1, "n_rl_species": 1, "score_species_weighted": 2, "n_cr_en_species": 0, "effort_records": 39, "low_effort": false, "rl_record_share": 0.02564102564102564 }, "geometry": { "type": "Polygon", "coordinates": [ [ [ 139.85, 35.025 ], [ 139.85, 35.033333333333331 ], [ 139.8375, 35.033333333333331 ], [ 139.8375, 35.025 ], [ 139.85, 35.025 ] ] ] } },
{ "type": "Feature", "properties": { "mesh": "52394638", "n_rl_records": 1, "n_rl_species": 1, "score_species_weighted": 3, "n_cr_en_species": 1, "effort_records": 10, "low_effort": true, "rl_record_share": 0.1 }, "geometry": { "type": "Polygon", "coordinates": [ [ [ 139.8625, 35.025 ], [ 139.8625, 35.033333333333331 ], [ 139.85, 35.033333333333331 ], [ 139.85, 35.025 ], [ 139.8625, 35.025 ] ] ] } },
{ "type": "Feature", "properties": { "mesh": "52394645", "n_rl_records": 12, "n_rl_species": 4, "score_species_weighted": 12, "n_cr_en_species": 3, "effort_records": 122, "low_effort": false, "rl_record_share": 0.098360655737704916 }, "geometry": { "type": "Polygon", "coordinates": [ [ [ 139.825, 35.033333333333331 ], [ 139.825, 35.041666666666671 ], [ 139.8125, 35.041666666666664 ], [ 139.8125, 35.033333333333331 ], [ 139.825, 35.033333333333331 ] ] ] } },
{ "type": "Feature", "properties": { "mesh": "52394669", "n_rl_records": 3, "n_rl_species": 3, "score_species_weighted": 9, "n_cr_en_species": 2, "effort_records": 25, "low_effort": false, "rl_record_share": 0.12 }, "geometry": { "type": "Polygon", "coordinates": [ [ [ 139.875, 35.05 ], [ 139.875, 35.058333333333323 ], [ 139.8625, 35.058333333333323 ], [ 139.8625, 35.05 ], [ 139.875, 35.05 ] ] ] } },
{ "type": "Feature", "properties": { "mesh": "52394679", "n_rl_records": 4, "n_rl_species": 2, "score_species_weighted": 7, "n_cr_en_species": 2, "effort_records": 50, "low_effort": false, "rl_record_share": 0.08 }, "geometry": { "type": "Polygon", "coordinates": [ [ [ 139.875, 35.058333333333323 ], [ 139.875, 35.06666666666667 ], [ 139.8625, 35.06666666666667 ], [ 139.8625, 35.058333333333323 ], [ 139.875, 35.058333333333323 ] ] ] } },
{ "type": "Feature", "properties": { "mesh": "52394689", "n_rl_records": 1, "n_rl_species": 1, "score_species_weighted": 4, "n_cr_en_species": 1, "effort_records": 26, "low_effort": false, "rl_record_share": 0.038461538461538464 }, "geometry": { "type": "Polygon", "coordinates": [ [ [ 139.875, 35.06666666666667 ], [ 139.875, 35.075 ], [ 139.8625, 35.075 ], [ 139.8625, 35.06666666666667 ], [ 139.875, 35.06666666666667 ] ] ] } },
{ "type": "Feature", "properties": { "mesh": "52394703", "n_rl_records": 4, "n_rl_species": 2, "score_species_weighted": 3, "n_cr_en_species": 0, "effort_records": 34, "low_effort": false, "rl_record_share": 0.11764705882352941 }, "geometry": { "type": "Polygon", "coordinates": [ [ [ 139.925, 35.0 ], [ 139.925, 35.00833333333334 ], [ 139.9125, 35.00833333333334 ], [ 139.9125, 35.0 ], [ 139.925, 35.0 ] ] ] } },
{ "type": "Feature", "properties": { "mesh": "52394715", "n_rl_records": 8, "n_rl_species": 3, "score_species_weighted": 6, "n_cr_en_species": 1, "effort_records": 29, "low_effort": false, "rl_record_share": 0.27586206896551724 }, "geometry": { "type": "Polygon", "coordinates": [ [ [ 139.95, 35.00833333333334 ], [ 139.95, 35.016666666666659 ], [ 139.9375, 35.016666666666666 ], [ 139.9375, 35.008333333333333 ], [ 139.95, 35.00833333333334 ] ] ] } },
{ "type": "Feature", "properties": { "mesh": "52394716", "n_rl_records": 1, "n_rl_species": 1, "score_species_weighted": 1, "n_cr_en_species": 0, "effort_records": 26, "low_effort": false, "rl_record_share": 0.038461538461538464 }, "geometry": { "type": "Polygon", "coordinates": [ [ [ 139.9625, 35.00833333333334 ], [ 139.9625, 35.016666666666659 ], [ 139.95, 35.016666666666659 ], [ 139.95, 35.00833333333334 ], [ 139.9625, 35.00833333333334 ] ] ] } },
{ "type": "Feature", "properties": { "mesh": "52394724", "n_rl_records": 4, "n_rl_species": 2, "score_species_weighted": 3, "n_cr_en_species": 0, "effort_records": 15, "low_effort": true, "rl_record_share": 0.26666666666666666 }, "geometry": { "type": "Polygon", "coordinates": [ [ [ 139.9375, 35.016666666666666 ], [ 139.9375, 35.025 ], [ 139.925, 35.025 ], [ 139.925, 35.016666666666659 ], [ 139.9375, 35.016666666666666 ] ] ] } },
{ "type": "Feature", "properties": { "mesh": "52394725", "n_rl_records": 8, "n_rl_species": 2, "score_species_weighted": 3, "n_cr_en_species": 0, "effort_records": 48, "low_effort": false, "rl_record_share": 0.16666666666666666 }, "geometry": { "type": "Polygon", "coordinates": [ [ [ 139.95, 35.016666666666659 ], [ 139.95, 35.025 ], [ 139.9375, 35.025 ], [ 139.9375, 35.016666666666666 ], [ 139.95, 35.016666666666659 ] ] ] } },
{ "type": "Feature", "properties": { "mesh": "52394735", "n_rl_records": 1, "n_rl_species": 1, "score_species_weighted": 1, "n_cr_en_species": 0, "effort_records": 9, "low_effort": true, "rl_record_share": 0.1111111111111111 }, "geometry": { "type": "Polygon", "coordinates": [ [ [ 139.95, 35.025 ], [ 139.95, 35.033333333333331 ], [ 139.9375, 35.033333333333331 ], [ 139.9375, 35.025 ], [ 139.95, 35.025 ] ] ] } },
{ "type": "Feature", "properties": { "mesh": "52394741", "n_rl_records": 1, "n_rl_species": 1, "score_species_weighted": 2, "n_cr_en_species": 0, "effort_records": 23, "low_effort": false, "rl_record_share": 0.043478260869565216 }, "geometry": { "type": "Polygon", "coordinates": [ [ [ 139.9, 35.033333333333331 ], [ 139.9, 35.041666666666664 ], [ 139.8875, 35.041666666666664 ], [ 139.8875, 35.033333333333339 ], [ 139.9, 35.033333333333331 ] ] ] } },
{ "type": "Feature", "properties": { "mesh": "52394763", "n_rl_records": 1, "n_rl_species": 1, "score_species_weighted": 2, "n_cr_en_species": 0, "effort_records": 24, "low_effort": false, "rl_record_share": 0.041666666666666664 }, "geometry": { "type": "Polygon", "coordinates": [ [ [ 139.925, 35.05 ], [ 139.925, 35.058333333333323 ], [ 139.9125, 35.05833333333333 ], [ 139.9125, 35.05 ], [ 139.925, 35.05 ] ] ] } },
{ "type": "Feature", "properties": { "mesh": "52394773", "n_rl_records": 2, "n_rl_species": 2, "score_species_weighted": 5, "n_cr_en_species": 1, "effort_records": 61, "low_effort": false, "rl_record_share": 0.032786885245901641 }, "geometry": { "type": "Polygon", "coordinates": [ [ [ 139.925, 35.058333333333323 ], [ 139.925, 35.066666666666663 ], [ 139.9125, 35.06666666666667 ], [ 139.9125, 35.05833333333333 ], [ 139.925, 35.058333333333323 ] ] ] } },
{ "type": "Feature", "properties": { "mesh": "52394784", "n_rl_records": 2, "n_rl_species": 2, "score_species_weighted": 7, "n_cr_en_species": 2, "effort_records": 43, "low_effort": false, "rl_record_share": 0.046511627906976744 }, "geometry": { "type": "Polygon", "coordinates": [ [ [ 139.9375, 35.066666666666663 ], [ 139.9375, 35.075 ], [ 139.925, 35.075 ], [ 139.925, 35.066666666666663 ], [ 139.9375, 35.066666666666663 ] ] ] } },
{ "type": "Feature", "properties": { "mesh": "52394786", "n_rl_records": 2, "n_rl_species": 1, "score_species_weighted": 3, "n_cr_en_species": 1, "effort_records": 15, "low_effort": true, "rl_record_share": 0.13333333333333333 }, "geometry": { "type": "Polygon", "coordinates": [ [ [ 139.9625, 35.06666666666667 ], [ 139.9625, 35.075 ], [ 139.95, 35.075 ], [ 139.95, 35.066666666666663 ], [ 139.9625, 35.06666666666667 ] ] ] } },
{ "type": "Feature", "properties": { "mesh": "52395607", "n_rl_records": 2, "n_rl_species": 2, "score_species_weighted": 3, "n_cr_en_species": 0, "effort_records": 17, "low_effort": true, "rl_record_share": 0.11764705882352941 }, "geometry": { "type": "Polygon", "coordinates": [ [ [ 139.85, 35.083333333333329 ], [ 139.85, 35.091666666666669 ], [ 139.8375, 35.091666666666676 ], [ 139.8375, 35.083333333333343 ], [ 139.85, 35.083333333333329 ] ] ] } },
{ "type": "Feature", "properties": { "mesh": "52395608", "n_rl_records": 4, "n_rl_species": 1, "score_species_weighted": 1, "n_cr_en_species": 0, "effort_records": 13, "low_effort": true, "rl_record_share": 0.30769230769230771 }, "geometry": { "type": "Polygon", "coordinates": [ [ [ 139.8625, 35.083333333333329 ], [ 139.8625, 35.091666666666661 ], [ 139.85, 35.091666666666669 ], [ 139.85, 35.083333333333329 ], [ 139.8625, 35.083333333333329 ] ] ] } },
{ "type": "Feature", "properties": { "mesh": "52395609", "n_rl_records": 5, "n_rl_species": 5, "score_species_weighted": 14, "n_cr_en_species": 4, "effort_records": 91, "low_effort": false, "rl_record_share": 0.054945054945054944 }, "geometry": { "type": "Polygon", "coordinates": [ [ [ 139.875, 35.083333333333336 ], [ 139.875, 35.091666666666669 ], [ 139.8625, 35.091666666666661 ], [ 139.8625, 35.083333333333329 ], [ 139.875, 35.083333333333336 ] ] ] } },
{ "type": "Feature", "properties": { "mesh": "52395618", "n_rl_records": 2, "n_rl_species": 2, "score_species_weighted": 5, "n_cr_en_species": 1, "effort_records": 101, "low_effort": false, "rl_record_share": 0.019801980198019802 }, "geometry": { "type": "Polygon", "coordinates": [ [ [ 139.8625, 35.091666666666661 ], [ 139.8625, 35.1 ], [ 139.85, 35.1 ], [ 139.85, 35.091666666666669 ], [ 139.8625, 35.091666666666661 ] ] ] } },
{ "type": "Feature", "properties": { "mesh": "52395619", "n_rl_records": 3, "n_rl_species": 2, "score_species_weighted": 3, "n_cr_en_species": 0, "effort_records": 157, "low_effort": false, "rl_record_share": 0.019108280254777069 }, "geometry": { "type": "Polygon", "coordinates": [ [ [ 139.875, 35.091666666666669 ], [ 139.875, 35.1 ], [ 139.8625, 35.1 ], [ 139.8625, 35.091666666666661 ], [ 139.875, 35.091666666666669 ] ] ] } },
{ "type": "Feature", "properties": { "mesh": "52395627", "n_rl_records": 2, "n_rl_species": 1, "score_species_weighted": 1, "n_cr_en_species": 0, "effort_records": 20, "low_effort": false, "rl_record_share": 0.1 }, "geometry": { "type": "Polygon", "coordinates": [ [ [ 139.85, 35.1 ], [ 139.85, 35.108333333333334 ], [ 139.8375, 35.108333333333334 ], [ 139.8375, 35.1 ], [ 139.85, 35.1 ] ] ] } },
{ "type": "Feature", "properties": { "mesh": "52395669", "n_rl_records": 3, "n_rl_species": 2, "score_species_weighted": 5, "n_cr_en_species": 1, "effort_records": 38, "low_effort": false, "rl_record_share": 0.078947368421052627 }, "geometry": { "type": "Polygon", "coordinates": [ [ [ 139.875, 35.13333333333334 ], [ 139.875, 35.14166666666668 ], [ 139.8625, 35.14166666666668 ], [ 139.8625, 35.13333333333334 ], [ 139.875, 35.13333333333334 ] ] ] } },
{ "type": "Feature", "properties": { "mesh": "52395676", "n_rl_records": 1, "n_rl_species": 1, "score_species_weighted": 4, "n_cr_en_species": 1, "effort_records": 32, "low_effort": false, "rl_record_share": 0.03125 }, "geometry": { "type": "Polygon", "coordinates": [ [ [ 139.8375, 35.14166666666668 ], [ 139.8375, 35.15 ], [ 139.825, 35.15 ], [ 139.825, 35.141666666666673 ], [ 139.8375, 35.14166666666668 ] ] ] } },
{ "type": "Feature", "properties": { "mesh": "52395686", "n_rl_records": 15, "n_rl_species": 4, "score_species_weighted": 11, "n_cr_en_species": 2, "effort_records": 184, "low_effort": false, "rl_record_share": 0.081521739130434784 }, "geometry": { "type": "Polygon", "coordinates": [ [ [ 139.8375, 35.15 ], [ 139.8375, 35.158333333333331 ], [ 139.825, 35.158333333333331 ], [ 139.825, 35.15 ], [ 139.8375, 35.15 ] ] ] } },
{ "type": "Feature", "properties": { "mesh": "52395695", "n_rl_records": 2, "n_rl_species": 2, "score_species_weighted": 5, "n_cr_en_species": 1, "effort_records": 106, "low_effort": false, "rl_record_share": 0.018867924528301886 }, "geometry": { "type": "Polygon", "coordinates": [ [ [ 139.825, 35.158333333333331 ], [ 139.825, 35.166666666666664 ], [ 139.8125, 35.166666666666657 ], [ 139.8125, 35.158333333333331 ], [ 139.825, 35.158333333333331 ] ] ] } },
{ "type": "Feature", "properties": { "mesh": "52395696", "n_rl_records": 2, "n_rl_species": 2, "score_species_weighted": 2, "n_cr_en_species": 0, "effort_records": 312, "low_effort": false, "rl_record_share": 0.00641025641025641 }, "geometry": { "type": "Polygon", "coordinates": [ [ [ 139.8375, 35.158333333333331 ], [ 139.8375, 35.166666666666664 ], [ 139.825, 35.166666666666664 ], [ 139.825, 35.158333333333331 ], [ 139.8375, 35.158333333333331 ] ] ] } },
{ "type": "Feature", "properties": { "mesh": "52395705", "n_rl_records": 2, "n_rl_species": 2, "score_species_weighted": 4, "n_cr_en_species": 1, "effort_records": 179, "low_effort": false, "rl_record_share": 0.0111731843575419 }, "geometry": { "type": "Polygon", "coordinates": [ [ [ 139.95, 35.083333333333336 ], [ 139.95, 35.091666666666661 ], [ 139.9375, 35.091666666666676 ], [ 139.9375, 35.083333333333336 ], [ 139.95, 35.083333333333336 ] ] ] } },
{ "type": "Feature", "properties": { "mesh": "52395722", "n_rl_records": 2, "n_rl_species": 2, "score_species_weighted": 5, "n_cr_en_species": 1, "effort_records": 115, "low_effort": false, "rl_record_share": 0.017391304347826087 }, "geometry": { "type": "Polygon", "coordinates": [ [ [ 139.9125, 35.1 ], [ 139.9125, 35.108333333333334 ], [ 139.9, 35.108333333333334 ], [ 139.9, 35.1 ], [ 139.9125, 35.1 ] ] ] } },
{ "type": "Feature", "properties": { "mesh": "52395731", "n_rl_records": 2, "n_rl_species": 1, "score_species_weighted": 3, "n_cr_en_species": 1, "effort_records": 27, "low_effort": false, "rl_record_share": 0.07407407407407407 }, "geometry": { "type": "Polygon", "coordinates": [ [ [ 139.9, 35.108333333333334 ], [ 139.9, 35.116666666666674 ], [ 139.8875, 35.11666666666666 ], [ 139.8875, 35.108333333333334 ], [ 139.9, 35.108333333333334 ] ] ] } },
{ "type": "Feature", "properties": { "mesh": "52395740", "n_rl_records": 1, "n_rl_species": 1, "score_species_weighted": 3, "n_cr_en_species": 1, "effort_records": 6, "low_effort": true, "rl_record_share": 0.16666666666666666 }, "geometry": { "type": "Polygon", "coordinates": [ [ [ 139.8875, 35.11666666666666 ], [ 139.8875, 35.125 ], [ 139.875, 35.125 ], [ 139.875, 35.116666666666667 ], [ 139.8875, 35.11666666666666 ] ] ] } },
{ "type": "Feature", "properties": { "mesh": "52395741", "n_rl_records": 7, "n_rl_species": 2, "score_species_weighted": 3, "n_cr_en_species": 0, "effort_records": 102, "low_effort": false, "rl_record_share": 0.068627450980392163 }, "geometry": { "type": "Polygon", "coordinates": [ [ [ 139.9, 35.116666666666674 ], [ 139.9, 35.125 ], [ 139.8875, 35.125 ], [ 139.8875, 35.11666666666666 ], [ 139.9, 35.116666666666674 ] ] ] } },
{ "type": "Feature", "properties": { "mesh": "52395742", "n_rl_records": 3, "n_rl_species": 2, "score_species_weighted": 5, "n_cr_en_species": 1, "effort_records": 34, "low_effort": false, "rl_record_share": 0.088235294117647065 }, "geometry": { "type": "Polygon", "coordinates": [ [ [ 139.9125, 35.116666666666674 ], [ 139.9125, 35.125 ], [ 139.9, 35.125 ], [ 139.9, 35.116666666666674 ], [ 139.9125, 35.116666666666674 ] ] ] } },
{ "type": "Feature", "properties": { "mesh": "52395757", "n_rl_records": 1, "n_rl_species": 1, "score_species_weighted": 2, "n_cr_en_species": 0, "effort_records": 9, "low_effort": true, "rl_record_share": 0.1111111111111111 }, "geometry": { "type": "Polygon", "coordinates": [ [ [ 139.975, 35.125 ], [ 139.975, 35.133333333333347 ], [ 139.9625, 35.13333333333334 ], [ 139.9625, 35.125 ], [ 139.975, 35.125 ] ] ] } },
{ "type": "Feature", "properties": { "mesh": "52395786", "n_rl_records": 1, "n_rl_species": 1, "score_species_weighted": 3, "n_cr_en_species": 1, "effort_records": 16, "low_effort": true, "rl_record_share": 0.0625 }, "geometry": { "type": "Polygon", "coordinates": [ [ [ 139.9625, 35.15 ], [ 139.9625, 35.158333333333331 ], [ 139.95, 35.158333333333331 ], [ 139.95, 35.15 ], [ 139.9625, 35.15 ] ] ] } },
{ "type": "Feature", "properties": { "mesh": "52395799", "n_rl_records": 1, "n_rl_species": 1, "score_species_weighted": 1, "n_cr_en_species": 0, "effort_records": 54, "low_effort": false, "rl_record_share": 0.018518518518518517 }, "geometry": { "type": "Polygon", "coordinates": [ [ [ 140.0, 35.158333333333324 ], [ 140.0, 35.166666666666664 ], [ 139.9875, 35.166666666666664 ], [ 139.9875, 35.158333333333339 ], [ 140.0, 35.158333333333324 ] ] ] } },
{ "type": "Feature", "properties": { "mesh": "52396605", "n_rl_records": 1, "n_rl_species": 1, "score_species_weighted": 2, "n_cr_en_species": 0, "effort_records": 67, "low_effort": false, "rl_record_share": 0.014925373134328358 }, "geometry": { "type": "Polygon", "coordinates": [ [ [ 139.825, 35.166666666666664 ], [ 139.825, 35.175 ], [ 139.8125, 35.175 ], [ 139.8125, 35.166666666666657 ], [ 139.825, 35.166666666666664 ] ] ] } },
{ "type": "Feature", "properties": { "mesh": "52396669", "n_rl_records": 7, "n_rl_species": 5, "score_species_weighted": 14, "n_cr_en_species": 3, "effort_records": 112, "low_effort": false, "rl_record_share": 0.0625 }, "geometry": { "type": "Polygon", "coordinates": [ [ [ 139.875, 35.216666666666669 ], [ 139.875, 35.225 ], [ 139.8625, 35.225 ], [ 139.8625, 35.216666666666669 ], [ 139.875, 35.216666666666669 ] ] ] } },
{ "type": "Feature", "properties": { "mesh": "52396703", "n_rl_records": 6, "n_rl_species": 4, "score_species_weighted": 7, "n_cr_en_species": 1, "effort_records": 466, "low_effort": false, "rl_record_share": 0.012875536480686695 }, "geometry": { "type": "Polygon", "coordinates": [ [ [ 139.925, 35.166666666666664 ], [ 139.925, 35.175 ], [ 139.9125, 35.175 ], [ 139.9125, 35.166666666666664 ], [ 139.925, 35.166666666666664 ] ] ] } },
{ "type": "Feature", "properties": { "mesh": "52396706", "n_rl_records": 7, "n_rl_species": 2, "score_species_weighted": 3, "n_cr_en_species": 0, "effort_records": 47, "low_effort": false, "rl_record_share": 0.14893617021276595 }, "geometry": { "type": "Polygon", "coordinates": [ [ [ 139.9625, 35.166666666666657 ], [ 139.9625, 35.175 ], [ 139.95, 35.175 ], [ 139.95, 35.166666666666664 ], [ 139.9625, 35.166666666666657 ] ] ] } },
{ "type": "Feature", "properties": { "mesh": "52396708", "n_rl_records": 3, "n_rl_species": 2, "score_species_weighted": 5, "n_cr_en_species": 1, "effort_records": 59, "low_effort": false, "rl_record_share": 0.050847457627118647 }, "geometry": { "type": "Polygon", "coordinates": [ [ [ 139.9875, 35.166666666666664 ], [ 139.9875, 35.175 ], [ 139.975, 35.175 ], [ 139.975, 35.166666666666664 ], [ 139.9875, 35.166666666666664 ] ] ] } },
{ "type": "Feature", "properties": { "mesh": "52396713", "n_rl_records": 1, "n_rl_species": 1, "score_species_weighted": 4, "n_cr_en_species": 1, "effort_records": 21, "low_effort": false, "rl_record_share": 0.047619047619047616 }, "geometry": { "type": "Polygon", "coordinates": [ [ [ 139.925, 35.175 ], [ 139.925, 35.183333333333323 ], [ 139.9125, 35.18333333333333 ], [ 139.9125, 35.175 ], [ 139.925, 35.175 ] ] ] } },
{ "type": "Feature", "properties": { "mesh": "52396728", "n_rl_records": 1, "n_rl_species": 1, "score_species_weighted": 3, "n_cr_en_species": 1, "effort_records": 40, "low_effort": false, "rl_record_share": 0.025 }, "geometry": { "type": "Polygon", "coordinates": [ [ [ 139.9875, 35.18333333333333 ], [ 139.9875, 35.191666666666656 ], [ 139.975, 35.191666666666656 ], [ 139.975, 35.18333333333333 ], [ 139.9875, 35.18333333333333 ] ] ] } },
{ "type": "Feature", "properties": { "mesh": "52396738", "n_rl_records": 1, "n_rl_species": 1, "score_species_weighted": 4, "n_cr_en_species": 1, "effort_records": 34, "low_effort": false, "rl_record_share": 0.029411764705882353 }, "geometry": { "type": "Polygon", "coordinates": [ [ [ 139.9875, 35.191666666666656 ], [ 139.9875, 35.2 ], [ 139.975, 35.2 ], [ 139.975, 35.191666666666656 ], [ 139.9875, 35.191666666666656 ] ] ] } },
{ "type": "Feature", "properties": { "mesh": "52396739", "n_rl_records": 2, "n_rl_species": 2, "score_species_weighted": 5, "n_cr_en_species": 1, "effort_records": 243, "low_effort": false, "rl_record_share": 0.00823045267489712 }, "geometry": { "type": "Polygon", "coordinates": [ [ [ 140.0, 35.191666666666663 ], [ 140.0, 35.2 ], [ 139.9875, 35.2 ], [ 139.9875, 35.191666666666656 ], [ 140.0, 35.191666666666663 ] ] ] } },
{ "type": "Feature", "properties": { "mesh": "52396741", "n_rl_records": 2, "n_rl_species": 1, "score_species_weighted": 1, "n_cr_en_species": 0, "effort_records": 33, "low_effort": false, "rl_record_share": 0.060606060606060608 }, "geometry": { "type": "Polygon", "coordinates": [ [ [ 139.9, 35.2 ], [ 139.9, 35.208333333333336 ], [ 139.8875, 35.208333333333336 ], [ 139.8875, 35.2 ], [ 139.9, 35.2 ] ] ] } },
{ "type": "Feature", "properties": { "mesh": "52396745", "n_rl_records": 1, "n_rl_species": 1, "score_species_weighted": 2, "n_cr_en_species": 0, "effort_records": 27, "low_effort": false, "rl_record_share": 0.037037037037037035 }, "geometry": { "type": "Polygon", "coordinates": [ [ [ 139.95, 35.2 ], [ 139.95, 35.208333333333336 ], [ 139.9375, 35.208333333333336 ], [ 139.9375, 35.2 ], [ 139.95, 35.2 ] ] ] } },
{ "type": "Feature", "properties": { "mesh": "52396760", "n_rl_records": 4, "n_rl_species": 2, "score_species_weighted": 3, "n_cr_en_species": 0, "effort_records": 19, "low_effort": true, "rl_record_share": 0.21052631578947367 }, "geometry": { "type": "Polygon", "coordinates": [ [ [ 139.8875, 35.216666666666661 ], [ 139.8875, 35.225 ], [ 139.875, 35.225 ], [ 139.875, 35.216666666666669 ], [ 139.8875, 35.216666666666661 ] ] ] } },
{ "type": "Feature", "properties": { "mesh": "52396770", "n_rl_records": 1, "n_rl_species": 1, "score_species_weighted": 3, "n_cr_en_species": 1, "effort_records": 7, "low_effort": true, "rl_record_share": 0.14285714285714285 }, "geometry": { "type": "Polygon", "coordinates": [ [ [ 139.8875, 35.225 ], [ 139.8875, 35.23333333333332 ], [ 139.875, 35.233333333333327 ], [ 139.875, 35.225 ], [ 139.8875, 35.225 ] ] ] } },
{ "type": "Feature", "properties": { "mesh": "52396776", "n_rl_records": 1, "n_rl_species": 1, "score_species_weighted": 1, "n_cr_en_species": 0, "effort_records": 14, "low_effort": true, "rl_record_share": 0.071428571428571425 }, "geometry": { "type": "Polygon", "coordinates": [ [ [ 139.9625, 35.225 ], [ 139.9625, 35.233333333333334 ], [ 139.95, 35.233333333333327 ], [ 139.95, 35.225 ], [ 139.9625, 35.225 ] ] ] } },
{ "type": "Feature", "properties": { "mesh": "52396778", "n_rl_records": 1, "n_rl_species": 1, "score_species_weighted": 1, "n_cr_en_species": 0, "effort_records": 43, "low_effort": false, "rl_record_share": 0.023255813953488372 }, "geometry": { "type": "Polygon", "coordinates": [ [ [ 139.9875, 35.225 ], [ 139.9875, 35.233333333333327 ], [ 139.975, 35.233333333333327 ], [ 139.975, 35.225 ], [ 139.9875, 35.225 ] ] ] } },
{ "type": "Feature", "properties": { "mesh": "52396789", "n_rl_records": 1, "n_rl_species": 1, "score_species_weighted": 3, "n_cr_en_species": 1, "effort_records": 74, "low_effort": false, "rl_record_share": 0.013513513513513514 }, "geometry": { "type": "Polygon", "coordinates": [ [ [ 140.0, 35.233333333333327 ], [ 140.0, 35.241666666666667 ], [ 139.9875, 35.241666666666667 ], [ 139.9875, 35.233333333333327 ], [ 140.0, 35.233333333333327 ] ] ] } },
{ "type": "Feature", "properties": { "mesh": "52397648", "n_rl_records": 2, "n_rl_species": 1, "score_species_weighted": 3, "n_cr_en_species": 1, "effort_records": 9, "low_effort": true, "rl_record_share": 0.22222222222222221 }, "geometry": { "type": "Polygon", "coordinates": [ [ [ 139.8625, 35.283333333333331 ], [ 139.8625, 35.291666666666664 ], [ 139.85, 35.291666666666664 ], [ 139.85, 35.283333333333331 ], [ 139.8625, 35.283333333333331 ] ] ] } },
{ "type": "Feature", "properties": { "mesh": "52397668", "n_rl_records": 4, "n_rl_species": 2, "score_species_weighted": 5, "n_cr_en_species": 1, "effort_records": 216, "low_effort": false, "rl_record_share": 0.018518518518518517 }, "geometry": { "type": "Polygon", "coordinates": [ [ [ 139.8625, 35.3 ], [ 139.8625, 35.308333333333337 ], [ 139.85, 35.308333333333323 ], [ 139.85, 35.3 ], [ 139.8625, 35.3 ] ] ] } },
{ "type": "Feature", "properties": { "mesh": "52397669", "n_rl_records": 2, "n_rl_species": 1, "score_species_weighted": 1, "n_cr_en_species": 0, "effort_records": 30, "low_effort": false, "rl_record_share": 0.066666666666666666 }, "geometry": { "type": "Polygon", "coordinates": [ [ [ 139.875, 35.3 ], [ 139.875, 35.308333333333337 ], [ 139.8625, 35.308333333333337 ], [ 139.8625, 35.3 ], [ 139.875, 35.3 ] ] ] } },
{ "type": "Feature", "properties": { "mesh": "52397672", "n_rl_records": 9, "n_rl_species": 5, "score_species_weighted": 13, "n_cr_en_species": 2, "effort_records": 107, "low_effort": false, "rl_record_share": 0.084112149532710276 }, "geometry": { "type": "Polygon", "coordinates": [ [ [ 139.7875, 35.30833333333333 ], [ 139.7875, 35.31666666666667 ], [ 139.775, 35.316666666666663 ], [ 139.775, 35.308333333333337 ], [ 139.7875, 35.30833333333333 ] ] ] } },
{ "type": "Feature", "properties": { "mesh": "52397673", "n_rl_records": 1, "n_rl_species": 1, "score_species_weighted": 4, "n_cr_en_species": 1, "effort_records": 83, "low_effort": false, "rl_record_share": 0.012048192771084338 }, "geometry": { "type": "Polygon", "coordinates": [ [ [ 139.8, 35.30833333333333 ], [ 139.8, 35.316666666666663 ], [ 139.7875, 35.31666666666667 ], [ 139.7875, 35.30833333333333 ], [ 139.8, 35.30833333333333 ] ] ] } },
{ "type": "Feature", "properties": { "mesh": "52397674", "n_rl_records": 7, "n_rl_species": 3, "score_species_weighted": 4, "n_cr_en_species": 0, "effort_records": 281, "low_effort": false, "rl_record_share": 0.02491103202846975 }, "geometry": { "type": "Polygon", "coordinates": [ [ [ 139.8125, 35.308333333333344 ], [ 139.8125, 35.316666666666663 ], [ 139.8, 35.316666666666663 ], [ 139.8, 35.30833333333333 ], [ 139.8125, 35.308333333333344 ] ] ] } },
{ "type": "Feature", "properties": { "mesh": "52397685", "n_rl_records": 4, "n_rl_species": 2, "score_species_weighted": 6, "n_cr_en_species": 1, "effort_records": 37, "low_effort": false, "rl_record_share": 0.10810810810810811 }, "geometry": { "type": "Polygon", "coordinates": [ [ [ 139.825, 35.31666666666667 ], [ 139.825, 35.325 ], [ 139.8125, 35.325 ], [ 139.8125, 35.316666666666663 ], [ 139.825, 35.31666666666667 ] ] ] } },
{ "type": "Feature", "properties": { "mesh": "52397686", "n_rl_records": 4, "n_rl_species": 3, "score_species_weighted": 7, "n_cr_en_species": 2, "effort_records": 64, "low_effort": false, "rl_record_share": 0.0625 }, "geometry": { "type": "Polygon", "coordinates": [ [ [ 139.8375, 35.31666666666667 ], [ 139.8375, 35.325 ], [ 139.825, 35.325 ], [ 139.825, 35.31666666666667 ], [ 139.8375, 35.31666666666667 ] ] ] } },
{ "type": "Feature", "properties": { "mesh": "52397698", "n_rl_records": 1, "n_rl_species": 1, "score_species_weighted": 2, "n_cr_en_species": 0, "effort_records": 19, "low_effort": true, "rl_record_share": 0.052631578947368418 }, "geometry": { "type": "Polygon", "coordinates": [ [ [ 139.8625, 35.325 ], [ 139.8625, 35.333333333333343 ], [ 139.85, 35.33333333333335 ], [ 139.85, 35.325 ], [ 139.8625, 35.325 ] ] ] } },
{ "type": "Feature", "properties": { "mesh": "52397707", "n_rl_records": 5, "n_rl_species": 3, "score_species_weighted": 9, "n_cr_en_species": 2, "effort_records": 103, "low_effort": false, "rl_record_share": 0.048543689320388349 }, "geometry": { "type": "Polygon", "coordinates": [ [ [ 139.975, 35.25 ], [ 139.975, 35.258333333333333 ], [ 139.9625, 35.25833333333334 ], [ 139.9625, 35.25 ], [ 139.975, 35.25 ] ] ] } },
{ "type": "Feature", "properties": { "mesh": "52397709", "n_rl_records": 19, "n_rl_species": 2, "score_species_weighted": 3, "n_cr_en_species": 0, "effort_records": 42, "low_effort": false, "rl_record_share": 0.45238095238095238 }, "geometry": { "type": "Polygon", "coordinates": [ [ [ 140.0, 35.25 ], [ 140.0, 35.258333333333333 ], [ 139.9875, 35.258333333333326 ], [ 139.9875, 35.25 ], [ 140.0, 35.25 ] ] ] } },
{ "type": "Feature", "properties": { "mesh": "52397718", "n_rl_records": 1, "n_rl_species": 1, "score_species_weighted": 2, "n_cr_en_species": 0, "effort_records": 33, "low_effort": false, "rl_record_share": 0.030303030303030304 }, "geometry": { "type": "Polygon", "coordinates": [ [ [ 139.9875, 35.258333333333326 ], [ 139.9875, 35.266666666666666 ], [ 139.975, 35.266666666666666 ], [ 139.975, 35.258333333333333 ], [ 139.9875, 35.258333333333326 ] ] ] } },
{ "type": "Feature", "properties": { "mesh": "52397720", "n_rl_records": 3, "n_rl_species": 1, "score_species_weighted": 2, "n_cr_en_species": 0, "effort_records": 52, "low_effort": false, "rl_record_share": 0.057692307692307696 }, "geometry": { "type": "Polygon", "coordinates": [ [ [ 139.8875, 35.266666666666666 ], [ 139.8875, 35.275 ], [ 139.875, 35.275 ], [ 139.875, 35.266666666666659 ], [ 139.8875, 35.266666666666666 ] ] ] } },
{ "type": "Feature", "properties": { "mesh": "52397721", "n_rl_records": 1, "n_rl_species": 1, "score_species_weighted": 2, "n_cr_en_species": 0, "effort_records": 21, "low_effort": false, "rl_record_share": 0.047619047619047616 }, "geometry": { "type": "Polygon", "coordinates": [ [ [ 139.9, 35.266666666666659 ], [ 139.9, 35.275 ], [ 139.8875, 35.275 ], [ 139.8875, 35.266666666666666 ], [ 139.9, 35.266666666666659 ] ] ] } },
{ "type": "Feature", "properties": { "mesh": "52397784", "n_rl_records": 2, "n_rl_species": 2, "score_species_weighted": 7, "n_cr_en_species": 2, "effort_records": 9, "low_effort": true, "rl_record_share": 0.22222222222222221 }, "geometry": { "type": "Polygon", "coordinates": [ [ [ 139.9375, 35.31666666666667 ], [ 139.9375, 35.325 ], [ 139.925, 35.325 ], [ 139.925, 35.31666666666667 ], [ 139.9375, 35.31666666666667 ] ] ] } },
{ "type": "Feature", "properties": { "mesh": "52397788", "n_rl_records": 3, "n_rl_species": 3, "score_species_weighted": 5, "n_cr_en_species": 1, "effort_records": 26, "low_effort": false, "rl_record_share": 0.11538461538461539 }, "geometry": { "type": "Polygon", "coordinates": [ [ [ 139.9875, 35.31666666666667 ], [ 139.9875, 35.325 ], [ 139.975, 35.325 ], [ 139.975, 35.31666666666667 ], [ 139.9875, 35.31666666666667 ] ] ] } },
{ "type": "Feature", "properties": { "mesh": "52397790", "n_rl_records": 1, "n_rl_species": 1, "score_species_weighted": 2, "n_cr_en_species": 0, "effort_records": 15, "low_effort": true, "rl_record_share": 0.066666666666666666 }, "geometry": { "type": "Polygon", "coordinates": [ [ [ 139.8875, 35.325 ], [ 139.8875, 35.333333333333343 ], [ 139.875, 35.33333333333335 ], [ 139.875, 35.325 ], [ 139.8875, 35.325 ] ] ] } },
{ "type": "Feature", "properties": { "mesh": "52397792", "n_rl_records": 2, "n_rl_species": 1, "score_species_weighted": 4, "n_cr_en_species": 1, "effort_records": 289, "low_effort": false, "rl_record_share": 0.006920415224913495 }, "geometry": { "type": "Polygon", "coordinates": [ [ [ 139.9125, 35.325 ], [ 139.9125, 35.333333333333343 ], [ 139.9, 35.333333333333343 ], [ 139.9, 35.325 ], [ 139.9125, 35.325 ] ] ] } },
{ "type": "Feature", "properties": { "mesh": "52404041", "n_rl_records": 1, "n_rl_species": 1, "score_species_weighted": 2, "n_cr_en_species": 0, "effort_records": 10, "low_effort": true, "rl_record_share": 0.1 }, "geometry": { "type": "Polygon", "coordinates": [ [ [ 140.025, 35.033333333333324 ], [ 140.025, 35.041666666666664 ], [ 140.0125, 35.041666666666664 ], [ 140.0125, 35.033333333333324 ], [ 140.025, 35.033333333333324 ] ] ] } },
{ "type": "Feature", "properties": { "mesh": "52405007", "n_rl_records": 1, "n_rl_species": 1, "score_species_weighted": 2, "n_cr_en_species": 0, "effort_records": 75, "low_effort": false, "rl_record_share": 0.013333333333333334 }, "geometry": { "type": "Polygon", "coordinates": [ [ [ 140.1, 35.083333333333336 ], [ 140.1, 35.091666666666669 ], [ 140.0875, 35.091666666666676 ], [ 140.0875, 35.083333333333343 ], [ 140.1, 35.083333333333336 ] ] ] } },
{ "type": "Feature", "properties": { "mesh": "52405020", "n_rl_records": 1, "n_rl_species": 1, "score_species_weighted": 4, "n_cr_en_species": 1, "effort_records": 61, "low_effort": false, "rl_record_share": 0.016393442622950821 }, "geometry": { "type": "Polygon", "coordinates": [ [ [ 140.0125, 35.1 ], [ 140.0125, 35.108333333333334 ], [ 140.0, 35.108333333333327 ], [ 140.0, 35.1 ], [ 140.0125, 35.1 ] ] ] } },
{ "type": "Feature", "properties": { "mesh": "52405028", "n_rl_records": 5, "n_rl_species": 3, "score_species_weighted": 9, "n_cr_en_species": 2, "effort_records": 160, "low_effort": false, "rl_record_share": 0.03125 }, "geometry": { "type": "Polygon", "coordinates": [ [ [ 140.1125, 35.1 ], [ 140.1125, 35.108333333333327 ], [ 140.1, 35.108333333333334 ], [ 140.1, 35.1 ], [ 140.1125, 35.1 ] ] ] } },
{ "type": "Feature", "properties": { "mesh": "52405031", "n_rl_records": 3, "n_rl_species": 2, "score_species_weighted": 5, "n_cr_en_species": 1, "effort_records": 164, "low_effort": false, "rl_record_share": 0.018292682926829267 }, "geometry": { "type": "Polygon", "coordinates": [ [ [ 140.025, 35.108333333333334 ], [ 140.025, 35.116666666666667 ], [ 140.0125, 35.116666666666667 ], [ 140.0125, 35.108333333333334 ], [ 140.025, 35.108333333333334 ] ] ] } },
{ "type": "Feature", "properties": { "mesh": "52405037", "n_rl_records": 2, "n_rl_species": 1, "score_species_weighted": 1, "n_cr_en_species": 0, "effort_records": 74, "low_effort": false, "rl_record_share": 0.027027027027027029 }, "geometry": { "type": "Polygon", "coordinates": [ [ [ 140.1, 35.108333333333334 ], [ 140.1, 35.116666666666667 ], [ 140.0875, 35.116666666666667 ], [ 140.0875, 35.108333333333334 ], [ 140.1, 35.108333333333334 ] ] ] } },
{ "type": "Feature", "properties": { "mesh": "52405038", "n_rl_records": 2, "n_rl_species": 2, "score_species_weighted": 2, "n_cr_en_species": 0, "effort_records": 119, "low_effort": false, "rl_record_share": 0.01680672268907563 }, "geometry": { "type": "Polygon", "coordinates": [ [ [ 140.1125, 35.108333333333327 ], [ 140.1125, 35.116666666666667 ], [ 140.1, 35.116666666666667 ], [ 140.1, 35.108333333333334 ], [ 140.1125, 35.108333333333327 ] ] ] } },
{ "type": "Feature", "properties": { "mesh": "52405039", "n_rl_records": 3, "n_rl_species": 3, "score_species_weighted": 9, "n_cr_en_species": 2, "effort_records": 47, "low_effort": false, "rl_record_share": 0.063829787234042548 }, "geometry": { "type": "Polygon", "coordinates": [ [ [ 140.125, 35.108333333333334 ], [ 140.125, 35.116666666666667 ], [ 140.1125, 35.116666666666667 ], [ 140.1125, 35.108333333333327 ], [ 140.125, 35.108333333333334 ] ] ] } },
{ "type": "Feature", "properties": { "mesh": "52405045", "n_rl_records": 6, "n_rl_species": 1, "score_species_weighted": 4, "n_cr_en_species": 1, "effort_records": 67, "low_effort": false, "rl_record_share": 0.089552238805970144 }, "geometry": { "type": "Polygon", "coordinates": [ [ [ 140.075, 35.116666666666674 ], [ 140.075, 35.125 ], [ 140.0625, 35.125 ], [ 140.0625, 35.11666666666666 ], [ 140.075, 35.116666666666674 ] ] ] } },
{ "type": "Feature", "properties": { "mesh": "52405046", "n_rl_records": 4, "n_rl_species": 2, "score_species_weighted": 5, "n_cr_en_species": 1, "effort_records": 59, "low_effort": false, "rl_record_share": 0.067796610169491525 }, "geometry": { "type": "Polygon", "coordinates": [ [ [ 140.0875, 35.116666666666667 ], [ 140.0875, 35.125 ], [ 140.075, 35.125 ], [ 140.075, 35.116666666666674 ], [ 140.0875, 35.116666666666667 ] ] ] } },
{ "type": "Feature", "properties": { "mesh": "52405057", "n_rl_records": 1, "n_rl_species": 1, "score_species_weighted": 2, "n_cr_en_species": 0, "effort_records": 56, "low_effort": false, "rl_record_share": 0.017857142857142856 }, "geometry": { "type": "Polygon", "coordinates": [ [ [ 140.1, 35.125 ], [ 140.1, 35.13333333333334 ], [ 140.0875, 35.13333333333334 ], [ 140.0875, 35.125 ], [ 140.1, 35.125 ] ] ] } },
{ "type": "Feature", "properties": { "mesh": "52405070", "n_rl_records": 1, "n_rl_species": 1, "score_species_weighted": 4, "n_cr_en_species": 1, "effort_records": 6, "low_effort": true, "rl_record_share": 0.16666666666666666 }, "geometry": { "type": "Polygon", "coordinates": [ [ [ 140.0125, 35.141666666666666 ], [ 140.0125, 35.15 ], [ 140.0, 35.15 ], [ 140.0, 35.141666666666666 ], [ 140.0125, 35.141666666666666 ] ] ] } },
{ "type": "Feature", "properties": { "mesh": "52405080", "n_rl_records": 5, "n_rl_species": 2, "score_species_weighted": 5, "n_cr_en_species": 1, "effort_records": 112, "low_effort": false, "rl_record_share": 0.044642857142857144 }, "geometry": { "type": "Polygon", "coordinates": [ [ [ 140.0125, 35.15 ], [ 140.0125, 35.158333333333331 ], [ 140.0, 35.158333333333324 ], [ 140.0, 35.15 ], [ 140.0125, 35.15 ] ] ] } },
{ "type": "Feature", "properties": { "mesh": "52405086", "n_rl_records": 1, "n_rl_species": 1, "score_species_weighted": 2, "n_cr_en_species": 0, "effort_records": 34, "low_effort": false, "rl_record_share": 0.029411764705882353 }, "geometry": { "type": "Polygon", "coordinates": [ [ [ 140.0875, 35.15 ], [ 140.0875, 35.158333333333324 ], [ 140.075, 35.158333333333324 ], [ 140.075, 35.15 ], [ 140.0875, 35.15 ] ] ] } },
{ "type": "Feature", "properties": { "mesh": "52405140", "n_rl_records": 1, "n_rl_species": 1, "score_species_weighted": 4, "n_cr_en_species": 1, "effort_records": 52, "low_effort": false, "rl_record_share": 0.019230769230769232 }, "geometry": { "type": "Polygon", "coordinates": [ [ [ 140.1375, 35.116666666666667 ], [ 140.1375, 35.125 ], [ 140.125, 35.125 ], [ 140.125, 35.116666666666667 ], [ 140.1375, 35.116666666666667 ] ] ] } },
{ "type": "Feature", "properties": { "mesh": "52405143", "n_rl_records": 1, "n_rl_species": 1, "score_species_weighted": 4, "n_cr_en_species": 1, "effort_records": 31, "low_effort": false, "rl_record_share": 0.032258064516129031 }, "geometry": { "type": "Polygon", "coordinates": [ [ [ 140.175, 35.116666666666667 ], [ 140.175, 35.125 ], [ 140.1625, 35.125 ], [ 140.1625, 35.116666666666667 ], [ 140.175, 35.116666666666667 ] ] ] } },
{ "type": "Feature", "properties": { "mesh": "52405145", "n_rl_records": 1, "n_rl_species": 1, "score_species_weighted": 2, "n_cr_en_species": 0, "effort_records": 66, "low_effort": false, "rl_record_share": 0.015151515151515152 }, "geometry": { "type": "Polygon", "coordinates": [ [ [ 140.2, 35.116666666666667 ], [ 140.2, 35.125 ], [ 140.1875, 35.125 ], [ 140.1875, 35.116666666666667 ], [ 140.2, 35.116666666666667 ] ] ] } },
{ "type": "Feature", "properties": { "mesh": "52405168", "n_rl_records": 2, "n_rl_species": 2, "score_species_weighted": 7, "n_cr_en_species": 2, "effort_records": 30, "low_effort": false, "rl_record_share": 0.066666666666666666 }, "geometry": { "type": "Polygon", "coordinates": [ [ [ 140.2375, 35.13333333333334 ], [ 140.2375, 35.141666666666666 ], [ 140.225, 35.141666666666666 ], [ 140.225, 35.13333333333334 ], [ 140.2375, 35.13333333333334 ] ] ] } },
{ "type": "Feature", "properties": { "mesh": "52405169", "n_rl_records": 1, "n_rl_species": 1, "score_species_weighted": 4, "n_cr_en_species": 1, "effort_records": 25, "low_effort": false, "rl_record_share": 0.04 }, "geometry": { "type": "Polygon", "coordinates": [ [ [ 140.25, 35.13333333333334 ], [ 140.25, 35.141666666666666 ], [ 140.2375, 35.141666666666666 ], [ 140.2375, 35.13333333333334 ], [ 140.25, 35.13333333333334 ] ] ] } },
{ "type": "Feature", "properties": { "mesh": "52405175", "n_rl_records": 1, "n_rl_species": 1, "score_species_weighted": 1, "n_cr_en_species": 0, "effort_records": 3, "low_effort": true, "rl_record_share": 0.33333333333333331 }, "geometry": { "type": "Polygon", "coordinates": [ [ [ 140.2, 35.14166666666668 ], [ 140.2, 35.15 ], [ 140.1875, 35.15 ], [ 140.1875, 35.141666666666666 ], [ 140.2, 35.14166666666668 ] ] ] } },
{ "type": "Feature", "properties": { "mesh": "52405181", "n_rl_records": 7, "n_rl_species": 4, "score_species_weighted": 11, "n_cr_en_species": 3, "effort_records": 218, "low_effort": false, "rl_record_share": 0.032110091743119268 }, "geometry": { "type": "Polygon", "coordinates": [ [ [ 140.15, 35.15 ], [ 140.15, 35.158333333333324 ], [ 140.1375, 35.158333333333324 ], [ 140.1375, 35.15 ], [ 140.15, 35.15 ] ] ] } },
{ "type": "Feature", "properties": { "mesh": "52405182", "n_rl_records": 1, "n_rl_species": 1, "score_species_weighted": 4, "n_cr_en_species": 1, "effort_records": 85, "low_effort": false, "rl_record_share": 0.011764705882352941 }, "geometry": { "type": "Polygon", "coordinates": [ [ [ 140.1625, 35.15 ], [ 140.1625, 35.158333333333324 ], [ 140.15, 35.158333333333324 ], [ 140.15, 35.15 ], [ 140.1625, 35.15 ] ] ] } },
{ "type": "Feature", "properties": { "mesh": "52405184", "n_rl_records": 1, "n_rl_species": 1, "score_species_weighted": 1, "n_cr_en_species": 0, "effort_records": 14, "low_effort": true, "rl_record_share": 0.071428571428571425 }, "geometry": { "type": "Polygon", "coordinates": [ [ [ 140.1875, 35.15 ], [ 140.1875, 35.158333333333331 ], [ 140.175, 35.158333333333324 ], [ 140.175, 35.15 ], [ 140.1875, 35.15 ] ] ] } },
{ "type": "Feature", "properties": { "mesh": "52405191", "n_rl_records": 3, "n_rl_species": 2, "score_species_weighted": 5, "n_cr_en_species": 1, "effort_records": 1153, "low_effort": false, "rl_record_share": 0.0026019080659150044 }, "geometry": { "type": "Polygon", "coordinates": [ [ [ 140.15, 35.158333333333324 ], [ 140.15, 35.166666666666664 ], [ 140.1375, 35.166666666666657 ], [ 140.1375, 35.158333333333324 ], [ 140.15, 35.158333333333324 ] ] ] } },
{ "type": "Feature", "properties": { "mesh": "52405192", "n_rl_records": 12, "n_rl_species": 7, "score_species_weighted": 16, "n_cr_en_species": 2, "effort_records": 4113, "low_effort": false, "rl_record_share": 0.0029175784099197666 }, "geometry": { "type": "Polygon", "coordinates": [ [ [ 140.1625, 35.158333333333324 ], [ 140.1625, 35.166666666666664 ], [ 140.15, 35.166666666666664 ], [ 140.15, 35.158333333333324 ], [ 140.1625, 35.158333333333324 ] ] ] } },
{ "type": "Feature", "properties": { "mesh": "52405194", "n_rl_records": 1, "n_rl_species": 1, "score_species_weighted": 1, "n_cr_en_species": 0, "effort_records": 42, "low_effort": false, "rl_record_share": 0.023809523809523808 }, "geometry": { "type": "Polygon", "coordinates": [ [ [ 140.1875, 35.158333333333331 ], [ 140.1875, 35.166666666666657 ], [ 140.175, 35.166666666666671 ], [ 140.175, 35.158333333333324 ], [ 140.1875, 35.158333333333331 ] ] ] } },
{ "type": "Feature", "properties": { "mesh": "52405195", "n_rl_records": 10, "n_rl_species": 3, "score_species_weighted": 9, "n_cr_en_species": 2, "effort_records": 1874, "low_effort": false, "rl_record_share": 0.0053361792956243331 }, "geometry": { "type": "Polygon", "coordinates": [ [ [ 140.2, 35.158333333333331 ], [ 140.2, 35.166666666666664 ], [ 140.1875, 35.166666666666657 ], [ 140.1875, 35.158333333333331 ], [ 140.2, 35.158333333333331 ] ] ] } },
{ "type": "Feature", "properties": { "mesh": "52405197", "n_rl_records": 1, "n_rl_species": 1, "score_species_weighted": 1, "n_cr_en_species": 0, "effort_records": 2, "low_effort": true, "rl_record_share": 0.5 }, "geometry": { "type": "Polygon", "coordinates": [ [ [ 140.225, 35.158333333333331 ], [ 140.225, 35.166666666666657 ], [ 140.2125, 35.166666666666664 ], [ 140.2125, 35.158333333333324 ], [ 140.225, 35.158333333333331 ] ] ] } },
{ "type": "Feature", "properties": { "mesh": "52405262", "n_rl_records": 2, "n_rl_species": 2, "score_species_weighted": 4, "n_cr_en_species": 1, "effort_records": 1366, "low_effort": false, "rl_record_share": 0.0014641288433382138 }, "geometry": { "type": "Polygon", "coordinates": [ [ [ 140.2875, 35.133333333333347 ], [ 140.2875, 35.141666666666666 ], [ 140.275, 35.141666666666673 ], [ 140.275, 35.13333333333334 ], [ 140.2875, 35.133333333333347 ] ] ] } },
{ "type": "Feature", "properties": { "mesh": "52405264", "n_rl_records": 1, "n_rl_species": 1, "score_species_weighted": 2, "n_cr_en_species": 0, "effort_records": 35, "low_effort": false, "rl_record_share": 0.028571428571428571 }, "geometry": { "type": "Polygon", "coordinates": [ [ [ 140.3125, 35.133333333333347 ], [ 140.3125, 35.141666666666666 ], [ 140.3, 35.141666666666666 ], [ 140.3, 35.133333333333333 ], [ 140.3125, 35.133333333333347 ] ] ] } },
{ "type": "Feature", "properties": { "mesh": "52405282", "n_rl_records": 1, "n_rl_species": 1, "score_species_weighted": 2, "n_cr_en_species": 0, "effort_records": 3, "low_effort": true, "rl_record_share": 0.33333333333333331 }, "geometry": { "type": "Polygon", "coordinates": [ [ [ 140.2875, 35.15 ], [ 140.2875, 35.158333333333331 ], [ 140.275, 35.158333333333331 ], [ 140.275, 35.15 ], [ 140.2875, 35.15 ] ] ] } },
{ "type": "Feature", "properties": { "mesh": "52405284", "n_rl_records": 1, "n_rl_species": 1, "score_species_weighted": 2, "n_cr_en_species": 0, "effort_records": 25, "low_effort": false, "rl_record_share": 0.04 }, "geometry": { "type": "Polygon", "coordinates": [ [ [ 140.3125, 35.15 ], [ 140.3125, 35.158333333333331 ], [ 140.3, 35.158333333333331 ], [ 140.3, 35.15 ], [ 140.3125, 35.15 ] ] ] } },
{ "type": "Feature", "properties": { "mesh": "52405296", "n_rl_records": 1, "n_rl_species": 1, "score_species_weighted": 4, "n_cr_en_species": 1, "effort_records": 5, "low_effort": true, "rl_record_share": 0.2 }, "geometry": { "type": "Polygon", "coordinates": [ [ [ 140.3375, 35.158333333333324 ], [ 140.3375, 35.166666666666664 ], [ 140.325, 35.166666666666664 ], [ 140.325, 35.158333333333331 ], [ 140.3375, 35.158333333333324 ] ] ] } },
{ "type": "Feature", "properties": { "mesh": "52406006", "n_rl_records": 1, "n_rl_species": 1, "score_species_weighted": 4, "n_cr_en_species": 1, "effort_records": 19, "low_effort": true, "rl_record_share": 0.052631578947368418 }, "geometry": { "type": "Polygon", "coordinates": [ [ [ 140.0875, 35.166666666666657 ], [ 140.0875, 35.175 ], [ 140.075, 35.175 ], [ 140.075, 35.166666666666664 ], [ 140.0875, 35.166666666666657 ] ] ] } },
{ "type": "Feature", "properties": { "mesh": "52406009", "n_rl_records": 5, "n_rl_species": 1, "score_species_weighted": 3, "n_cr_en_species": 1, "effort_records": 350, "low_effort": false, "rl_record_share": 0.014285714285714285 }, "geometry": { "type": "Polygon", "coordinates": [ [ [ 140.125, 35.166666666666671 ], [ 140.125, 35.175 ], [ 140.1125, 35.175 ], [ 140.1125, 35.166666666666657 ], [ 140.125, 35.166666666666671 ] ] ] } },
{ "type": "Feature", "properties": { "mesh": "52406010", "n_rl_records": 1, "n_rl_species": 1, "score_species_weighted": 4, "n_cr_en_species": 1, "effort_records": 122, "low_effort": false, "rl_record_share": 0.0081967213114754103 }, "geometry": { "type": "Polygon", "coordinates": [ [ [ 140.0125, 35.175 ], [ 140.0125, 35.18333333333333 ], [ 140.0, 35.183333333333323 ], [ 140.0, 35.175 ], [ 140.0125, 35.175 ] ] ] } },
{ "type": "Feature", "properties": { "mesh": "52406011", "n_rl_records": 2, "n_rl_species": 2, "score_species_weighted": 7, "n_cr_en_species": 2, "effort_records": 17, "low_effort": true, "rl_record_share": 0.11764705882352941 }, "geometry": { "type": "Polygon", "coordinates": [ [ [ 140.025, 35.175 ], [ 140.025, 35.183333333333323 ], [ 140.0125, 35.18333333333333 ], [ 140.0125, 35.175 ], [ 140.025, 35.175 ] ] ] } },
{ "type": "Feature", "properties": { "mesh": "52406014", "n_rl_records": 2, "n_rl_species": 2, "score_species_weighted": 7, "n_cr_en_species": 2, "effort_records": 103, "low_effort": false, "rl_record_share": 0.019417475728155338 }, "geometry": { "type": "Polygon", "coordinates": [ [ [ 140.0625, 35.175 ], [ 140.0625, 35.183333333333323 ], [ 140.05, 35.18333333333333 ], [ 140.05, 35.175 ], [ 140.0625, 35.175 ] ] ] } },
{ "type": "Feature", "properties": { "mesh": "52406015", "n_rl_records": 6, "n_rl_species": 4, "score_species_weighted": 8, "n_cr_en_species": 1, "effort_records": 58, "low_effort": false, "rl_record_share": 0.10344827586206896 }, "geometry": { "type": "Polygon", "coordinates": [ [ [ 140.075, 35.175 ], [ 140.075, 35.183333333333323 ], [ 140.0625, 35.183333333333323 ], [ 140.0625, 35.175 ], [ 140.075, 35.175 ] ] ] } },
{ "type": "Feature", "properties": { "mesh": "52406019", "n_rl_records": 5, "n_rl_species": 2, "score_species_weighted": 5, "n_cr_en_species": 1, "effort_records": 1384, "low_effort": false, "rl_record_share": 0.0036127167630057803 }, "geometry": { "type": "Polygon", "coordinates": [ [ [ 140.125, 35.175 ], [ 140.125, 35.18333333333333 ], [ 140.1125, 35.183333333333323 ], [ 140.1125, 35.175 ], [ 140.125, 35.175 ] ] ] } },
{ "type": "Feature", "properties": { "mesh": "52406020", "n_rl_records": 1, "n_rl_species": 1, "score_species_weighted": 1, "n_cr_en_species": 0, "effort_records": 26, "low_effort": false, "rl_record_share": 0.038461538461538464 }, "geometry": { "type": "Polygon", "coordinates": [ [ [ 140.0125, 35.18333333333333 ], [ 140.0125, 35.191666666666656 ], [ 140.0, 35.191666666666663 ], [ 140.0, 35.183333333333323 ], [ 140.0125, 35.18333333333333 ] ] ] } },
{ "type": "Feature", "properties": { "mesh": "52406023", "n_rl_records": 3, "n_rl_species": 1, "score_species_weighted": 1, "n_cr_en_species": 0, "effort_records": 24, "low_effort": false, "rl_record_share": 0.125 }, "geometry": { "type": "Polygon", "coordinates": [ [ [ 140.05, 35.18333333333333 ], [ 140.05, 35.191666666666656 ], [ 140.0375, 35.191666666666656 ], [ 140.0375, 35.183333333333316 ], [ 140.05, 35.18333333333333 ] ] ] } },
{ "type": "Feature", "properties": { "mesh": "52406028", "n_rl_records": 1, "n_rl_species": 1, "score_species_weighted": 2, "n_cr_en_species": 0, "effort_records": 181, "low_effort": false, "rl_record_share": 0.0055248618784530384 }, "geometry": { "type": "Polygon", "coordinates": [ [ [ 140.1125, 35.183333333333323 ], [ 140.1125, 35.191666666666656 ], [ 140.1, 35.191666666666656 ], [ 140.1, 35.183333333333323 ], [ 140.1125, 35.183333333333323 ] ] ] } },
{ "type": "Feature", "properties": { "mesh": "52406029", "n_rl_records": 2, "n_rl_species": 2, "score_species_weighted": 5, "n_cr_en_species": 1, "effort_records": 2218, "low_effort": false, "rl_record_share": 0.00090171325518485117 }, "geometry": { "type": "Polygon", "coordinates": [ [ [ 140.125, 35.18333333333333 ], [ 140.125, 35.191666666666663 ], [ 140.1125, 35.191666666666656 ], [ 140.1125, 35.183333333333323 ], [ 140.125, 35.18333333333333 ] ] ] } },
{ "type": "Feature", "properties": { "mesh": "52406031", "n_rl_records": 5, "n_rl_species": 5, "score_species_weighted": 7, "n_cr_en_species": 1, "effort_records": 411, "low_effort": false, "rl_record_share": 0.012165450121654502 }, "geometry": { "type": "Polygon", "coordinates": [ [ [ 140.025, 35.191666666666663 ], [ 140.025, 35.2 ], [ 140.0125, 35.2 ], [ 140.0125, 35.191666666666656 ], [ 140.025, 35.191666666666663 ] ] ] } },
{ "type": "Feature", "properties": { "mesh": "52406033", "n_rl_records": 1, "n_rl_species": 1, "score_species_weighted": 2, "n_cr_en_species": 0, "effort_records": 247, "low_effort": false, "rl_record_share": 0.004048582995951417 }, "geometry": { "type": "Polygon", "coordinates": [ [ [ 140.05, 35.191666666666656 ], [ 140.05, 35.2 ], [ 140.0375, 35.2 ], [ 140.0375, 35.191666666666656 ], [ 140.05, 35.191666666666656 ] ] ] } },
{ "type": "Feature", "properties": { "mesh": "52406036", "n_rl_records": 1, "n_rl_species": 1, "score_species_weighted": 1, "n_cr_en_species": 0, "effort_records": 7, "low_effort": true, "rl_record_share": 0.14285714285714285 }, "geometry": { "type": "Polygon", "coordinates": [ [ [ 140.0875, 35.191666666666663 ], [ 140.0875, 35.2 ], [ 140.075, 35.2 ], [ 140.075, 35.191666666666656 ], [ 140.0875, 35.191666666666663 ] ] ] } },
{ "type": "Feature", "properties": { "mesh": "52406037", "n_rl_records": 2, "n_rl_species": 2, "score_species_weighted": 4, "n_cr_en_species": 1, "effort_records": 581, "low_effort": false, "rl_record_share": 0.0034423407917383822 }, "geometry": { "type": "Polygon", "coordinates": [ [ [ 140.1, 35.191666666666656 ], [ 140.1, 35.2 ], [ 140.0875, 35.2 ], [ 140.0875, 35.191666666666663 ], [ 140.1, 35.191666666666656 ] ] ] } },
{ "type": "Feature", "properties": { "mesh": "52406038", "n_rl_records": 1, "n_rl_species": 1, "score_species_weighted": 2, "n_cr_en_species": 0, "effort_records": 3738, "low_effort": false, "rl_record_share": 0.00026752273943285177 }, "geometry": { "type": "Polygon", "coordinates": [ [ [ 140.1125, 35.191666666666656 ], [ 140.1125, 35.2 ], [ 140.1, 35.2 ], [ 140.1, 35.191666666666656 ], [ 140.1125, 35.191666666666656 ] ] ] } },
{ "type": "Feature", "properties": { "mesh": "52406040", "n_rl_records": 1, "n_rl_species": 1, "score_species_weighted": 1, "n_cr_en_species": 0, "effort_records": 212, "low_effort": false, "rl_record_share": 0.0047169811320754715 }, "geometry": { "type": "Polygon", "coordinates": [ [ [ 140.0125, 35.2 ], [ 140.0125, 35.208333333333336 ], [ 140.0, 35.208333333333329 ], [ 140.0, 35.2 ], [ 140.0125, 35.2 ] ] ] } },
{ "type": "Feature", "properties": { "mesh": "52406046", "n_rl_records": 2, "n_rl_species": 1, "score_species_weighted": 4, "n_cr_en_species": 1, "effort_records": 146, "low_effort": false, "rl_record_share": 0.013698630136986301 }, "geometry": { "type": "Polygon", "coordinates": [ [ [ 140.0875, 35.2 ], [ 140.0875, 35.208333333333329 ], [ 140.075, 35.208333333333343 ], [ 140.075, 35.2 ], [ 140.0875, 35.2 ] ] ] } },
{ "type": "Feature", "properties": { "mesh": "52406047", "n_rl_records": 1, "n_rl_species": 1, "score_species_weighted": 2, "n_cr_en_species": 0, "effort_records": 636, "low_effort": false, "rl_record_share": 0.0015723270440251573 }, "geometry": { "type": "Polygon", "coordinates": [ [ [ 140.1, 35.2 ], [ 140.1, 35.208333333333343 ], [ 140.0875, 35.208333333333329 ], [ 140.0875, 35.2 ], [ 140.1, 35.2 ] ] ] } },
{ "type": "Feature", "properties": { "mesh": "52406050", "n_rl_records": 2, "n_rl_species": 2, "score_species_weighted": 7, "n_cr_en_species": 2, "effort_records": 109, "low_effort": false, "rl_record_share": 0.01834862385321101 }, "geometry": { "type": "Polygon", "coordinates": [ [ [ 140.0125, 35.208333333333336 ], [ 140.0125, 35.216666666666669 ], [ 140.0, 35.216666666666661 ], [ 140.0, 35.208333333333329 ], [ 140.0125, 35.208333333333336 ] ] ] } },
{ "type": "Feature", "properties": { "mesh": "52406051", "n_rl_records": 1, "n_rl_species": 1, "score_species_weighted": 1, "n_cr_en_species": 0, "effort_records": 44, "low_effort": false, "rl_record_share": 0.022727272727272728 }, "geometry": { "type": "Polygon", "coordinates": [ [ [ 140.025, 35.208333333333336 ], [ 140.025, 35.216666666666669 ], [ 140.0125, 35.216666666666669 ], [ 140.0125, 35.208333333333336 ], [ 140.025, 35.208333333333336 ] ] ] } },
{ "type": "Feature", "properties": { "mesh": "52406056", "n_rl_records": 2, "n_rl_species": 1, "score_species_weighted": 3, "n_cr_en_species": 1, "effort_records": 52, "low_effort": false, "rl_record_share": 0.038461538461538464 }, "geometry": { "type": "Polygon", "coordinates": [ [ [ 140.0875, 35.208333333333329 ], [ 140.0875, 35.216666666666669 ], [ 140.075, 35.216666666666661 ], [ 140.075, 35.208333333333343 ], [ 140.0875, 35.208333333333329 ] ] ] } },
{ "type": "Feature", "properties": { "mesh": "52406057", "n_rl_records": 1, "n_rl_species": 1, "score_species_weighted": 4, "n_cr_en_species": 1, "effort_records": 659, "low_effort": false, "rl_record_share": 0.0015174506828528073 }, "geometry": { "type": "Polygon", "coordinates": [ [ [ 140.1, 35.208333333333343 ], [ 140.1, 35.216666666666669 ], [ 140.0875, 35.216666666666669 ], [ 140.0875, 35.208333333333329 ], [ 140.1, 35.208333333333343 ] ] ] } },
{ "type": "Feature", "properties": { "mesh": "52406062", "n_rl_records": 1, "n_rl_species": 1, "score_species_weighted": 1, "n_cr_en_species": 0, "effort_records": 46, "low_effort": false, "rl_record_share": 0.021739130434782608 }, "geometry": { "type": "Polygon", "coordinates": [ [ [ 140.0375, 35.216666666666669 ], [ 140.0375, 35.225 ], [ 140.025, 35.225 ], [ 140.025, 35.216666666666669 ], [ 140.0375, 35.216666666666669 ] ] ] } },
{ "type": "Feature", "properties": { "mesh": "52406065", "n_rl_records": 2, "n_rl_species": 2, "score_species_weighted": 3, "n_cr_en_species": 0, "effort_records": 67, "low_effort": false, "rl_record_share": 0.029850746268656716 }, "geometry": { "type": "Polygon", "coordinates": [ [ [ 140.075, 35.216666666666661 ], [ 140.075, 35.225 ], [ 140.0625, 35.225 ], [ 140.0625, 35.216666666666661 ], [ 140.075, 35.216666666666661 ] ] ] } },
{ "type": "Feature", "properties": { "mesh": "52406066", "n_rl_records": 1, "n_rl_species": 1, "score_species_weighted": 2, "n_cr_en_species": 0, "effort_records": 27, "low_effort": false, "rl_record_share": 0.037037037037037035 }, "geometry": { "type": "Polygon", "coordinates": [ [ [ 140.0875, 35.216666666666669 ], [ 140.0875, 35.225 ], [ 140.075, 35.225 ], [ 140.075, 35.216666666666661 ], [ 140.0875, 35.216666666666669 ] ] ] } },
{ "type": "Feature", "properties": { "mesh": "52406076", "n_rl_records": 2, "n_rl_species": 1, "score_species_weighted": 3, "n_cr_en_species": 1, "effort_records": 122, "low_effort": false, "rl_record_share": 0.016393442622950821 }, "geometry": { "type": "Polygon", "coordinates": [ [ [ 140.0875, 35.225 ], [ 140.0875, 35.233333333333327 ], [ 140.075, 35.233333333333334 ], [ 140.075, 35.225 ], [ 140.0875, 35.225 ] ] ] } },
{ "type": "Feature", "properties": { "mesh": "52406077", "n_rl_records": 1, "n_rl_species": 1, "score_species_weighted": 1, "n_cr_en_species": 0, "effort_records": 21, "low_effort": false, "rl_record_share": 0.047619047619047616 }, "geometry": { "type": "Polygon", "coordinates": [ [ [ 140.1, 35.225 ], [ 140.1, 35.233333333333327 ], [ 140.0875, 35.233333333333327 ], [ 140.0875, 35.225 ], [ 140.1, 35.225 ] ] ] } },
{ "type": "Feature", "properties": { "mesh": "52406099", "n_rl_records": 2, "n_rl_species": 1, "score_species_weighted": 1, "n_cr_en_species": 0, "effort_records": 82, "low_effort": false, "rl_record_share": 0.024390243902439025 }, "geometry": { "type": "Polygon", "coordinates": [ [ [ 140.125, 35.24166666666666 ], [ 140.125, 35.25 ], [ 140.1125, 35.25 ], [ 140.1125, 35.24166666666666 ], [ 140.125, 35.24166666666666 ] ] ] } },
{ "type": "Feature", "properties": { "mesh": "52406101", "n_rl_records": 2, "n_rl_species": 1, "score_species_weighted": 2, "n_cr_en_species": 0, "effort_records": 369, "low_effort": false, "rl_record_share": 0.0054200542005420054 }, "geometry": { "type": "Polygon", "coordinates": [ [ [ 140.15, 35.166666666666664 ], [ 140.15, 35.175 ], [ 140.1375, 35.175 ], [ 140.1375, 35.166666666666657 ], [ 140.15, 35.166666666666664 ] ] ] } },
{ "type": "Feature", "properties": { "mesh": "52406103", "n_rl_records": 1, "n_rl_species": 1, "score_species_weighted": 4, "n_cr_en_species": 1, "effort_records": 83, "low_effort": false, "rl_record_share": 0.012048192771084338 }, "geometry": { "type": "Polygon", "coordinates": [ [ [ 140.175, 35.166666666666671 ], [ 140.175, 35.175 ], [ 140.1625, 35.175 ], [ 140.1625, 35.166666666666664 ], [ 140.175, 35.166666666666671 ] ] ] } },
{ "type": "Feature", "properties": { "mesh": "52406106", "n_rl_records": 1, "n_rl_species": 1, "score_species_weighted": 2, "n_cr_en_species": 0, "effort_records": 18, "low_effort": true, "rl_record_share": 0.055555555555555552 }, "geometry": { "type": "Polygon", "coordinates": [ [ [ 140.2125, 35.166666666666664 ], [ 140.2125, 35.175 ], [ 140.2, 35.175 ], [ 140.2, 35.166666666666664 ], [ 140.2125, 35.166666666666664 ] ] ] } },
{ "type": "Feature", "properties": { "mesh": "52406121", "n_rl_records": 1, "n_rl_species": 1, "score_species_weighted": 1, "n_cr_en_species": 0, "effort_records": 747, "low_effort": false, "rl_record_share": 0.0013386880856760374 }, "geometry": { "type": "Polygon", "coordinates": [ [ [ 140.15, 35.18333333333333 ], [ 140.15, 35.191666666666656 ], [ 140.1375, 35.191666666666656 ], [ 140.1375, 35.183333333333323 ], [ 140.15, 35.18333333333333 ] ] ] } },
{ "type": "Feature", "properties": { "mesh": "52406128", "n_rl_records": 1, "n_rl_species": 1, "score_species_weighted": 2, "n_cr_en_species": 0, "effort_records": 12, "low_effort": true, "rl_record_share": 0.083333333333333329 }, "geometry": { "type": "Polygon", "coordinates": [ [ [ 140.2375, 35.183333333333323 ], [ 140.2375, 35.191666666666663 ], [ 140.225, 35.191666666666656 ], [ 140.225, 35.183333333333323 ], [ 140.2375, 35.183333333333323 ] ] ] } },
{ "type": "Feature", "properties": { "mesh": "52406130", "n_rl_records": 1, "n_rl_species": 1, "score_species_weighted": 3, "n_cr_en_species": 1, "effort_records": 320, "low_effort": false, "rl_record_share": 0.003125 }, "geometry": { "type": "Polygon", "coordinates": [ [ [ 140.1375, 35.191666666666656 ], [ 140.1375, 35.2 ], [ 140.125, 35.2 ], [ 140.125, 35.191666666666663 ], [ 140.1375, 35.191666666666656 ] ] ] } },
{ "type": "Feature", "properties": { "mesh": "52406133", "n_rl_records": 3, "n_rl_species": 3, "score_species_weighted": 8, "n_cr_en_species": 2, "effort_records": 32, "low_effort": false, "rl_record_share": 0.09375 }, "geometry": { "type": "Polygon", "coordinates": [ [ [ 140.175, 35.191666666666656 ], [ 140.175, 35.2 ], [ 140.1625, 35.2 ], [ 140.1625, 35.191666666666656 ], [ 140.175, 35.191666666666656 ] ] ] } },
{ "type": "Feature", "properties": { "mesh": "52406140", "n_rl_records": 2, "n_rl_species": 1, "score_species_weighted": 4, "n_cr_en_species": 1, "effort_records": 21, "low_effort": false, "rl_record_share": 0.095238095238095233 }, "geometry": { "type": "Polygon", "coordinates": [ [ [ 140.1375, 35.2 ], [ 140.1375, 35.208333333333336 ], [ 140.125, 35.208333333333336 ], [ 140.125, 35.2 ], [ 140.1375, 35.2 ] ] ] } },
{ "type": "Feature", "properties": { "mesh": "52406145", "n_rl_records": 2, "n_rl_species": 2, "score_species_weighted": 3, "n_cr_en_species": 0, "effort_records": 127, "low_effort": false, "rl_record_share": 0.015748031496062992 }, "geometry": { "type": "Polygon", "coordinates": [ [ [ 140.2, 35.2 ], [ 140.2, 35.208333333333343 ], [ 140.1875, 35.208333333333336 ], [ 140.1875, 35.2 ], [ 140.2, 35.2 ] ] ] } },
{ "type": "Feature", "properties": { "mesh": "52406146", "n_rl_records": 1, "n_rl_species": 1, "score_species_weighted": 4, "n_cr_en_species": 1, "effort_records": 133, "low_effort": false, "rl_record_share": 0.0075187969924812026 }, "geometry": { "type": "Polygon", "coordinates": [ [ [ 140.2125, 35.2 ], [ 140.2125, 35.208333333333336 ], [ 140.2, 35.208333333333343 ], [ 140.2, 35.2 ], [ 140.2125, 35.2 ] ] ] } },
{ "type": "Feature", "properties": { "mesh": "52406151", "n_rl_records": 1, "n_rl_species": 1, "score_species_weighted": 1, "n_cr_en_species": 0, "effort_records": 195, "low_effort": false, "rl_record_share": 0.0051282051282051282 }, "geometry": { "type": "Polygon", "coordinates": [ [ [ 140.15, 35.208333333333336 ], [ 140.15, 35.216666666666661 ], [ 140.1375, 35.216666666666661 ], [ 140.1375, 35.208333333333336 ], [ 140.15, 35.208333333333336 ] ] ] } },
{ "type": "Feature", "properties": { "mesh": "52406153", "n_rl_records": 1, "n_rl_species": 1, "score_species_weighted": 1, "n_cr_en_species": 0, "effort_records": 197, "low_effort": false, "rl_record_share": 0.005076142131979695 }, "geometry": { "type": "Polygon", "coordinates": [ [ [ 140.175, 35.208333333333343 ], [ 140.175, 35.216666666666661 ], [ 140.1625, 35.216666666666669 ], [ 140.1625, 35.208333333333336 ], [ 140.175, 35.208333333333343 ] ] ] } },
{ "type": "Feature", "properties": { "mesh": "52406154", "n_rl_records": 1, "n_rl_species": 1, "score_species_weighted": 4, "n_cr_en_species": 1, "effort_records": 41, "low_effort": false, "rl_record_share": 0.024390243902439025 }, "geometry": { "type": "Polygon", "coordinates": [ [ [ 140.1875, 35.208333333333336 ], [ 140.1875, 35.216666666666669 ], [ 140.175, 35.216666666666661 ], [ 140.175, 35.208333333333343 ], [ 140.1875, 35.208333333333336 ] ] ] } },
{ "type": "Feature", "properties": { "mesh": "52406172", "n_rl_records": 1, "n_rl_species": 1, "score_species_weighted": 4, "n_cr_en_species": 1, "effort_records": 13, "low_effort": true, "rl_record_share": 0.076923076923076927 }, "geometry": { "type": "Polygon", "coordinates": [ [ [ 140.1625, 35.225 ], [ 140.1625, 35.233333333333327 ], [ 140.15, 35.233333333333334 ], [ 140.15, 35.225 ], [ 140.1625, 35.225 ] ] ] } },
{ "type": "Feature", "properties": { "mesh": "52406179", "n_rl_records": 1, "n_rl_species": 1, "score_species_weighted": 1, "n_cr_en_species": 0, "effort_records": 5, "low_effort": true, "rl_record_share": 0.2 }, "geometry": { "type": "Polygon", "coordinates": [ [ [ 140.25, 35.225 ], [ 140.25, 35.233333333333327 ], [ 140.2375, 35.233333333333327 ], [ 140.2375, 35.225 ], [ 140.25, 35.225 ] ] ] } },
{ "type": "Feature", "properties": { "mesh": "52406183", "n_rl_records": 1, "n_rl_species": 1, "score_species_weighted": 4, "n_cr_en_species": 1, "effort_records": 3, "low_effort": true, "rl_record_share": 0.33333333333333331 }, "geometry": { "type": "Polygon", "coordinates": [ [ [ 140.175, 35.233333333333327 ], [ 140.175, 35.241666666666667 ], [ 140.1625, 35.241666666666667 ], [ 140.1625, 35.233333333333327 ], [ 140.175, 35.233333333333327 ] ] ] } },
{ "type": "Feature", "properties": { "mesh": "52406190", "n_rl_records": 1, "n_rl_species": 1, "score_species_weighted": 2, "n_cr_en_species": 0, "effort_records": 37, "low_effort": false, "rl_record_share": 0.027027027027027029 }, "geometry": { "type": "Polygon", "coordinates": [ [ [ 140.1375, 35.24166666666666 ], [ 140.1375, 35.25 ], [ 140.125, 35.25 ], [ 140.125, 35.24166666666666 ], [ 140.1375, 35.24166666666666 ] ] ] } },
{ "type": "Feature", "properties": { "mesh": "52406191", "n_rl_records": 5, "n_rl_species": 3, "score_species_weighted": 10, "n_cr_en_species": 2, "effort_records": 105, "low_effort": false, "rl_record_share": 0.047619047619047616 }, "geometry": { "type": "Polygon", "coordinates": [ [ [ 140.15, 35.241666666666667 ], [ 140.15, 35.25 ], [ 140.1375, 35.25 ], [ 140.1375, 35.24166666666666 ], [ 140.15, 35.241666666666667 ] ] ] } },
{ "type": "Feature", "properties": { "mesh": "52406215", "n_rl_records": 1, "n_rl_species": 1, "score_species_weighted": 1, "n_cr_en_species": 0, "effort_records": 51, "low_effort": false, "rl_record_share": 0.019607843137254902 }, "geometry": { "type": "Polygon", "coordinates": [ [ [ 140.325, 35.175 ], [ 140.325, 35.183333333333323 ], [ 140.3125, 35.183333333333323 ], [ 140.3125, 35.175 ], [ 140.325, 35.175 ] ] ] } },
{ "type": "Feature", "properties": { "mesh": "52406227", "n_rl_records": 9, "n_rl_species": 2, "score_species_weighted": 3, "n_cr_en_species": 0, "effort_records": 122, "low_effort": false, "rl_record_share": 0.073770491803278687 }, "geometry": { "type": "Polygon", "coordinates": [ [ [ 140.35, 35.18333333333333 ], [ 140.35, 35.191666666666656 ], [ 140.3375, 35.191666666666649 ], [ 140.3375, 35.18333333333333 ], [ 140.35, 35.18333333333333 ] ] ] } },
{ "type": "Feature", "properties": { "mesh": "52406244", "n_rl_records": 1, "n_rl_species": 1, "score_species_weighted": 2, "n_cr_en_species": 0, "effort_records": 31, "low_effort": false, "rl_record_share": 0.032258064516129031 }, "geometry": { "type": "Polygon", "coordinates": [ [ [ 140.3125, 35.2 ], [ 140.3125, 35.208333333333329 ], [ 140.3, 35.208333333333343 ], [ 140.3, 35.2 ], [ 140.3125, 35.2 ] ] ] } },
{ "type": "Feature", "properties": { "mesh": "52406245", "n_rl_records": 1, "n_rl_species": 1, "score_species_weighted": 2, "n_cr_en_species": 0, "effort_records": 14, "low_effort": true, "rl_record_share": 0.071428571428571425 }, "geometry": { "type": "Polygon", "coordinates": [ [ [ 140.325, 35.2 ], [ 140.325, 35.208333333333336 ], [ 140.3125, 35.208333333333329 ], [ 140.3125, 35.2 ], [ 140.325, 35.2 ] ] ] } },
{ "type": "Feature", "properties": { "mesh": "52406258", "n_rl_records": 2, "n_rl_species": 1, "score_species_weighted": 2, "n_cr_en_species": 0, "effort_records": 24, "low_effort": false, "rl_record_share": 0.083333333333333329 }, "geometry": { "type": "Polygon", "coordinates": [ [ [ 140.3625, 35.208333333333329 ], [ 140.3625, 35.216666666666669 ], [ 140.35, 35.216666666666669 ], [ 140.35, 35.208333333333329 ], [ 140.3625, 35.208333333333329 ] ] ] } },
{ "type": "Feature", "properties": { "mesh": "52406259", "n_rl_records": 5, "n_rl_species": 2, "score_species_weighted": 3, "n_cr_en_species": 0, "effort_records": 25, "low_effort": false, "rl_record_share": 0.2 }, "geometry": { "type": "Polygon", "coordinates": [ [ [ 140.375, 35.208333333333336 ], [ 140.375, 35.216666666666669 ], [ 140.3625, 35.216666666666669 ], [ 140.3625, 35.208333333333329 ], [ 140.375, 35.208333333333336 ] ] ] } },
{ "type": "Feature", "properties": { "mesh": "52406267", "n_rl_records": 2, "n_rl_species": 1, "score_species_weighted": 4, "n_cr_en_species": 1, "effort_records": 32, "low_effort": false, "rl_record_share": 0.0625 }, "geometry": { "type": "Polygon", "coordinates": [ [ [ 140.35, 35.216666666666669 ], [ 140.35, 35.225 ], [ 140.3375, 35.225 ], [ 140.3375, 35.216666666666669 ], [ 140.35, 35.216666666666669 ] ] ] } },
{ "type": "Feature", "properties": { "mesh": "52406282", "n_rl_records": 1, "n_rl_species": 1, "score_species_weighted": 4, "n_cr_en_species": 1, "effort_records": 17, "low_effort": true, "rl_record_share": 0.058823529411764705 }, "geometry": { "type": "Polygon", "coordinates": [ [ [ 140.2875, 35.233333333333327 ], [ 140.2875, 35.241666666666667 ], [ 140.275, 35.24166666666666 ], [ 140.275, 35.233333333333327 ], [ 140.2875, 35.233333333333327 ] ] ] } },
{ "type": "Feature", "properties": { "mesh": "52406284", "n_rl_records": 1, "n_rl_species": 1, "score_species_weighted": 2, "n_cr_en_species": 0, "effort_records": 7, "low_effort": true, "rl_record_share": 0.14285714285714285 }, "geometry": { "type": "Polygon", "coordinates": [ [ [ 140.3125, 35.233333333333327 ], [ 140.3125, 35.24166666666666 ], [ 140.3, 35.241666666666667 ], [ 140.3, 35.233333333333327 ], [ 140.3125, 35.233333333333327 ] ] ] } },
{ "type": "Feature", "properties": { "mesh": "52406291", "n_rl_records": 7, "n_rl_species": 2, "score_species_weighted": 7, "n_cr_en_species": 2, "effort_records": 101, "low_effort": false, "rl_record_share": 0.069306930693069313 }, "geometry": { "type": "Polygon", "coordinates": [ [ [ 140.275, 35.24166666666666 ], [ 140.275, 35.25 ], [ 140.2625, 35.25 ], [ 140.2625, 35.241666666666667 ], [ 140.275, 35.24166666666666 ] ] ] } },
{ "type": "Feature", "properties": { "mesh": "52406292", "n_rl_records": 3, "n_rl_species": 3, "score_species_weighted": 6, "n_cr_en_species": 1, "effort_records": 17, "low_effort": true, "rl_record_share": 0.17647058823529413 }, "geometry": { "type": "Polygon", "coordinates": [ [ [ 140.2875, 35.241666666666667 ], [ 140.2875, 35.25 ], [ 140.275, 35.25 ], [ 140.275, 35.24166666666666 ], [ 140.2875, 35.241666666666667 ] ] ] } },
{ "type": "Feature", "properties": { "mesh": "52406351", "n_rl_records": 6, "n_rl_species": 3, "score_species_weighted": 11, "n_cr_en_species": 3, "effort_records": 57, "low_effort": false, "rl_record_share": 0.10526315789473684 }, "geometry": { "type": "Polygon", "coordinates": [ [ [ 140.4, 35.208333333333343 ], [ 140.4, 35.216666666666669 ], [ 140.3875, 35.216666666666661 ], [ 140.3875, 35.208333333333336 ], [ 140.4, 35.208333333333343 ] ] ] } },
{ "type": "Feature", "properties": { "mesh": "52406360", "n_rl_records": 5, "n_rl_species": 2, "score_species_weighted": 8, "n_cr_en_species": 2, "effort_records": 134, "low_effort": false, "rl_record_share": 0.037313432835820892 }, "geometry": { "type": "Polygon", "coordinates": [ [ [ 140.3875, 35.216666666666661 ], [ 140.3875, 35.225 ], [ 140.375, 35.225 ], [ 140.375, 35.216666666666669 ], [ 140.3875, 35.216666666666661 ] ] ] } },
{ "type": "Feature", "properties": { "mesh": "52406361", "n_rl_records": 11, "n_rl_species": 3, "score_species_weighted": 9, "n_cr_en_species": 2, "effort_records": 155, "low_effort": false, "rl_record_share": 0.070967741935483872 }, "geometry": { "type": "Polygon", "coordinates": [ [ [ 140.4, 35.216666666666669 ], [ 140.4, 35.225 ], [ 140.3875, 35.225 ], [ 140.3875, 35.216666666666661 ], [ 140.4, 35.216666666666669 ] ] ] } },
{ "type": "Feature", "properties": { "mesh": "52406371", "n_rl_records": 27, "n_rl_species": 5, "score_species_weighted": 12, "n_cr_en_species": 2, "effort_records": 396, "low_effort": false, "rl_record_share": 0.068181818181818177 }, "geometry": { "type": "Polygon", "coordinates": [ [ [ 140.4, 35.225 ], [ 140.4, 35.233333333333327 ], [ 140.3875, 35.233333333333327 ], [ 140.3875, 35.225 ], [ 140.4, 35.225 ] ] ] } },
{ "type": "Feature", "properties": { "mesh": "52406380", "n_rl_records": 1, "n_rl_species": 1, "score_species_weighted": 1, "n_cr_en_species": 0, "effort_records": 19, "low_effort": true, "rl_record_share": 0.052631578947368418 }, "geometry": { "type": "Polygon", "coordinates": [ [ [ 140.3875, 35.233333333333327 ], [ 140.3875, 35.24166666666666 ], [ 140.375, 35.24166666666666 ], [ 140.375, 35.233333333333334 ], [ 140.3875, 35.233333333333327 ] ] ] } },
{ "type": "Feature", "properties": { "mesh": "52406382", "n_rl_records": 3, "n_rl_species": 2, "score_species_weighted": 3, "n_cr_en_species": 0, "effort_records": 31, "low_effort": false, "rl_record_share": 0.096774193548387094 }, "geometry": { "type": "Polygon", "coordinates": [ [ [ 140.4125, 35.233333333333327 ], [ 140.4125, 35.24166666666666 ], [ 140.4, 35.241666666666674 ], [ 140.4, 35.233333333333327 ], [ 140.4125, 35.233333333333327 ] ] ] } },
{ "type": "Feature", "properties": { "mesh": "52406392", "n_rl_records": 2, "n_rl_species": 2, "score_species_weighted": 3, "n_cr_en_species": 0, "effort_records": 50, "low_effort": false, "rl_record_share": 0.04 }, "geometry": { "type": "Polygon", "coordinates": [ [ [ 140.4125, 35.24166666666666 ], [ 140.4125, 35.25 ], [ 140.4, 35.25 ], [ 140.4, 35.241666666666674 ], [ 140.4125, 35.24166666666666 ] ] ] } },
{ "type": "Feature", "properties": { "mesh": "52407008", "n_rl_records": 2, "n_rl_species": 1, "score_species_weighted": 4, "n_cr_en_species": 1, "effort_records": 14, "low_effort": true, "rl_record_share": 0.14285714285714285 }, "geometry": { "type": "Polygon", "coordinates": [ [ [ 140.1125, 35.25 ], [ 140.1125, 35.258333333333333 ], [ 140.1, 35.258333333333333 ], [ 140.1, 35.25 ], [ 140.1125, 35.25 ] ] ] } },
{ "type": "Feature", "properties": { "mesh": "52407009", "n_rl_records": 13, "n_rl_species": 5, "score_species_weighted": 13, "n_cr_en_species": 3, "effort_records": 993, "low_effort": false, "rl_record_share": 0.013091641490433032 }, "geometry": { "type": "Polygon", "coordinates": [ [ [ 140.125, 35.25 ], [ 140.125, 35.258333333333333 ], [ 140.1125, 35.258333333333333 ], [ 140.1125, 35.25 ], [ 140.125, 35.25 ] ] ] } },
{ "type": "Feature", "properties": { "mesh": "52407019", "n_rl_records": 19, "n_rl_species": 11, "score_species_weighted": 22, "n_cr_en_species": 4, "effort_records": 392, "low_effort": false, "rl_record_share": 0.048469387755102039 }, "geometry": { "type": "Polygon", "coordinates": [ [ [ 140.125, 35.258333333333333 ], [ 140.125, 35.266666666666666 ], [ 140.1125, 35.266666666666659 ], [ 140.1125, 35.258333333333333 ], [ 140.125, 35.258333333333333 ] ] ] } },
{ "type": "Feature", "properties": { "mesh": "52407029", "n_rl_records": 4, "n_rl_species": 3, "score_species_weighted": 9, "n_cr_en_species": 2, "effort_records": 100, "low_effort": false, "rl_record_share": 0.04 }, "geometry": { "type": "Polygon", "coordinates": [ [ [ 140.125, 35.266666666666666 ], [ 140.125, 35.275 ], [ 140.1125, 35.275 ], [ 140.1125, 35.266666666666659 ], [ 140.125, 35.266666666666666 ] ] ] } },
{ "type": "Feature", "properties": { "mesh": "52407046", "n_rl_records": 2, "n_rl_species": 2, "score_species_weighted": 7, "n_cr_en_species": 2, "effort_records": 77, "low_effort": false, "rl_record_share": 0.025974025974025976 }, "geometry": { "type": "Polygon", "coordinates": [ [ [ 140.0875, 35.283333333333331 ], [ 140.0875, 35.291666666666657 ], [ 140.075, 35.291666666666664 ], [ 140.075, 35.283333333333331 ], [ 140.0875, 35.283333333333331 ] ] ] } },
{ "type": "Feature", "properties": { "mesh": "52407048", "n_rl_records": 2, "n_rl_species": 2, "score_species_weighted": 4, "n_cr_en_species": 1, "effort_records": 36, "low_effort": false, "rl_record_share": 0.055555555555555552 }, "geometry": { "type": "Polygon", "coordinates": [ [ [ 140.1125, 35.283333333333331 ], [ 140.1125, 35.291666666666664 ], [ 140.1, 35.291666666666671 ], [ 140.1, 35.283333333333324 ], [ 140.1125, 35.283333333333331 ] ] ] } },
{ "type": "Feature", "properties": { "mesh": "52407059", "n_rl_records": 2, "n_rl_species": 2, "score_species_weighted": 6, "n_cr_en_species": 1, "effort_records": 83, "low_effort": false, "rl_record_share": 0.024096385542168676 }, "geometry": { "type": "Polygon", "coordinates": [ [ [ 140.125, 35.291666666666664 ], [ 140.125, 35.3 ], [ 140.1125, 35.3 ], [ 140.1125, 35.291666666666664 ], [ 140.125, 35.291666666666664 ] ] ] } },
{ "type": "Feature", "properties": { "mesh": "52407068", "n_rl_records": 1, "n_rl_species": 1, "score_species_weighted": 2, "n_cr_en_species": 0, "effort_records": 28, "low_effort": false, "rl_record_share": 0.035714285714285712 }, "geometry": { "type": "Polygon", "coordinates": [ [ [ 140.1125, 35.3 ], [ 140.1125, 35.30833333333333 ], [ 140.1, 35.30833333333333 ], [ 140.1, 35.3 ], [ 140.1125, 35.3 ] ] ] } },
{ "type": "Feature", "properties": { "mesh": "52407088", "n_rl_records": 1, "n_rl_species": 1, "score_species_weighted": 1, "n_cr_en_species": 0, "effort_records": 44, "low_effort": false, "rl_record_share": 0.022727272727272728 }, "geometry": { "type": "Polygon", "coordinates": [ [ [ 140.1125, 35.31666666666667 ], [ 140.1125, 35.325 ], [ 140.1, 35.325 ], [ 140.1, 35.316666666666663 ], [ 140.1125, 35.31666666666667 ] ] ] } },
{ "type": "Feature", "properties": { "mesh": "52407100", "n_rl_records": 6, "n_rl_species": 4, "score_species_weighted": 11, "n_cr_en_species": 2, "effort_records": 235, "low_effort": false, "rl_record_share": 0.02553191489361702 }, "geometry": { "type": "Polygon", "coordinates": [ [ [ 140.1375, 35.25 ], [ 140.1375, 35.258333333333333 ], [ 140.125, 35.258333333333333 ], [ 140.125, 35.25 ], [ 140.1375, 35.25 ] ] ] } },
{ "type": "Feature", "properties": { "mesh": "52407101", "n_rl_records": 4, "n_rl_species": 4, "score_species_weighted": 12, "n_cr_en_species": 3, "effort_records": 322, "low_effort": false, "rl_record_share": 0.012422360248447204 }, "geometry": { "type": "Polygon", "coordinates": [ [ [ 140.15, 35.25 ], [ 140.15, 35.258333333333333 ], [ 140.1375, 35.258333333333333 ], [ 140.1375, 35.25 ], [ 140.15, 35.25 ] ] ] } },
{ "type": "Feature", "properties": { "mesh": "52407103", "n_rl_records": 4, "n_rl_species": 1, "score_species_weighted": 3, "n_cr_en_species": 1, "effort_records": 92, "low_effort": false, "rl_record_share": 0.043478260869565216 }, "geometry": { "type": "Polygon", "coordinates": [ [ [ 140.175, 35.25 ], [ 140.175, 35.25833333333334 ], [ 140.1625, 35.258333333333333 ], [ 140.1625, 35.25 ], [ 140.175, 35.25 ] ] ] } },
{ "type": "Feature", "properties": { "mesh": "52407104", "n_rl_records": 1, "n_rl_species": 1, "score_species_weighted": 2, "n_cr_en_species": 0, "effort_records": 23, "low_effort": false, "rl_record_share": 0.043478260869565216 }, "geometry": { "type": "Polygon", "coordinates": [ [ [ 140.1875, 35.25 ], [ 140.1875, 35.25833333333334 ], [ 140.175, 35.25833333333334 ], [ 140.175, 35.25 ], [ 140.1875, 35.25 ] ] ] } },
{ "type": "Feature", "properties": { "mesh": "52407108", "n_rl_records": 1, "n_rl_species": 1, "score_species_weighted": 3, "n_cr_en_species": 1, "effort_records": 55, "low_effort": false, "rl_record_share": 0.018181818181818181 }, "geometry": { "type": "Polygon", "coordinates": [ [ [ 140.2375, 35.25 ], [ 140.2375, 35.258333333333326 ], [ 140.225, 35.258333333333333 ], [ 140.225, 35.25 ], [ 140.2375, 35.25 ] ] ] } },
{ "type": "Feature", "properties": { "mesh": "52407110", "n_rl_records": 1, "n_rl_species": 1, "score_species_weighted": 3, "n_cr_en_species": 1, "effort_records": 41, "low_effort": false, "rl_record_share": 0.024390243902439025 }, "geometry": { "type": "Polygon", "coordinates": [ [ [ 140.1375, 35.258333333333333 ], [ 140.1375, 35.266666666666666 ], [ 140.125, 35.266666666666666 ], [ 140.125, 35.258333333333333 ], [ 140.1375, 35.258333333333333 ] ] ] } },
{ "type": "Feature", "properties": { "mesh": "52407111", "n_rl_records": 2, "n_rl_species": 2, "score_species_weighted": 7, "n_cr_en_species": 2, "effort_records": 76, "low_effort": false, "rl_record_share": 0.026315789473684209 }, "geometry": { "type": "Polygon", "coordinates": [ [ [ 140.15, 35.258333333333333 ], [ 140.15, 35.266666666666673 ], [ 140.1375, 35.266666666666666 ], [ 140.1375, 35.258333333333333 ], [ 140.15, 35.258333333333333 ] ] ] } },
{ "type": "Feature", "properties": { "mesh": "52407119", "n_rl_records": 1, "n_rl_species": 1, "score_species_weighted": 2, "n_cr_en_species": 0, "effort_records": 30, "low_effort": false, "rl_record_share": 0.033333333333333333 }, "geometry": { "type": "Polygon", "coordinates": [ [ [ 140.25, 35.258333333333333 ], [ 140.25, 35.266666666666666 ], [ 140.2375, 35.266666666666666 ], [ 140.2375, 35.258333333333326 ], [ 140.25, 35.258333333333333 ] ] ] } },
{ "type": "Feature", "properties": { "mesh": "52407120", "n_rl_records": 10, "n_rl_species": 7, "score_species_weighted": 20, "n_cr_en_species": 5, "effort_records": 197, "low_effort": false, "rl_record_share": 0.050761421319796954 }, "geometry": { "type": "Polygon", "coordinates": [ [ [ 140.1375, 35.266666666666666 ], [ 140.1375, 35.275 ], [ 140.125, 35.275 ], [ 140.125, 35.266666666666666 ], [ 140.1375, 35.266666666666666 ] ] ] } },
{ "type": "Feature", "properties": { "mesh": "52407121", "n_rl_records": 1, "n_rl_species": 1, "score_species_weighted": 1, "n_cr_en_species": 0, "effort_records": 24, "low_effort": false, "rl_record_share": 0.041666666666666664 }, "geometry": { "type": "Polygon", "coordinates": [ [ [ 140.15, 35.266666666666673 ], [ 140.15, 35.275 ], [ 140.1375, 35.275 ], [ 140.1375, 35.266666666666666 ], [ 140.15, 35.266666666666673 ] ] ] } },
{ "type": "Feature", "properties": { "mesh": "52407122", "n_rl_records": 1, "n_rl_species": 1, "score_species_weighted": 2, "n_cr_en_species": 0, "effort_records": 18, "low_effort": true, "rl_record_share": 0.055555555555555552 }, "geometry": { "type": "Polygon", "coordinates": [ [ [ 140.1625, 35.266666666666666 ], [ 140.1625, 35.275 ], [ 140.15, 35.275 ], [ 140.15, 35.266666666666673 ], [ 140.1625, 35.266666666666666 ] ] ] } },
{ "type": "Feature", "properties": { "mesh": "52407130", "n_rl_records": 7, "n_rl_species": 3, "score_species_weighted": 9, "n_cr_en_species": 2, "effort_records": 196, "low_effort": false, "rl_record_share": 0.035714285714285712 }, "geometry": { "type": "Polygon", "coordinates": [ [ [ 140.1375, 35.275 ], [ 140.1375, 35.283333333333331 ], [ 140.125, 35.283333333333331 ], [ 140.125, 35.275 ], [ 140.1375, 35.275 ] ] ] } },
{ "type": "Feature", "properties": { "mesh": "52407133", "n_rl_records": 3, "n_rl_species": 2, "score_species_weighted": 5, "n_cr_en_species": 1, "effort_records": 99, "low_effort": false, "rl_record_share": 0.030303030303030304 }, "geometry": { "type": "Polygon", "coordinates": [ [ [ 140.175, 35.275 ], [ 140.175, 35.283333333333331 ], [ 140.1625, 35.283333333333324 ], [ 140.1625, 35.275 ], [ 140.175, 35.275 ] ] ] } },
{ "type": "Feature", "properties": { "mesh": "52407137", "n_rl_records": 2, "n_rl_species": 2, "score_species_weighted": 2, "n_cr_en_species": 0, "effort_records": 113, "low_effort": false, "rl_record_share": 0.017699115044247787 }, "geometry": { "type": "Polygon", "coordinates": [ [ [ 140.225, 35.275 ], [ 140.225, 35.283333333333331 ], [ 140.2125, 35.283333333333331 ], [ 140.2125, 35.275 ], [ 140.225, 35.275 ] ] ] } },
{ "type": "Feature", "properties": { "mesh": "52407138", "n_rl_records": 2, "n_rl_species": 2, "score_species_weighted": 7, "n_cr_en_species": 2, "effort_records": 76, "low_effort": false, "rl_record_share": 0.026315789473684209 }, "geometry": { "type": "Polygon", "coordinates": [ [ [ 140.2375, 35.275 ], [ 140.2375, 35.283333333333324 ], [ 140.225, 35.283333333333331 ], [ 140.225, 35.275 ], [ 140.2375, 35.275 ] ] ] } },
{ "type": "Feature", "properties": { "mesh": "52407140", "n_rl_records": 1, "n_rl_species": 1, "score_species_weighted": 4, "n_cr_en_species": 1, "effort_records": 71, "low_effort": false, "rl_record_share": 0.014084507042253521 }, "geometry": { "type": "Polygon", "coordinates": [ [ [ 140.1375, 35.283333333333331 ], [ 140.1375, 35.291666666666671 ], [ 140.125, 35.291666666666664 ], [ 140.125, 35.283333333333331 ], [ 140.1375, 35.283333333333331 ] ] ] } },
{ "type": "Feature", "properties": { "mesh": "52407143", "n_rl_records": 2, "n_rl_species": 2, "score_species_weighted": 5, "n_cr_en_species": 1, "effort_records": 252, "low_effort": false, "rl_record_share": 0.0079365079365079361 }, "geometry": { "type": "Polygon", "coordinates": [ [ [ 140.175, 35.283333333333331 ], [ 140.175, 35.291666666666671 ], [ 140.1625, 35.291666666666664 ], [ 140.1625, 35.283333333333324 ], [ 140.175, 35.283333333333331 ] ] ] } },
{ "type": "Feature", "properties": { "mesh": "52407144", "n_rl_records": 6, "n_rl_species": 5, "score_species_weighted": 12, "n_cr_en_species": 2, "effort_records": 261, "low_effort": false, "rl_record_share": 0.022988505747126436 }, "geometry": { "type": "Polygon", "coordinates": [ [ [ 140.1875, 35.283333333333331 ], [ 140.1875, 35.291666666666671 ], [ 140.175, 35.291666666666671 ], [ 140.175, 35.283333333333331 ], [ 140.1875, 35.283333333333331 ] ] ] } },
{ "type": "Feature", "properties": { "mesh": "52407147", "n_rl_records": 2, "n_rl_species": 2, "score_species_weighted": 4, "n_cr_en_species": 0, "effort_records": 90, "low_effort": false, "rl_record_share": 0.022222222222222223 }, "geometry": { "type": "Polygon", "coordinates": [ [ [ 140.225, 35.283333333333331 ], [ 140.225, 35.291666666666657 ], [ 140.2125, 35.291666666666657 ], [ 140.2125, 35.283333333333331 ], [ 140.225, 35.283333333333331 ] ] ] } },
{ "type": "Feature", "properties": { "mesh": "52407150", "n_rl_records": 1, "n_rl_species": 1, "score_species_weighted": 3, "n_cr_en_species": 1, "effort_records": 117, "low_effort": false, "rl_record_share": 0.0085470085470085479 }, "geometry": { "type": "Polygon", "coordinates": [ [ [ 140.1375, 35.291666666666671 ], [ 140.1375, 35.3 ], [ 140.125, 35.3 ], [ 140.125, 35.291666666666664 ], [ 140.1375, 35.291666666666671 ] ] ] } },
{ "type": "Feature", "properties": { "mesh": "52407160", "n_rl_records": 15, "n_rl_species": 6, "score_species_weighted": 19, "n_cr_en_species": 5, "effort_records": 417, "low_effort": false, "rl_record_share": 0.035971223021582732 }, "geometry": { "type": "Polygon", "coordinates": [ [ [ 140.1375, 35.3 ], [ 140.1375, 35.308333333333337 ], [ 140.125, 35.308333333333337 ], [ 140.125, 35.3 ], [ 140.1375, 35.3 ] ] ] } },
{ "type": "Feature", "properties": { "mesh": "52407161", "n_rl_records": 1, "n_rl_species": 1, "score_species_weighted": 4, "n_cr_en_species": 1, "effort_records": 26, "low_effort": false, "rl_record_share": 0.038461538461538464 }, "geometry": { "type": "Polygon", "coordinates": [ [ [ 140.15, 35.3 ], [ 140.15, 35.308333333333344 ], [ 140.1375, 35.308333333333337 ], [ 140.1375, 35.3 ], [ 140.15, 35.3 ] ] ] } },
{ "type": "Feature", "properties": { "mesh": "52407163", "n_rl_records": 1, "n_rl_species": 1, "score_species_weighted": 2, "n_cr_en_species": 0, "effort_records": 38, "low_effort": false, "rl_record_share": 0.026315789473684209 }, "geometry": { "type": "Polygon", "coordinates": [ [ [ 140.175, 35.3 ], [ 140.175, 35.308333333333344 ], [ 140.1625, 35.30833333333333 ], [ 140.1625, 35.3 ], [ 140.175, 35.3 ] ] ] } },
{ "type": "Feature", "properties": { "mesh": "52407164", "n_rl_records": 1, "n_rl_species": 1, "score_species_weighted": 3, "n_cr_en_species": 1, "effort_records": 34, "low_effort": false, "rl_record_share": 0.029411764705882353 }, "geometry": { "type": "Polygon", "coordinates": [ [ [ 140.1875, 35.3 ], [ 140.1875, 35.308333333333344 ], [ 140.175, 35.308333333333344 ], [ 140.175, 35.3 ], [ 140.1875, 35.3 ] ] ] } },
{ "type": "Feature", "properties": { "mesh": "52407168", "n_rl_records": 1, "n_rl_species": 1, "score_species_weighted": 3, "n_cr_en_species": 1, "effort_records": 66, "low_effort": false, "rl_record_share": 0.015151515151515152 }, "geometry": { "type": "Polygon", "coordinates": [ [ [ 140.2375, 35.3 ], [ 140.2375, 35.308333333333337 ], [ 140.225, 35.30833333333333 ], [ 140.225, 35.3 ], [ 140.2375, 35.3 ] ] ] } },
{ "type": "Feature", "properties": { "mesh": "52407169", "n_rl_records": 1, "n_rl_species": 1, "score_species_weighted": 4, "n_cr_en_species": 1, "effort_records": 11, "low_effort": true, "rl_record_share": 0.090909090909090912 }, "geometry": { "type": "Polygon", "coordinates": [ [ [ 140.25, 35.3 ], [ 140.25, 35.308333333333337 ], [ 140.2375, 35.308333333333337 ], [ 140.2375, 35.3 ], [ 140.25, 35.3 ] ] ] } },
{ "type": "Feature", "properties": { "mesh": "52407170", "n_rl_records": 1, "n_rl_species": 1, "score_species_weighted": 4, "n_cr_en_species": 1, "effort_records": 4, "low_effort": true, "rl_record_share": 0.25 }, "geometry": { "type": "Polygon", "coordinates": [ [ [ 140.1375, 35.308333333333337 ], [ 140.1375, 35.31666666666667 ], [ 140.125, 35.316666666666663 ], [ 140.125, 35.308333333333337 ], [ 140.1375, 35.308333333333337 ] ] ] } },
{ "type": "Feature", "properties": { "mesh": "52407177", "n_rl_records": 2, "n_rl_species": 2, "score_species_weighted": 3, "n_cr_en_species": 0, "effort_records": 83, "low_effort": false, "rl_record_share": 0.024096385542168676 }, "geometry": { "type": "Polygon", "coordinates": [ [ [ 140.225, 35.30833333333333 ], [ 140.225, 35.316666666666663 ], [ 140.2125, 35.31666666666667 ], [ 140.2125, 35.30833333333333 ], [ 140.225, 35.30833333333333 ] ] ] } },
{ "type": "Feature", "properties": { "mesh": "52407178", "n_rl_records": 1, "n_rl_species": 1, "score_species_weighted": 1, "n_cr_en_species": 0, "effort_records": 19, "low_effort": true, "rl_record_share": 0.052631578947368418 }, "geometry": { "type": "Polygon", "coordinates": [ [ [ 140.2375, 35.308333333333337 ], [ 140.2375, 35.316666666666663 ], [ 140.225, 35.316666666666663 ], [ 140.225, 35.30833333333333 ], [ 140.2375, 35.308333333333337 ] ] ] } },
{ "type": "Feature", "properties": { "mesh": "52407180", "n_rl_records": 2, "n_rl_species": 2, "score_species_weighted": 7, "n_cr_en_species": 2, "effort_records": 73, "low_effort": false, "rl_record_share": 0.027397260273972601 }, "geometry": { "type": "Polygon", "coordinates": [ [ [ 140.1375, 35.31666666666667 ], [ 140.1375, 35.325 ], [ 140.125, 35.325 ], [ 140.125, 35.316666666666663 ], [ 140.1375, 35.31666666666667 ] ] ] } },
{ "type": "Feature", "properties": { "mesh": "52407181", "n_rl_records": 6, "n_rl_species": 4, "score_species_weighted": 14, "n_cr_en_species": 4, "effort_records": 413, "low_effort": false, "rl_record_share": 0.014527845036319613 }, "geometry": { "type": "Polygon", "coordinates": [ [ [ 140.15, 35.31666666666667 ], [ 140.15, 35.325 ], [ 140.1375, 35.325 ], [ 140.1375, 35.31666666666667 ], [ 140.15, 35.31666666666667 ] ] ] } },
{ "type": "Feature", "properties": { "mesh": "52407182", "n_rl_records": 2, "n_rl_species": 2, "score_species_weighted": 4, "n_cr_en_species": 0, "effort_records": 57, "low_effort": false, "rl_record_share": 0.035087719298245612 }, "geometry": { "type": "Polygon", "coordinates": [ [ [ 140.1625, 35.316666666666663 ], [ 140.1625, 35.325 ], [ 140.15, 35.325 ], [ 140.15, 35.31666666666667 ], [ 140.1625, 35.316666666666663 ] ] ] } },
{ "type": "Feature", "properties": { "mesh": "52407183", "n_rl_records": 4, "n_rl_species": 1, "score_species_weighted": 2, "n_cr_en_species": 0, "effort_records": 12, "low_effort": true, "rl_record_share": 0.33333333333333331 }, "geometry": { "type": "Polygon", "coordinates": [ [ [ 140.175, 35.31666666666667 ], [ 140.175, 35.325 ], [ 140.1625, 35.325 ], [ 140.1625, 35.316666666666663 ], [ 140.175, 35.31666666666667 ] ] ] } },
{ "type": "Feature", "properties": { "mesh": "52407185", "n_rl_records": 1, "n_rl_species": 1, "score_species_weighted": 4, "n_cr_en_species": 1, "effort_records": 22, "low_effort": false, "rl_record_share": 0.045454545454545456 }, "geometry": { "type": "Polygon", "coordinates": [ [ [ 140.2, 35.316666666666663 ], [ 140.2, 35.325 ], [ 140.1875, 35.325 ], [ 140.1875, 35.31666666666667 ], [ 140.2, 35.316666666666663 ] ] ] } },
{ "type": "Feature", "properties": { "mesh": "52407186", "n_rl_records": 2, "n_rl_species": 2, "score_species_weighted": 5, "n_cr_en_species": 1, "effort_records": 73, "low_effort": false, "rl_record_share": 0.027397260273972601 }, "geometry": { "type": "Polygon", "coordinates": [ [ [ 140.2125, 35.31666666666667 ], [ 140.2125, 35.325 ], [ 140.2, 35.325 ], [ 140.2, 35.316666666666663 ], [ 140.2125, 35.31666666666667 ] ] ] } },
{ "type": "Feature", "properties": { "mesh": "52407189", "n_rl_records": 1, "n_rl_species": 1, "score_species_weighted": 4, "n_cr_en_species": 1, "effort_records": 25, "low_effort": false, "rl_record_share": 0.04 }, "geometry": { "type": "Polygon", "coordinates": [ [ [ 140.25, 35.316666666666663 ], [ 140.25, 35.325 ], [ 140.2375, 35.325 ], [ 140.2375, 35.316666666666663 ], [ 140.25, 35.316666666666663 ] ] ] } },
{ "type": "Feature", "properties": { "mesh": "52407191", "n_rl_records": 1, "n_rl_species": 1, "score_species_weighted": 3, "n_cr_en_species": 1, "effort_records": 17, "low_effort": true, "rl_record_share": 0.058823529411764705 }, "geometry": { "type": "Polygon", "coordinates": [ [ [ 140.15, 35.325 ], [ 140.15, 35.33333333333335 ], [ 140.1375, 35.333333333333343 ], [ 140.1375, 35.325 ], [ 140.15, 35.325 ] ] ] } },
{ "type": "Feature", "properties": { "mesh": "52407192", "n_rl_records": 2, "n_rl_species": 2, "score_species_weighted": 3, "n_cr_en_species": 0, "effort_records": 59, "low_effort": false, "rl_record_share": 0.033898305084745763 }, "geometry": { "type": "Polygon", "coordinates": [ [ [ 140.1625, 35.325 ], [ 140.1625, 35.333333333333336 ], [ 140.15, 35.33333333333335 ], [ 140.15, 35.325 ], [ 140.1625, 35.325 ] ] ] } },
{ "type": "Feature", "properties": { "mesh": "52407193", "n_rl_records": 11, "n_rl_species": 8, "score_species_weighted": 20, "n_cr_en_species": 4, "effort_records": 242, "low_effort": false, "rl_record_share": 0.045454545454545456 }, "geometry": { "type": "Polygon", "coordinates": [ [ [ 140.175, 35.325 ], [ 140.175, 35.33333333333335 ], [ 140.1625, 35.333333333333336 ], [ 140.1625, 35.325 ], [ 140.175, 35.325 ] ] ] } },
{ "type": "Feature", "properties": { "mesh": "52407194", "n_rl_records": 2, "n_rl_species": 1, "score_species_weighted": 2, "n_cr_en_species": 0, "effort_records": 43, "low_effort": false, "rl_record_share": 0.046511627906976744 }, "geometry": { "type": "Polygon", "coordinates": [ [ [ 140.1875, 35.325 ], [ 140.1875, 35.333333333333343 ], [ 140.175, 35.33333333333335 ], [ 140.175, 35.325 ], [ 140.1875, 35.325 ] ] ] } },
{ "type": "Feature", "properties": { "mesh": "52407195", "n_rl_records": 3, "n_rl_species": 2, "score_species_weighted": 5, "n_cr_en_species": 1, "effort_records": 219, "low_effort": false, "rl_record_share": 0.013698630136986301 }, "geometry": { "type": "Polygon", "coordinates": [ [ [ 140.2, 35.325 ], [ 140.2, 35.333333333333343 ], [ 140.1875, 35.333333333333343 ], [ 140.1875, 35.325 ], [ 140.2, 35.325 ] ] ] } },
{ "type": "Feature", "properties": { "mesh": "52407196", "n_rl_records": 1, "n_rl_species": 1, "score_species_weighted": 3, "n_cr_en_species": 1, "effort_records": 69, "low_effort": false, "rl_record_share": 0.014492753623188406 }, "geometry": { "type": "Polygon", "coordinates": [ [ [ 140.2125, 35.325 ], [ 140.2125, 35.333333333333343 ], [ 140.2, 35.333333333333343 ], [ 140.2, 35.325 ], [ 140.2125, 35.325 ] ] ] } },
{ "type": "Feature", "properties": { "mesh": "52407202", "n_rl_records": 4, "n_rl_species": 2, "score_species_weighted": 3, "n_cr_en_species": 0, "effort_records": 7, "low_effort": true, "rl_record_share": 0.5714285714285714 }, "geometry": { "type": "Polygon", "coordinates": [ [ [ 140.2875, 35.25 ], [ 140.2875, 35.25833333333334 ], [ 140.275, 35.258333333333333 ], [ 140.275, 35.25 ], [ 140.2875, 35.25 ] ] ] } },
{ "type": "Feature", "properties": { "mesh": "52407203", "n_rl_records": 1, "n_rl_species": 1, "score_species_weighted": 3, "n_cr_en_species": 1, "effort_records": 1, "low_effort": true, "rl_record_share": 1.0 }, "geometry": { "type": "Polygon", "coordinates": [ [ [ 140.3, 35.25 ], [ 140.3, 35.258333333333333 ], [ 140.2875, 35.25833333333334 ], [ 140.2875, 35.25 ], [ 140.3, 35.25 ] ] ] } },
{ "type": "Feature", "properties": { "mesh": "52407226", "n_rl_records": 1, "n_rl_species": 1, "score_species_weighted": 4, "n_cr_en_species": 1, "effort_records": 7, "low_effort": true, "rl_record_share": 0.14285714285714285 }, "geometry": { "type": "Polygon", "coordinates": [ [ [ 140.3375, 35.266666666666666 ], [ 140.3375, 35.275 ], [ 140.325, 35.275 ], [ 140.325, 35.266666666666659 ], [ 140.3375, 35.266666666666666 ] ] ] } },
{ "type": "Feature", "properties": { "mesh": "52407227", "n_rl_records": 4, "n_rl_species": 3, "score_species_weighted": 7, "n_cr_en_species": 1, "effort_records": 38, "low_effort": false, "rl_record_share": 0.10526315789473684 }, "geometry": { "type": "Polygon", "coordinates": [ [ [ 140.35, 35.266666666666666 ], [ 140.35, 35.275 ], [ 140.3375, 35.275 ], [ 140.3375, 35.266666666666666 ], [ 140.35, 35.266666666666666 ] ] ] } },
{ "type": "Feature", "properties": { "mesh": "52407234", "n_rl_records": 2, "n_rl_species": 2, "score_species_weighted": 3, "n_cr_en_species": 0, "effort_records": 9, "low_effort": true, "rl_record_share": 0.22222222222222221 }, "geometry": { "type": "Polygon", "coordinates": [ [ [ 140.3125, 35.275 ], [ 140.3125, 35.283333333333331 ], [ 140.3, 35.283333333333339 ], [ 140.3, 35.275 ], [ 140.3125, 35.275 ] ] ] } },
{ "type": "Feature", "properties": { "mesh": "52407238", "n_rl_records": 2, "n_rl_species": 1, "score_species_weighted": 1, "n_cr_en_species": 0, "effort_records": 54, "low_effort": false, "rl_record_share": 0.037037037037037035 }, "geometry": { "type": "Polygon", "coordinates": [ [ [ 140.3625, 35.275 ], [ 140.3625, 35.283333333333331 ], [ 140.35, 35.283333333333331 ], [ 140.35, 35.275 ], [ 140.3625, 35.275 ] ] ] } },
{ "type": "Feature", "properties": { "mesh": "52407244", "n_rl_records": 4, "n_rl_species": 2, "score_species_weighted": 3, "n_cr_en_species": 0, "effort_records": 8, "low_effort": true, "rl_record_share": 0.5 }, "geometry": { "type": "Polygon", "coordinates": [ [ [ 140.3125, 35.283333333333331 ], [ 140.3125, 35.291666666666664 ], [ 140.3, 35.291666666666657 ], [ 140.3, 35.283333333333339 ], [ 140.3125, 35.283333333333331 ] ] ] } },
{ "type": "Feature", "properties": { "mesh": "52407245", "n_rl_records": 1, "n_rl_species": 1, "score_species_weighted": 2, "n_cr_en_species": 0, "effort_records": 10, "low_effort": true, "rl_record_share": 0.1 }, "geometry": { "type": "Polygon", "coordinates": [ [ [ 140.325, 35.283333333333331 ], [ 140.325, 35.291666666666664 ], [ 140.3125, 35.291666666666664 ], [ 140.3125, 35.283333333333331 ], [ 140.325, 35.283333333333331 ] ] ] } },
{ "type": "Feature", "properties": { "mesh": "52407247", "n_rl_records": 3, "n_rl_species": 1, "score_species_weighted": 1, "n_cr_en_species": 0, "effort_records": 30, "low_effort": false, "rl_record_share": 0.1 }, "geometry": { "type": "Polygon", "coordinates": [ [ [ 140.35, 35.283333333333331 ], [ 140.35, 35.291666666666664 ], [ 140.3375, 35.291666666666664 ], [ 140.3375, 35.283333333333339 ], [ 140.35, 35.283333333333331 ] ] ] } },
{ "type": "Feature", "properties": { "mesh": "52407248", "n_rl_records": 2, "n_rl_species": 2, "score_species_weighted": 2, "n_cr_en_species": 0, "effort_records": 42, "low_effort": false, "rl_record_share": 0.047619047619047616 }, "geometry": { "type": "Polygon", "coordinates": [ [ [ 140.3625, 35.283333333333331 ], [ 140.3625, 35.291666666666664 ], [ 140.35, 35.291666666666664 ], [ 140.35, 35.283333333333331 ], [ 140.3625, 35.283333333333331 ] ] ] } },
{ "type": "Feature", "properties": { "mesh": "52407256", "n_rl_records": 2, "n_rl_species": 1, "score_species_weighted": 2, "n_cr_en_species": 0, "effort_records": 12, "low_effort": true, "rl_record_share": 0.16666666666666666 }, "geometry": { "type": "Polygon", "coordinates": [ [ [ 140.3375, 35.291666666666664 ], [ 140.3375, 35.3 ], [ 140.325, 35.3 ], [ 140.325, 35.291666666666664 ], [ 140.3375, 35.291666666666664 ] ] ] } },
{ "type": "Feature", "properties": { "mesh": "52407258", "n_rl_records": 4, "n_rl_species": 2, "score_species_weighted": 7, "n_cr_en_species": 2, "effort_records": 65, "low_effort": false, "rl_record_share": 0.061538461538461542 }, "geometry": { "type": "Polygon", "coordinates": [ [ [ 140.3625, 35.291666666666664 ], [ 140.3625, 35.3 ], [ 140.35, 35.3 ], [ 140.35, 35.291666666666664 ], [ 140.3625, 35.291666666666664 ] ] ] } },
{ "type": "Feature", "properties": { "mesh": "52407262", "n_rl_records": 16, "n_rl_species": 2, "score_species_weighted": 3, "n_cr_en_species": 0, "effort_records": 56, "low_effort": false, "rl_record_share": 0.2857142857142857 }, "geometry": { "type": "Polygon", "coordinates": [ [ [ 140.2875, 35.3 ], [ 140.2875, 35.308333333333337 ], [ 140.275, 35.308333333333337 ], [ 140.275, 35.3 ], [ 140.2875, 35.3 ] ] ] } },
{ "type": "Feature", "properties": { "mesh": "52407270", "n_rl_records": 6, "n_rl_species": 2, "score_species_weighted": 3, "n_cr_en_species": 0, "effort_records": 26, "low_effort": false, "rl_record_share": 0.23076923076923078 }, "geometry": { "type": "Polygon", "coordinates": [ [ [ 140.2625, 35.308333333333337 ], [ 140.2625, 35.31666666666667 ], [ 140.25, 35.316666666666663 ], [ 140.25, 35.308333333333337 ], [ 140.2625, 35.308333333333337 ] ] ] } },
{ "type": "Feature", "properties": { "mesh": "52407271", "n_rl_records": 3, "n_rl_species": 2, "score_species_weighted": 3, "n_cr_en_species": 0, "effort_records": 42, "low_effort": false, "rl_record_share": 0.071428571428571425 }, "geometry": { "type": "Polygon", "coordinates": [ [ [ 140.275, 35.308333333333337 ], [ 140.275, 35.31666666666667 ], [ 140.2625, 35.31666666666667 ], [ 140.2625, 35.308333333333337 ], [ 140.275, 35.308333333333337 ] ] ] } },
{ "type": "Feature", "properties": { "mesh": "52407272", "n_rl_records": 8, "n_rl_species": 2, "score_species_weighted": 3, "n_cr_en_species": 0, "effort_records": 30, "low_effort": false, "rl_record_share": 0.26666666666666666 }, "geometry": { "type": "Polygon", "coordinates": [ [ [ 140.2875, 35.308333333333337 ], [ 140.2875, 35.31666666666667 ], [ 140.275, 35.31666666666667 ], [ 140.275, 35.308333333333337 ], [ 140.2875, 35.308333333333337 ] ] ] } },
{ "type": "Feature", "properties": { "mesh": "52407288", "n_rl_records": 2, "n_rl_species": 1, "score_species_weighted": 4, "n_cr_en_species": 1, "effort_records": 11, "low_effort": true, "rl_record_share": 0.18181818181818182 }, "geometry": { "type": "Polygon", "coordinates": [ [ [ 140.3625, 35.31666666666667 ], [ 140.3625, 35.325 ], [ 140.35, 35.325 ], [ 140.35, 35.316666666666663 ], [ 140.3625, 35.31666666666667 ] ] ] } },
{ "type": "Feature", "properties": { "mesh": "52407291", "n_rl_records": 3, "n_rl_species": 3, "score_species_weighted": 8, "n_cr_en_species": 2, "effort_records": 91, "low_effort": false, "rl_record_share": 0.032967032967032968 }, "geometry": { "type": "Polygon", "coordinates": [ [ [ 140.275, 35.325 ], [ 140.275, 35.333333333333343 ], [ 140.2625, 35.333333333333336 ], [ 140.2625, 35.325 ], [ 140.275, 35.325 ] ] ] } },
{ "type": "Feature", "properties": { "mesh": "52407296", "n_rl_records": 2, "n_rl_species": 2, "score_species_weighted": 2, "n_cr_en_species": 0, "effort_records": 17, "low_effort": true, "rl_record_share": 0.11764705882352941 }, "geometry": { "type": "Polygon", "coordinates": [ [ [ 140.3375, 35.325 ], [ 140.3375, 35.33333333333335 ], [ 140.325, 35.333333333333343 ], [ 140.325, 35.325 ], [ 140.3375, 35.325 ] ] ] } },
{ "type": "Feature", "properties": { "mesh": "52407302", "n_rl_records": 14, "n_rl_species": 3, "score_species_weighted": 6, "n_cr_en_species": 1, "effort_records": 193, "low_effort": false, "rl_record_share": 0.072538860103626937 }, "geometry": { "type": "Polygon", "coordinates": [ [ [ 140.4125, 35.25 ], [ 140.4125, 35.258333333333333 ], [ 140.4, 35.25833333333334 ], [ 140.4, 35.25 ], [ 140.4125, 35.25 ] ] ] } },
{ "type": "Feature", "properties": { "mesh": "52407311", "n_rl_records": 8, "n_rl_species": 4, "score_species_weighted": 9, "n_cr_en_species": 1, "effort_records": 68, "low_effort": false, "rl_record_share": 0.11764705882352941 }, "geometry": { "type": "Polygon", "coordinates": [ [ [ 140.4, 35.25833333333334 ], [ 140.4, 35.266666666666659 ], [ 140.3875, 35.266666666666666 ], [ 140.3875, 35.258333333333333 ], [ 140.4, 35.25833333333334 ] ] ] } },
{ "type": "Feature", "properties": { "mesh": "52407350", "n_rl_records": 1, "n_rl_species": 1, "score_species_weighted": 4, "n_cr_en_species": 1, "effort_records": 48, "low_effort": false, "rl_record_share": 0.020833333333333332 }, "geometry": { "type": "Polygon", "coordinates": [ [ [ 140.3875, 35.291666666666664 ], [ 140.3875, 35.3 ], [ 140.375, 35.3 ], [ 140.375, 35.291666666666664 ], [ 140.3875, 35.291666666666664 ] ] ] } },
{ "type": "Feature", "properties": { "mesh": "52407352", "n_rl_records": 18, "n_rl_species": 5, "score_species_weighted": 11, "n_cr_en_species": 1, "effort_records": 671, "low_effort": false, "rl_record_share": 0.026825633383010434 }, "geometry": { "type": "Polygon", "coordinates": [ [ [ 140.4125, 35.291666666666657 ], [ 140.4125, 35.3 ], [ 140.4, 35.3 ], [ 140.4, 35.291666666666664 ], [ 140.4125, 35.291666666666657 ] ] ] } },
{ "type": "Feature", "properties": { "mesh": "52407360", "n_rl_records": 8, "n_rl_species": 3, "score_species_weighted": 7, "n_cr_en_species": 1, "effort_records": 108, "low_effort": false, "rl_record_share": 0.07407407407407407 }, "geometry": { "type": "Polygon", "coordinates": [ [ [ 140.3875, 35.3 ], [ 140.3875, 35.308333333333323 ], [ 140.375, 35.30833333333333 ], [ 140.375, 35.3 ], [ 140.3875, 35.3 ] ] ] } },
{ "type": "Feature", "properties": { "mesh": "52407361", "n_rl_records": 2, "n_rl_species": 1, "score_species_weighted": 4, "n_cr_en_species": 1, "effort_records": 82, "low_effort": false, "rl_record_share": 0.024390243902439025 }, "geometry": { "type": "Polygon", "coordinates": [ [ [ 140.4, 35.3 ], [ 140.4, 35.30833333333333 ], [ 140.3875, 35.308333333333323 ], [ 140.3875, 35.3 ], [ 140.4, 35.3 ] ] ] } },
{ "type": "Feature", "properties": { "mesh": "52407362", "n_rl_records": 4, "n_rl_species": 4, "score_species_weighted": 9, "n_cr_en_species": 1, "effort_records": 104, "low_effort": false, "rl_record_share": 0.038461538461538464 }, "geometry": { "type": "Polygon", "coordinates": [ [ [ 140.4125, 35.3 ], [ 140.4125, 35.308333333333337 ], [ 140.4, 35.30833333333333 ], [ 140.4, 35.3 ], [ 140.4125, 35.3 ] ] ] } },
{ "type": "Feature", "properties": { "mesh": "52407363", "n_rl_records": 1, "n_rl_species": 1, "score_species_weighted": 4, "n_cr_en_species": 1, "effort_records": 53, "low_effort": false, "rl_record_share": 0.018867924528301886 }, "geometry": { "type": "Polygon", "coordinates": [ [ [ 140.425, 35.3 ], [ 140.425, 35.30833333333333 ], [ 140.4125, 35.308333333333337 ], [ 140.4125, 35.3 ], [ 140.425, 35.3 ] ] ] } },
{ "type": "Feature", "properties": { "mesh": "52407372", "n_rl_records": 6, "n_rl_species": 2, "score_species_weighted": 3, "n_cr_en_species": 0, "effort_records": 64, "low_effort": false, "rl_record_share": 0.09375 }, "geometry": { "type": "Polygon", "coordinates": [ [ [ 140.4125, 35.308333333333337 ], [ 140.4125, 35.31666666666667 ], [ 140.4, 35.31666666666667 ], [ 140.4, 35.30833333333333 ], [ 140.4125, 35.308333333333337 ] ] ] } },
{ "type": "Feature", "properties": { "mesh": "52407380", "n_rl_records": 12, "n_rl_species": 3, "score_species_weighted": 7, "n_cr_en_species": 1, "effort_records": 147, "low_effort": false, "rl_record_share": 0.081632653061224483 }, "geometry": { "type": "Polygon", "coordinates": [ [ [ 140.3875, 35.316666666666663 ], [ 140.3875, 35.325 ], [ 140.375, 35.325 ], [ 140.375, 35.316666666666663 ], [ 140.3875, 35.316666666666663 ] ] ] } },
{ "type": "Feature", "properties": { "mesh": "52407381", "n_rl_records": 17, "n_rl_species": 3, "score_species_weighted": 7, "n_cr_en_species": 1, "effort_records": 142, "low_effort": false, "rl_record_share": 0.11971830985915492 }, "geometry": { "type": "Polygon", "coordinates": [ [ [ 140.4, 35.31666666666667 ], [ 140.4, 35.325 ], [ 140.3875, 35.325 ], [ 140.3875, 35.316666666666663 ], [ 140.4, 35.31666666666667 ] ] ] } },
{ "type": "Feature", "properties": { "mesh": "52407382", "n_rl_records": 11, "n_rl_species": 2, "score_species_weighted": 3, "n_cr_en_species": 0, "effort_records": 86, "low_effort": false, "rl_record_share": 0.12790697674418605 }, "geometry": { "type": "Polygon", "coordinates": [ [ [ 140.4125, 35.31666666666667 ], [ 140.4125, 35.325 ], [ 140.4, 35.325 ], [ 140.4, 35.31666666666667 ], [ 140.4125, 35.31666666666667 ] ] ] } },
{ "type": "Feature", "properties": { "mesh": "52407390", "n_rl_records": 9, "n_rl_species": 3, "score_species_weighted": 5, "n_cr_en_species": 0, "effort_records": 78, "low_effort": false, "rl_record_share": 0.11538461538461539 }, "geometry": { "type": "Polygon", "coordinates": [ [ [ 140.3875, 35.325 ], [ 140.3875, 35.333333333333343 ], [ 140.375, 35.333333333333343 ], [ 140.375, 35.325 ], [ 140.3875, 35.325 ] ] ] } },
{ "type": "Feature", "properties": { "mesh": "52407391", "n_rl_records": 14, "n_rl_species": 4, "score_species_weighted": 6, "n_cr_en_species": 0, "effort_records": 79, "low_effort": false, "rl_record_share": 0.17721518987341772 }, "geometry": { "type": "Polygon", "coordinates": [ [ [ 140.4, 35.325 ], [ 140.4, 35.33333333333335 ], [ 140.3875, 35.333333333333343 ], [ 140.3875, 35.325 ], [ 140.4, 35.325 ] ] ] } },
{ "type": "Feature", "properties": { "mesh": "53390619", "n_rl_records": 1, "n_rl_species": 1, "score_species_weighted": 2, "n_cr_en_species": 0, "effort_records": 42, "low_effort": false, "rl_record_share": 0.023809523809523808 }, "geometry": { "type": "Polygon", "coordinates": [ [ [ 139.875, 35.341666666666669 ], [ 139.875, 35.35 ], [ 139.8625, 35.35 ], [ 139.8625, 35.341666666666669 ], [ 139.875, 35.341666666666669 ] ] ] } },
{ "type": "Feature", "properties": { "mesh": "53390627", "n_rl_records": 14, "n_rl_species": 2, "score_species_weighted": 3, "n_cr_en_species": 0, "effort_records": 55, "low_effort": false, "rl_record_share": 0.25454545454545452 }, "geometry": { "type": "Polygon", "coordinates": [ [ [ 139.85, 35.35 ], [ 139.85, 35.358333333333334 ], [ 139.8375, 35.358333333333341 ], [ 139.8375, 35.35 ], [ 139.85, 35.35 ] ] ] } },
{ "type": "Feature", "properties": { "mesh": "53390700", "n_rl_records": 1, "n_rl_species": 1, "score_species_weighted": 1, "n_cr_en_species": 0, "effort_records": 2, "low_effort": true, "rl_record_share": 0.5 }, "geometry": { "type": "Polygon", "coordinates": [ [ [ 139.8875, 35.333333333333343 ], [ 139.8875, 35.341666666666669 ], [ 139.875, 35.341666666666669 ], [ 139.875, 35.33333333333335 ], [ 139.8875, 35.333333333333343 ] ] ] } },
{ "type": "Feature", "properties": { "mesh": "53390705", "n_rl_records": 1, "n_rl_species": 1, "score_species_weighted": 4, "n_cr_en_species": 1, "effort_records": 9, "low_effort": true, "rl_record_share": 0.1111111111111111 }, "geometry": { "type": "Polygon", "coordinates": [ [ [ 139.95, 35.333333333333343 ], [ 139.95, 35.341666666666669 ], [ 139.9375, 35.341666666666676 ], [ 139.9375, 35.333333333333343 ], [ 139.95, 35.333333333333343 ] ] ] } },
{ "type": "Feature", "properties": { "mesh": "53390706", "n_rl_records": 13, "n_rl_species": 1, "score_species_weighted": 4, "n_cr_en_species": 1, "effort_records": 157, "low_effort": false, "rl_record_share": 0.082802547770700632 }, "geometry": { "type": "Polygon", "coordinates": [ [ [ 139.9625, 35.333333333333343 ], [ 139.9625, 35.341666666666669 ], [ 139.95, 35.341666666666669 ], [ 139.95, 35.333333333333343 ], [ 139.9625, 35.333333333333343 ] ] ] } },
{ "type": "Feature", "properties": { "mesh": "53390709", "n_rl_records": 1, "n_rl_species": 1, "score_species_weighted": 3, "n_cr_en_species": 1, "effort_records": 47, "low_effort": false, "rl_record_share": 0.021276595744680851 }, "geometry": { "type": "Polygon", "coordinates": [ [ [ 140.0, 35.333333333333343 ], [ 140.0, 35.341666666666669 ], [ 139.9875, 35.341666666666669 ], [ 139.9875, 35.33333333333335 ], [ 140.0, 35.333333333333343 ] ] ] } },
{ "type": "Feature", "properties": { "mesh": "53390719", "n_rl_records": 7, "n_rl_species": 3, "score_species_weighted": 7, "n_cr_en_species": 2, "effort_records": 102, "low_effort": false, "rl_record_share": 0.068627450980392163 }, "geometry": { "type": "Polygon", "coordinates": [ [ [ 140.0, 35.341666666666669 ], [ 140.0, 35.35 ], [ 139.9875, 35.35 ], [ 139.9875, 35.341666666666669 ], [ 140.0, 35.341666666666669 ] ] ] } },
{ "type": "Feature", "properties": { "mesh": "53390732", "n_rl_records": 1, "n_rl_species": 1, "score_species_weighted": 1, "n_cr_en_species": 0, "effort_records": 5, "low_effort": true, "rl_record_share": 0.2 }, "geometry": { "type": "Polygon", "coordinates": [ [ [ 139.9125, 35.358333333333334 ], [ 139.9125, 35.366666666666667 ], [ 139.9, 35.36666666666666 ], [ 139.9, 35.358333333333327 ], [ 139.9125, 35.358333333333334 ] ] ] } },
{ "type": "Feature", "properties": { "mesh": "53390742", "n_rl_records": 18, "n_rl_species": 2, "score_species_weighted": 3, "n_cr_en_species": 0, "effort_records": 123, "low_effort": false, "rl_record_share": 0.14634146341463414 }, "geometry": { "type": "Polygon", "coordinates": [ [ [ 139.9125, 35.366666666666667 ], [ 139.9125, 35.375 ], [ 139.9, 35.375 ], [ 139.9, 35.36666666666666 ], [ 139.9125, 35.366666666666667 ] ] ] } },
{ "type": "Feature", "properties": { "mesh": "53390745", "n_rl_records": 1, "n_rl_species": 1, "score_species_weighted": 4, "n_cr_en_species": 1, "effort_records": 25, "low_effort": false, "rl_record_share": 0.04 }, "geometry": { "type": "Polygon", "coordinates": [ [ [ 139.95, 35.366666666666667 ], [ 139.95, 35.375 ], [ 139.9375, 35.375 ], [ 139.9375, 35.36666666666666 ], [ 139.95, 35.366666666666667 ] ] ] } },
{ "type": "Feature", "properties": { "mesh": "53390749", "n_rl_records": 4, "n_rl_species": 4, "score_species_weighted": 9, "n_cr_en_species": 2, "effort_records": 128, "low_effort": false, "rl_record_share": 0.03125 }, "geometry": { "type": "Polygon", "coordinates": [ [ [ 140.0, 35.36666666666666 ], [ 140.0, 35.375 ], [ 139.9875, 35.375 ], [ 139.9875, 35.366666666666667 ], [ 140.0, 35.36666666666666 ] ] ] } },
{ "type": "Feature", "properties": { "mesh": "53390754", "n_rl_records": 1, "n_rl_species": 1, "score_species_weighted": 4, "n_cr_en_species": 1, "effort_records": 27, "low_effort": false, "rl_record_share": 0.037037037037037035 }, "geometry": { "type": "Polygon", "coordinates": [ [ [ 139.9375, 35.375 ], [ 139.9375, 35.383333333333326 ], [ 139.925, 35.383333333333333 ], [ 139.925, 35.375 ], [ 139.9375, 35.375 ] ] ] } },
{ "type": "Feature", "properties": { "mesh": "53390755", "n_rl_records": 3, "n_rl_species": 3, "score_species_weighted": 5, "n_cr_en_species": 0, "effort_records": 14, "low_effort": true, "rl_record_share": 0.21428571428571427 }, "geometry": { "type": "Polygon", "coordinates": [ [ [ 139.95, 35.375 ], [ 139.95, 35.383333333333333 ], [ 139.9375, 35.383333333333326 ], [ 139.9375, 35.375 ], [ 139.95, 35.375 ] ] ] } },
{ "type": "Feature", "properties": { "mesh": "53390759", "n_rl_records": 2, "n_rl_species": 2, "score_species_weighted": 6, "n_cr_en_species": 2, "effort_records": 164, "low_effort": false, "rl_record_share": 0.012195121951219513 }, "geometry": { "type": "Polygon", "coordinates": [ [ [ 140.0, 35.375 ], [ 140.0, 35.383333333333326 ], [ 139.9875, 35.383333333333333 ], [ 139.9875, 35.375 ], [ 140.0, 35.375 ] ] ] } },
{ "type": "Feature", "properties": { "mesh": "53390766", "n_rl_records": 1, "n_rl_species": 1, "score_species_weighted": 1, "n_cr_en_species": 0, "effort_records": 27, "low_effort": false, "rl_record_share": 0.037037037037037035 }, "geometry": { "type": "Polygon", "coordinates": [ [ [ 139.9625, 35.383333333333333 ], [ 139.9625, 35.391666666666659 ], [ 139.95, 35.391666666666666 ], [ 139.95, 35.383333333333333 ], [ 139.9625, 35.383333333333333 ] ] ] } },
{ "type": "Feature", "properties": { "mesh": "53390782", "n_rl_records": 1, "n_rl_species": 1, "score_species_weighted": 1, "n_cr_en_species": 0, "effort_records": 22, "low_effort": false, "rl_record_share": 0.045454545454545456 }, "geometry": { "type": "Polygon", "coordinates": [ [ [ 139.9125, 35.4 ], [ 139.9125, 35.408333333333339 ], [ 139.9, 35.408333333333331 ], [ 139.9, 35.4 ], [ 139.9125, 35.4 ] ] ] } },
{ "type": "Feature", "properties": { "mesh": "53390791", "n_rl_records": 6, "n_rl_species": 4, "score_species_weighted": 6, "n_cr_en_species": 0, "effort_records": 3134, "low_effort": false, "rl_record_share": 0.0019144862795149968 }, "geometry": { "type": "Polygon", "coordinates": [ [ [ 139.9, 35.408333333333331 ], [ 139.9, 35.416666666666664 ], [ 139.8875, 35.416666666666664 ], [ 139.8875, 35.408333333333331 ], [ 139.9, 35.408333333333331 ] ] ] } },
{ "type": "Feature", "properties": { "mesh": "53390792", "n_rl_records": 24, "n_rl_species": 8, "score_species_weighted": 18, "n_cr_en_species": 2, "effort_records": 2404, "low_effort": false, "rl_record_share": 0.0099833610648918467 }, "geometry": { "type": "Polygon", "coordinates": [ [ [ 139.9125, 35.408333333333339 ], [ 139.9125, 35.416666666666671 ], [ 139.9, 35.416666666666664 ], [ 139.9, 35.408333333333331 ], [ 139.9125, 35.408333333333339 ] ] ] } },
{ "type": "Feature", "properties": { "mesh": "53391702", "n_rl_records": 7, "n_rl_species": 2, "score_species_weighted": 3, "n_cr_en_species": 0, "effort_records": 67, "low_effort": false, "rl_record_share": 0.1044776119402985 }, "geometry": { "type": "Polygon", "coordinates": [ [ [ 139.9125, 35.416666666666671 ], [ 139.9125, 35.425 ], [ 139.9, 35.425 ], [ 139.9, 35.416666666666664 ], [ 139.9125, 35.416666666666671 ] ] ] } },
{ "type": "Feature", "properties": { "mesh": "53391704", "n_rl_records": 8, "n_rl_species": 2, "score_species_weighted": 3, "n_cr_en_species": 0, "effort_records": 56, "low_effort": false, "rl_record_share": 0.14285714285714285 }, "geometry": { "type": "Polygon", "coordinates": [ [ [ 139.9375, 35.416666666666664 ], [ 139.9375, 35.425 ], [ 139.925, 35.425 ], [ 139.925, 35.416666666666664 ], [ 139.9375, 35.416666666666664 ] ] ] } },
{ "type": "Feature", "properties": { "mesh": "53391708", "n_rl_records": 1, "n_rl_species": 1, "score_species_weighted": 2, "n_cr_en_species": 0, "effort_records": 68, "low_effort": false, "rl_record_share": 0.014705882352941176 }, "geometry": { "type": "Polygon", "coordinates": [ [ [ 139.9875, 35.416666666666664 ], [ 139.9875, 35.425 ], [ 139.975, 35.425 ], [ 139.975, 35.416666666666664 ], [ 139.9875, 35.416666666666664 ] ] ] } },
{ "type": "Feature", "properties": { "mesh": "53391709", "n_rl_records": 23, "n_rl_species": 5, "score_species_weighted": 13, "n_cr_en_species": 3, "effort_records": 368, "low_effort": false, "rl_record_share": 0.0625 }, "geometry": { "type": "Polygon", "coordinates": [ [ [ 140.0, 35.416666666666664 ], [ 140.0, 35.425 ], [ 139.9875, 35.425 ], [ 139.9875, 35.416666666666664 ], [ 140.0, 35.416666666666664 ] ] ] } },
{ "type": "Feature", "properties": { "mesh": "53391714", "n_rl_records": 6, "n_rl_species": 2, "score_species_weighted": 3, "n_cr_en_species": 0, "effort_records": 84, "low_effort": false, "rl_record_share": 0.071428571428571425 }, "geometry": { "type": "Polygon", "coordinates": [ [ [ 139.9375, 35.425 ], [ 139.9375, 35.43333333333333 ], [ 139.925, 35.43333333333333 ], [ 139.925, 35.425 ], [ 139.9375, 35.425 ] ] ] } },
{ "type": "Feature", "properties": { "mesh": "53391729", "n_rl_records": 1, "n_rl_species": 1, "score_species_weighted": 4, "n_cr_en_species": 1, "effort_records": 20, "low_effort": false, "rl_record_share": 0.05 }, "geometry": { "type": "Polygon", "coordinates": [ [ [ 140.0, 35.433333333333337 ], [ 140.0, 35.441666666666656 ], [ 139.9875, 35.441666666666656 ], [ 139.9875, 35.43333333333333 ], [ 140.0, 35.433333333333337 ] ] ] } },
{ "type": "Feature", "properties": { "mesh": "53391737", "n_rl_records": 1, "n_rl_species": 1, "score_species_weighted": 1, "n_cr_en_species": 0, "effort_records": 37, "low_effort": false, "rl_record_share": 0.027027027027027029 }, "geometry": { "type": "Polygon", "coordinates": [ [ [ 139.975, 35.441666666666656 ], [ 139.975, 35.45 ], [ 139.9625, 35.45 ], [ 139.9625, 35.441666666666663 ], [ 139.975, 35.441666666666656 ] ] ] } },
{ "type": "Feature", "properties": { "mesh": "53394707", "n_rl_records": 3371, "n_rl_species": 18, "score_species_weighted": 42, "n_cr_en_species": 7, "effort_records": 27992, "low_effort": false, "rl_record_share": 0.12042726493283795 }, "geometry": { "type": "Polygon", "coordinates": [ [ [ 139.975, 35.666666666666671 ], [ 139.975, 35.675 ], [ 139.9625, 35.675 ], [ 139.9625, 35.666666666666671 ], [ 139.975, 35.666666666666671 ] ] ] } },
{ "type": "Feature", "properties": { "mesh": "53394716", "n_rl_records": 2, "n_rl_species": 2, "score_species_weighted": 4, "n_cr_en_species": 0, "effort_records": 24, "low_effort": false, "rl_record_share": 0.083333333333333329 }, "geometry": { "type": "Polygon", "coordinates": [ [ [ 139.9625, 35.675 ], [ 139.9625, 35.68333333333333 ], [ 139.95, 35.68333333333333 ], [ 139.95, 35.675 ], [ 139.9625, 35.675 ] ] ] } },
{ "type": "Feature", "properties": { "mesh": "53394717", "n_rl_records": 1, "n_rl_species": 1, "score_species_weighted": 2, "n_cr_en_species": 0, "effort_records": 172, "low_effort": false, "rl_record_share": 0.0058139534883720929 }, "geometry": { "type": "Polygon", "coordinates": [ [ [ 139.975, 35.675 ], [ 139.975, 35.68333333333333 ], [ 139.9625, 35.68333333333333 ], [ 139.9625, 35.675 ], [ 139.975, 35.675 ] ] ] } },
{ "type": "Feature", "properties": { "mesh": "53394719", "n_rl_records": 5, "n_rl_species": 2, "score_species_weighted": 4, "n_cr_en_species": 0, "effort_records": 283, "low_effort": false, "rl_record_share": 0.017667844522968199 }, "geometry": { "type": "Polygon", "coordinates": [ [ [ 140.0, 35.675 ], [ 140.0, 35.68333333333333 ], [ 139.9875, 35.68333333333333 ], [ 139.9875, 35.675 ], [ 140.0, 35.675 ] ] ] } },
{ "type": "Feature", "properties": { "mesh": "53394726", "n_rl_records": 21, "n_rl_species": 6, "score_species_weighted": 12, "n_cr_en_species": 1, "effort_records": 207, "low_effort": false, "rl_record_share": 0.10144927536231885 }, "geometry": { "type": "Polygon", "coordinates": [ [ [ 139.9625, 35.68333333333333 ], [ 139.9625, 35.691666666666663 ], [ 139.95, 35.691666666666663 ], [ 139.95, 35.68333333333333 ], [ 139.9625, 35.68333333333333 ] ] ] } },
{ "type": "Feature", "properties": { "mesh": "53394728", "n_rl_records": 9, "n_rl_species": 4, "score_species_weighted": 9, "n_cr_en_species": 1, "effort_records": 147, "low_effort": false, "rl_record_share": 0.061224489795918366 }, "geometry": { "type": "Polygon", "coordinates": [ [ [ 139.9875, 35.68333333333333 ], [ 139.9875, 35.691666666666663 ], [ 139.975, 35.691666666666656 ], [ 139.975, 35.68333333333333 ], [ 139.9875, 35.68333333333333 ] ] ] } },
{ "type": "Feature", "properties": { "mesh": "53394729", "n_rl_records": 1, "n_rl_species": 1, "score_species_weighted": 2, "n_cr_en_species": 0, "effort_records": 10, "low_effort": true, "rl_record_share": 0.1 }, "geometry": { "type": "Polygon", "coordinates": [ [ [ 140.0, 35.68333333333333 ], [ 140.0, 35.691666666666663 ], [ 139.9875, 35.691666666666663 ], [ 139.9875, 35.68333333333333 ], [ 140.0, 35.68333333333333 ] ] ] } },
{ "type": "Feature", "properties": { "mesh": "53394736", "n_rl_records": 2, "n_rl_species": 2, "score_species_weighted": 3, "n_cr_en_species": 0, "effort_records": 11, "low_effort": true, "rl_record_share": 0.18181818181818182 }, "geometry": { "type": "Polygon", "coordinates": [ [ [ 139.9625, 35.691666666666663 ], [ 139.9625, 35.7 ], [ 139.95, 35.7 ], [ 139.95, 35.691666666666663 ], [ 139.9625, 35.691666666666663 ] ] ] } },
{ "type": "Feature", "properties": { "mesh": "53394738", "n_rl_records": 2, "n_rl_species": 2, "score_species_weighted": 4, "n_cr_en_species": 0, "effort_records": 134, "low_effort": false, "rl_record_share": 0.014925373134328358 }, "geometry": { "type": "Polygon", "coordinates": [ [ [ 139.9875, 35.691666666666663 ], [ 139.9875, 35.7 ], [ 139.975, 35.7 ], [ 139.975, 35.691666666666656 ], [ 139.9875, 35.691666666666663 ] ] ] } },
{ "type": "Feature", "properties": { "mesh": "53394745", "n_rl_records": 7, "n_rl_species": 6, "score_species_weighted": 13, "n_cr_en_species": 1, "effort_records": 47, "low_effort": false, "rl_record_share": 0.14893617021276595 }, "geometry": { "type": "Polygon", "coordinates": [ [ [ 139.95, 35.7 ], [ 139.95, 35.708333333333343 ], [ 139.9375, 35.708333333333336 ], [ 139.9375, 35.7 ], [ 139.95, 35.7 ] ] ] } },
{ "type": "Feature", "properties": { "mesh": "53394747", "n_rl_records": 6, "n_rl_species": 3, "score_species_weighted": 7, "n_cr_en_species": 1, "effort_records": 75, "low_effort": false, "rl_record_share": 0.08 }, "geometry": { "type": "Polygon", "coordinates": [ [ [ 139.975, 35.7 ], [ 139.975, 35.708333333333336 ], [ 139.9625, 35.708333333333336 ], [ 139.9625, 35.7 ], [ 139.975, 35.7 ] ] ] } },
{ "type": "Feature", "properties": { "mesh": "53394748", "n_rl_records": 3, "n_rl_species": 3, "score_species_weighted": 5, "n_cr_en_species": 0, "effort_records": 20, "low_effort": false, "rl_record_share": 0.15 }, "geometry": { "type": "Polygon", "coordinates": [ [ [ 139.9875, 35.7 ], [ 139.9875, 35.708333333333336 ], [ 139.975, 35.708333333333336 ], [ 139.975, 35.7 ], [ 139.9875, 35.7 ] ] ] } },
{ "type": "Feature", "properties": { "mesh": "53394749", "n_rl_records": 11, "n_rl_species": 2, "score_species_weighted": 7, "n_cr_en_species": 2, "effort_records": 358, "low_effort": false, "rl_record_share": 0.030726256983240222 }, "geometry": { "type": "Polygon", "coordinates": [ [ [ 140.0, 35.7 ], [ 140.0, 35.708333333333329 ], [ 139.9875, 35.708333333333336 ], [ 139.9875, 35.7 ], [ 140.0, 35.7 ] ] ] } },
{ "type": "Feature", "properties": { "mesh": "53394756", "n_rl_records": 3, "n_rl_species": 1, "score_species_weighted": 3, "n_cr_en_species": 1, "effort_records": 28, "low_effort": false, "rl_record_share": 0.10714285714285714 }, "geometry": { "type": "Polygon", "coordinates": [ [ [ 139.9625, 35.708333333333336 ], [ 139.9625, 35.716666666666669 ], [ 139.95, 35.716666666666669 ], [ 139.95, 35.708333333333343 ], [ 139.9625, 35.708333333333336 ] ] ] } },
{ "type": "Feature", "properties": { "mesh": "53394764", "n_rl_records": 3, "n_rl_species": 2, "score_species_weighted": 6, "n_cr_en_species": 1, "effort_records": 212, "low_effort": false, "rl_record_share": 0.014150943396226415 }, "geometry": { "type": "Polygon", "coordinates": [ [ [ 139.9375, 35.716666666666669 ], [ 139.9375, 35.725 ], [ 139.925, 35.725 ], [ 139.925, 35.716666666666669 ], [ 139.9375, 35.716666666666669 ] ] ] } },
{ "type": "Feature", "properties": { "mesh": "53394765", "n_rl_records": 11, "n_rl_species": 4, "score_species_weighted": 8, "n_cr_en_species": 1, "effort_records": 77, "low_effort": false, "rl_record_share": 0.14285714285714285 }, "geometry": { "type": "Polygon", "coordinates": [ [ [ 139.95, 35.716666666666669 ], [ 139.95, 35.725 ], [ 139.9375, 35.725 ], [ 139.9375, 35.716666666666669 ], [ 139.95, 35.716666666666669 ] ] ] } },
{ "type": "Feature", "properties": { "mesh": "53394766", "n_rl_records": 1, "n_rl_species": 1, "score_species_weighted": 3, "n_cr_en_species": 1, "effort_records": 96, "low_effort": false, "rl_record_share": 0.010416666666666666 }, "geometry": { "type": "Polygon", "coordinates": [ [ [ 139.9625, 35.716666666666669 ], [ 139.9625, 35.725 ], [ 139.95, 35.725 ], [ 139.95, 35.716666666666669 ], [ 139.9625, 35.716666666666669 ] ] ] } },
{ "type": "Feature", "properties": { "mesh": "53394767", "n_rl_records": 8, "n_rl_species": 4, "score_species_weighted": 10, "n_cr_en_species": 2, "effort_records": 124, "low_effort": false, "rl_record_share": 0.064516129032258063 }, "geometry": { "type": "Polygon", "coordinates": [ [ [ 139.975, 35.716666666666661 ], [ 139.975, 35.725 ], [ 139.9625, 35.725 ], [ 139.9625, 35.716666666666669 ], [ 139.975, 35.716666666666661 ] ] ] } },
{ "type": "Feature", "properties": { "mesh": "53394768", "n_rl_records": 1, "n_rl_species": 1, "score_species_weighted": 3, "n_cr_en_species": 1, "effort_records": 91, "low_effort": false, "rl_record_share": 0.01098901098901099 }, "geometry": { "type": "Polygon", "coordinates": [ [ [ 139.9875, 35.716666666666669 ], [ 139.9875, 35.725 ], [ 139.975, 35.725 ], [ 139.975, 35.716666666666661 ], [ 139.9875, 35.716666666666669 ] ] ] } },
{ "type": "Feature", "properties": { "mesh": "53394769", "n_rl_records": 20, "n_rl_species": 3, "score_species_weighted": 8, "n_cr_en_species": 2, "effort_records": 1375, "low_effort": false, "rl_record_share": 0.014545454545454545 }, "geometry": { "type": "Polygon", "coordinates": [ [ [ 140.0, 35.716666666666669 ], [ 140.0, 35.725 ], [ 139.9875, 35.725 ], [ 139.9875, 35.716666666666669 ], [ 140.0, 35.716666666666669 ] ] ] } },
{ "type": "Feature", "properties": { "mesh": "53394773", "n_rl_records": 1, "n_rl_species": 1, "score_species_weighted": 1, "n_cr_en_species": 0, "effort_records": 28, "low_effort": false, "rl_record_share": 0.035714285714285712 }, "geometry": { "type": "Polygon", "coordinates": [ [ [ 139.925, 35.725 ], [ 139.925, 35.73333333333332 ], [ 139.9125, 35.733333333333327 ], [ 139.9125, 35.725 ], [ 139.925, 35.725 ] ] ] } },
{ "type": "Feature", "properties": { "mesh": "53394776", "n_rl_records": 2, "n_rl_species": 2, "score_species_weighted": 6, "n_cr_en_species": 1, "effort_records": 22, "low_effort": false, "rl_record_share": 0.090909090909090912 }, "geometry": { "type": "Polygon", "coordinates": [ [ [ 139.9625, 35.725 ], [ 139.9625, 35.733333333333327 ], [ 139.95, 35.733333333333341 ], [ 139.95, 35.725 ], [ 139.9625, 35.725 ] ] ] } },
{ "type": "Feature", "properties": { "mesh": "53394779", "n_rl_records": 1, "n_rl_species": 1, "score_species_weighted": 4, "n_cr_en_species": 1, "effort_records": 19, "low_effort": true, "rl_record_share": 0.052631578947368418 }, "geometry": { "type": "Polygon", "coordinates": [ [ [ 140.0, 35.725 ], [ 140.0, 35.733333333333327 ], [ 139.9875, 35.733333333333334 ], [ 139.9875, 35.725 ], [ 140.0, 35.725 ] ] ] } },
{ "type": "Feature", "properties": { "mesh": "53394782", "n_rl_records": 2, "n_rl_species": 2, "score_species_weighted": 3, "n_cr_en_species": 0, "effort_records": 67, "low_effort": false, "rl_record_share": 0.029850746268656716 }, "geometry": { "type": "Polygon", "coordinates": [ [ [ 139.9125, 35.733333333333327 ], [ 139.9125, 35.741666666666667 ], [ 139.9, 35.741666666666667 ], [ 139.9, 35.733333333333327 ], [ 139.9125, 35.733333333333327 ] ] ] } },
{ "type": "Feature", "properties": { "mesh": "53394784", "n_rl_records": 2, "n_rl_species": 1, "score_species_weighted": 4, "n_cr_en_species": 1, "effort_records": 44, "low_effort": false, "rl_record_share": 0.045454545454545456 }, "geometry": { "type": "Polygon", "coordinates": [ [ [ 139.9375, 35.733333333333327 ], [ 139.9375, 35.741666666666667 ], [ 139.925, 35.74166666666666 ], [ 139.925, 35.73333333333332 ], [ 139.9375, 35.733333333333327 ] ] ] } },
{ "type": "Feature", "properties": { "mesh": "53394785", "n_rl_records": 4, "n_rl_species": 3, "score_species_weighted": 8, "n_cr_en_species": 2, "effort_records": 102, "low_effort": false, "rl_record_share": 0.039215686274509803 }, "geometry": { "type": "Polygon", "coordinates": [ [ [ 139.95, 35.733333333333341 ], [ 139.95, 35.741666666666667 ], [ 139.9375, 35.741666666666667 ], [ 139.9375, 35.733333333333327 ], [ 139.95, 35.733333333333341 ] ] ] } },
{ "type": "Feature", "properties": { "mesh": "53394786", "n_rl_records": 24, "n_rl_species": 5, "score_species_weighted": 14, "n_cr_en_species": 3, "effort_records": 264, "low_effort": false, "rl_record_share": 0.090909090909090912 }, "geometry": { "type": "Polygon", "coordinates": [ [ [ 139.9625, 35.733333333333327 ], [ 139.9625, 35.74166666666666 ], [ 139.95, 35.741666666666667 ], [ 139.95, 35.733333333333341 ], [ 139.9625, 35.733333333333327 ] ] ] } },
{ "type": "Feature", "properties": { "mesh": "53394787", "n_rl_records": 4, "n_rl_species": 1, "score_species_weighted": 4, "n_cr_en_species": 1, "effort_records": 98, "low_effort": false, "rl_record_share": 0.040816326530612242 }, "geometry": { "type": "Polygon", "coordinates": [ [ [ 139.975, 35.733333333333334 ], [ 139.975, 35.741666666666667 ], [ 139.9625, 35.74166666666666 ], [ 139.9625, 35.733333333333327 ], [ 139.975, 35.733333333333334 ] ] ] } },
{ "type": "Feature", "properties": { "mesh": "53394789", "n_rl_records": 1, "n_rl_species": 1, "score_species_weighted": 3, "n_cr_en_species": 1, "effort_records": 129, "low_effort": false, "rl_record_share": 0.0077519379844961239 }, "geometry": { "type": "Polygon", "coordinates": [ [ [ 140.0, 35.733333333333327 ], [ 140.0, 35.741666666666667 ], [ 139.9875, 35.741666666666667 ], [ 139.9875, 35.733333333333334 ], [ 140.0, 35.733333333333327 ] ] ] } },
{ "type": "Feature", "properties": { "mesh": "53394791", "n_rl_records": 57, "n_rl_species": 6, "score_species_weighted": 12, "n_cr_en_species": 2, "effort_records": 628, "low_effort": false, "rl_record_share": 0.090764331210191077 }, "geometry": { "type": "Polygon", "coordinates": [ [ [ 139.9, 35.741666666666667 ], [ 139.9, 35.75 ], [ 139.8875, 35.75 ], [ 139.8875, 35.741666666666667 ], [ 139.9, 35.741666666666667 ] ] ] } },
{ "type": "Feature", "properties": { "mesh": "53394793", "n_rl_records": 1, "n_rl_species": 1, "score_species_weighted": 4, "n_cr_en_species": 1, "effort_records": 60, "low_effort": false, "rl_record_share": 0.016666666666666666 }, "geometry": { "type": "Polygon", "coordinates": [ [ [ 139.925, 35.74166666666666 ], [ 139.925, 35.75 ], [ 139.9125, 35.75 ], [ 139.9125, 35.741666666666667 ], [ 139.925, 35.74166666666666 ] ] ] } },
{ "type": "Feature", "properties": { "mesh": "53394796", "n_rl_records": 4, "n_rl_species": 3, "score_species_weighted": 7, "n_cr_en_species": 1, "effort_records": 129, "low_effort": false, "rl_record_share": 0.031007751937984496 }, "geometry": { "type": "Polygon", "coordinates": [ [ [ 139.9625, 35.74166666666666 ], [ 139.9625, 35.75 ], [ 139.95, 35.75 ], [ 139.95, 35.741666666666667 ], [ 139.9625, 35.74166666666666 ] ] ] } },
{ "type": "Feature", "properties": { "mesh": "53395702", "n_rl_records": 103, "n_rl_species": 4, "score_species_weighted": 10, "n_cr_en_species": 2, "effort_records": 1008, "low_effort": false, "rl_record_share": 0.10218253968253968 }, "geometry": { "type": "Polygon", "coordinates": [ [ [ 139.9125, 35.75 ], [ 139.9125, 35.758333333333333 ], [ 139.9, 35.758333333333333 ], [ 139.9, 35.75 ], [ 139.9125, 35.75 ] ] ] } },
{ "type": "Feature", "properties": { "mesh": "53395703", "n_rl_records": 4, "n_rl_species": 3, "score_species_weighted": 7, "n_cr_en_species": 1, "effort_records": 67, "low_effort": false, "rl_record_share": 0.059701492537313432 }, "geometry": { "type": "Polygon", "coordinates": [ [ [ 139.925, 35.75 ], [ 139.925, 35.758333333333333 ], [ 139.9125, 35.758333333333333 ], [ 139.9125, 35.75 ], [ 139.925, 35.75 ] ] ] } },
{ "type": "Feature", "properties": { "mesh": "53395705", "n_rl_records": 2, "n_rl_species": 1, "score_species_weighted": 2, "n_cr_en_species": 0, "effort_records": 33, "low_effort": false, "rl_record_share": 0.060606060606060608 }, "geometry": { "type": "Polygon", "coordinates": [ [ [ 139.95, 35.75 ], [ 139.95, 35.758333333333333 ], [ 139.9375, 35.75833333333334 ], [ 139.9375, 35.75 ], [ 139.95, 35.75 ] ] ] } },
{ "type": "Feature", "properties": { "mesh": "53395707", "n_rl_records": 6, "n_rl_species": 2, "score_species_weighted": 3, "n_cr_en_species": 0, "effort_records": 37, "low_effort": false, "rl_record_share": 0.16216216216216217 }, "geometry": { "type": "Polygon", "coordinates": [ [ [ 139.975, 35.75 ], [ 139.975, 35.758333333333326 ], [ 139.9625, 35.758333333333333 ], [ 139.9625, 35.75 ], [ 139.975, 35.75 ] ] ] } },
{ "type": "Feature", "properties": { "mesh": "53395712", "n_rl_records": 14, "n_rl_species": 2, "score_species_weighted": 7, "n_cr_en_species": 2, "effort_records": 151, "low_effort": false, "rl_record_share": 0.092715231788079472 }, "geometry": { "type": "Polygon", "coordinates": [ [ [ 139.9125, 35.758333333333333 ], [ 139.9125, 35.766666666666666 ], [ 139.9, 35.766666666666666 ], [ 139.9, 35.758333333333333 ], [ 139.9125, 35.758333333333333 ] ] ] } },
{ "type": "Feature", "properties": { "mesh": "53395716", "n_rl_records": 1, "n_rl_species": 1, "score_species_weighted": 3, "n_cr_en_species": 1, "effort_records": 58, "low_effort": false, "rl_record_share": 0.017241379310344827 }, "geometry": { "type": "Polygon", "coordinates": [ [ [ 139.9625, 35.758333333333333 ], [ 139.9625, 35.766666666666659 ], [ 139.95, 35.766666666666659 ], [ 139.95, 35.758333333333333 ], [ 139.9625, 35.758333333333333 ] ] ] } },
{ "type": "Feature", "properties": { "mesh": "53395717", "n_rl_records": 1, "n_rl_species": 1, "score_species_weighted": 1, "n_cr_en_species": 0, "effort_records": 35, "low_effort": false, "rl_record_share": 0.028571428571428571 }, "geometry": { "type": "Polygon", "coordinates": [ [ [ 139.975, 35.758333333333326 ], [ 139.975, 35.766666666666666 ], [ 139.9625, 35.766666666666659 ], [ 139.9625, 35.758333333333333 ], [ 139.975, 35.758333333333326 ] ] ] } },
{ "type": "Feature", "properties": { "mesh": "53395723", "n_rl_records": 1, "n_rl_species": 1, "score_species_weighted": 3, "n_cr_en_species": 1, "effort_records": 19, "low_effort": true, "rl_record_share": 0.052631578947368418 }, "geometry": { "type": "Polygon", "coordinates": [ [ [ 139.925, 35.766666666666666 ], [ 139.925, 35.775 ], [ 139.9125, 35.775 ], [ 139.9125, 35.766666666666666 ], [ 139.925, 35.766666666666666 ] ] ] } },
{ "type": "Feature", "properties": { "mesh": "53395724", "n_rl_records": 1, "n_rl_species": 1, "score_species_weighted": 4, "n_cr_en_species": 1, "effort_records": 79, "low_effort": false, "rl_record_share": 0.012658227848101266 }, "geometry": { "type": "Polygon", "coordinates": [ [ [ 139.9375, 35.766666666666666 ], [ 139.9375, 35.775 ], [ 139.925, 35.775 ], [ 139.925, 35.766666666666666 ], [ 139.9375, 35.766666666666666 ] ] ] } },
{ "type": "Feature", "properties": { "mesh": "53395725", "n_rl_records": 1, "n_rl_species": 1, "score_species_weighted": 3, "n_cr_en_species": 1, "effort_records": 23, "low_effort": false, "rl_record_share": 0.043478260869565216 }, "geometry": { "type": "Polygon", "coordinates": [ [ [ 139.95, 35.766666666666659 ], [ 139.95, 35.775 ], [ 139.9375, 35.775 ], [ 139.9375, 35.766666666666666 ], [ 139.95, 35.766666666666659 ] ] ] } },
{ "type": "Feature", "properties": { "mesh": "53395727", "n_rl_records": 65, "n_rl_species": 3, "score_species_weighted": 9, "n_cr_en_species": 2, "effort_records": 859, "low_effort": false, "rl_record_share": 0.075669383003492435 }, "geometry": { "type": "Polygon", "coordinates": [ [ [ 139.975, 35.766666666666666 ], [ 139.975, 35.775 ], [ 139.9625, 35.775 ], [ 139.9625, 35.766666666666659 ], [ 139.975, 35.766666666666666 ] ] ] } },
{ "type": "Feature", "properties": { "mesh": "53395729", "n_rl_records": 1, "n_rl_species": 1, "score_species_weighted": 3, "n_cr_en_species": 1, "effort_records": 39, "low_effort": false, "rl_record_share": 0.02564102564102564 }, "geometry": { "type": "Polygon", "coordinates": [ [ [ 140.0, 35.766666666666659 ], [ 140.0, 35.775 ], [ 139.9875, 35.775 ], [ 139.9875, 35.766666666666666 ], [ 140.0, 35.766666666666659 ] ] ] } },
{ "type": "Feature", "properties": { "mesh": "53395731", "n_rl_records": 6, "n_rl_species": 2, "score_species_weighted": 6, "n_cr_en_species": 1, "effort_records": 234, "low_effort": false, "rl_record_share": 0.02564102564102564 }, "geometry": { "type": "Polygon", "coordinates": [ [ [ 139.9, 35.775 ], [ 139.9, 35.783333333333331 ], [ 139.8875, 35.783333333333331 ], [ 139.8875, 35.775 ], [ 139.9, 35.775 ] ] ] } },
{ "type": "Feature", "properties": { "mesh": "53395732", "n_rl_records": 2, "n_rl_species": 2, "score_species_weighted": 7, "n_cr_en_species": 2, "effort_records": 110, "low_effort": false, "rl_record_share": 0.018181818181818181 }, "geometry": { "type": "Polygon", "coordinates": [ [ [ 139.9125, 35.775 ], [ 139.9125, 35.783333333333331 ], [ 139.9, 35.783333333333331 ], [ 139.9, 35.775 ], [ 139.9125, 35.775 ] ] ] } },
{ "type": "Feature", "properties": { "mesh": "53395736", "n_rl_records": 3, "n_rl_species": 1, "score_species_weighted": 3, "n_cr_en_species": 1, "effort_records": 57, "low_effort": false, "rl_record_share": 0.052631578947368418 }, "geometry": { "type": "Polygon", "coordinates": [ [ [ 139.9625, 35.775 ], [ 139.9625, 35.783333333333331 ], [ 139.95, 35.783333333333331 ], [ 139.95, 35.775 ], [ 139.9625, 35.775 ] ] ] } },
{ "type": "Feature", "properties": { "mesh": "53395741", "n_rl_records": 10, "n_rl_species": 3, "score_species_weighted": 7, "n_cr_en_species": 1, "effort_records": 226, "low_effort": false, "rl_record_share": 0.044247787610619468 }, "geometry": { "type": "Polygon", "coordinates": [ [ [ 139.9, 35.783333333333331 ], [ 139.9, 35.791666666666657 ], [ 139.8875, 35.791666666666657 ], [ 139.8875, 35.783333333333331 ], [ 139.9, 35.783333333333331 ] ] ] } },
{ "type": "Feature", "properties": { "mesh": "53395742", "n_rl_records": 2, "n_rl_species": 1, "score_species_weighted": 1, "n_cr_en_species": 0, "effort_records": 35, "low_effort": false, "rl_record_share": 0.057142857142857141 }, "geometry": { "type": "Polygon", "coordinates": [ [ [ 139.9125, 35.783333333333331 ], [ 139.9125, 35.791666666666671 ], [ 139.9, 35.791666666666657 ], [ 139.9, 35.783333333333331 ], [ 139.9125, 35.783333333333331 ] ] ] } },
{ "type": "Feature", "properties": { "mesh": "53395746", "n_rl_records": 1, "n_rl_species": 1, "score_species_weighted": 1, "n_cr_en_species": 0, "effort_records": 1, "low_effort": true, "rl_record_share": 1.0 }, "geometry": { "type": "Polygon", "coordinates": [ [ [ 139.9625, 35.783333333333331 ], [ 139.9625, 35.791666666666664 ], [ 139.95, 35.791666666666664 ], [ 139.95, 35.783333333333331 ], [ 139.9625, 35.783333333333331 ] ] ] } },
{ "type": "Feature", "properties": { "mesh": "53395751", "n_rl_records": 25, "n_rl_species": 3, "score_species_weighted": 8, "n_cr_en_species": 1, "effort_records": 710, "low_effort": false, "rl_record_share": 0.035211267605633804 }, "geometry": { "type": "Polygon", "coordinates": [ [ [ 139.9, 35.791666666666657 ], [ 139.9, 35.8 ], [ 139.8875, 35.8 ], [ 139.8875, 35.791666666666657 ], [ 139.9, 35.791666666666657 ] ] ] } },
{ "type": "Feature", "properties": { "mesh": "53395753", "n_rl_records": 1, "n_rl_species": 1, "score_species_weighted": 4, "n_cr_en_species": 1, "effort_records": 33, "low_effort": false, "rl_record_share": 0.030303030303030304 }, "geometry": { "type": "Polygon", "coordinates": [ [ [ 139.925, 35.791666666666664 ], [ 139.925, 35.8 ], [ 139.9125, 35.8 ], [ 139.9125, 35.791666666666671 ], [ 139.925, 35.791666666666664 ] ] ] } },
{ "type": "Feature", "properties": { "mesh": "53395754", "n_rl_records": 2, "n_rl_species": 1, "score_species_weighted": 4, "n_cr_en_species": 1, "effort_records": 184, "low_effort": false, "rl_record_share": 0.010869565217391304 }, "geometry": { "type": "Polygon", "coordinates": [ [ [ 139.9375, 35.791666666666664 ], [ 139.9375, 35.8 ], [ 139.925, 35.8 ], [ 139.925, 35.791666666666664 ], [ 139.9375, 35.791666666666664 ] ] ] } },
{ "type": "Feature", "properties": { "mesh": "53395755", "n_rl_records": 2, "n_rl_species": 1, "score_species_weighted": 1, "n_cr_en_species": 0, "effort_records": 27, "low_effort": false, "rl_record_share": 0.07407407407407407 }, "geometry": { "type": "Polygon", "coordinates": [ [ [ 139.95, 35.791666666666664 ], [ 139.95, 35.8 ], [ 139.9375, 35.8 ], [ 139.9375, 35.791666666666664 ], [ 139.95, 35.791666666666664 ] ] ] } },
{ "type": "Feature", "properties": { "mesh": "53395765", "n_rl_records": 131, "n_rl_species": 6, "score_species_weighted": 14, "n_cr_en_species": 2, "effort_records": 2636, "low_effort": false, "rl_record_share": 0.049696509863429439 }, "geometry": { "type": "Polygon", "coordinates": [ [ [ 139.95, 35.8 ], [ 139.95, 35.80833333333333 ], [ 139.9375, 35.808333333333337 ], [ 139.9375, 35.8 ], [ 139.95, 35.8 ] ] ] } },
{ "type": "Feature", "properties": { "mesh": "53395768", "n_rl_records": 4, "n_rl_species": 1, "score_species_weighted": 4, "n_cr_en_species": 1, "effort_records": 42, "low_effort": false, "rl_record_share": 0.095238095238095233 }, "geometry": { "type": "Polygon", "coordinates": [ [ [ 139.9875, 35.8 ], [ 139.9875, 35.80833333333333 ], [ 139.975, 35.808333333333323 ], [ 139.975, 35.8 ], [ 139.9875, 35.8 ] ] ] } },
{ "type": "Feature", "properties": { "mesh": "53395773", "n_rl_records": 8, "n_rl_species": 1, "score_species_weighted": 4, "n_cr_en_species": 1, "effort_records": 712, "low_effort": false, "rl_record_share": 0.011235955056179775 }, "geometry": { "type": "Polygon", "coordinates": [ [ [ 139.925, 35.80833333333333 ], [ 139.925, 35.816666666666663 ], [ 139.9125, 35.81666666666667 ], [ 139.9125, 35.80833333333333 ], [ 139.925, 35.80833333333333 ] ] ] } },
{ "type": "Feature", "properties": { "mesh": "53395783", "n_rl_records": 1, "n_rl_species": 1, "score_species_weighted": 4, "n_cr_en_species": 1, "effort_records": 69, "low_effort": false, "rl_record_share": 0.014492753623188406 }, "geometry": { "type": "Polygon", "coordinates": [ [ [ 139.925, 35.816666666666663 ], [ 139.925, 35.825 ], [ 139.9125, 35.825 ], [ 139.9125, 35.81666666666667 ], [ 139.925, 35.816666666666663 ] ] ] } },
{ "type": "Feature", "properties": { "mesh": "53395784", "n_rl_records": 1, "n_rl_species": 1, "score_species_weighted": 4, "n_cr_en_species": 1, "effort_records": 37, "low_effort": false, "rl_record_share": 0.027027027027027029 }, "geometry": { "type": "Polygon", "coordinates": [ [ [ 139.9375, 35.81666666666667 ], [ 139.9375, 35.825 ], [ 139.925, 35.825 ], [ 139.925, 35.816666666666663 ], [ 139.9375, 35.81666666666667 ] ] ] } },
{ "type": "Feature", "properties": { "mesh": "53395785", "n_rl_records": 4, "n_rl_species": 4, "score_species_weighted": 7, "n_cr_en_species": 1, "effort_records": 157, "low_effort": false, "rl_record_share": 0.025477707006369428 }, "geometry": { "type": "Polygon", "coordinates": [ [ [ 139.95, 35.816666666666663 ], [ 139.95, 35.825 ], [ 139.9375, 35.825 ], [ 139.9375, 35.81666666666667 ], [ 139.95, 35.816666666666663 ] ] ] } },
{ "type": "Feature", "properties": { "mesh": "53395786", "n_rl_records": 7, "n_rl_species": 5, "score_species_weighted": 13, "n_cr_en_species": 3, "effort_records": 331, "low_effort": false, "rl_record_share": 0.021148036253776436 }, "geometry": { "type": "Polygon", "coordinates": [ [ [ 139.9625, 35.81666666666667 ], [ 139.9625, 35.825 ], [ 139.95, 35.825 ], [ 139.95, 35.816666666666663 ], [ 139.9625, 35.81666666666667 ] ] ] } },
{ "type": "Feature", "properties": { "mesh": "53395791", "n_rl_records": 1, "n_rl_species": 1, "score_species_weighted": 4, "n_cr_en_species": 1, "effort_records": 86, "low_effort": false, "rl_record_share": 0.011627906976744186 }, "geometry": { "type": "Polygon", "coordinates": [ [ [ 139.9, 35.825 ], [ 139.9, 35.833333333333329 ], [ 139.8875, 35.833333333333329 ], [ 139.8875, 35.825 ], [ 139.9, 35.825 ] ] ] } },
{ "type": "Feature", "properties": { "mesh": "53395796", "n_rl_records": 7, "n_rl_species": 4, "score_species_weighted": 11, "n_cr_en_species": 2, "effort_records": 51, "low_effort": false, "rl_record_share": 0.13725490196078433 }, "geometry": { "type": "Polygon", "coordinates": [ [ [ 139.9625, 35.825 ], [ 139.9625, 35.833333333333336 ], [ 139.95, 35.833333333333336 ], [ 139.95, 35.825 ], [ 139.9625, 35.825 ] ] ] } },
{ "type": "Feature", "properties": { "mesh": "53395797", "n_rl_records": 3, "n_rl_species": 2, "score_species_weighted": 8, "n_cr_en_species": 2, "effort_records": 80, "low_effort": false, "rl_record_share": 0.0375 }, "geometry": { "type": "Polygon", "coordinates": [ [ [ 139.975, 35.825 ], [ 139.975, 35.833333333333336 ], [ 139.9625, 35.833333333333336 ], [ 139.9625, 35.825 ], [ 139.975, 35.825 ] ] ] } },
{ "type": "Feature", "properties": { "mesh": "53396706", "n_rl_records": 1, "n_rl_species": 1, "score_species_weighted": 3, "n_cr_en_species": 1, "effort_records": 34, "low_effort": false, "rl_record_share": 0.029411764705882353 }, "geometry": { "type": "Polygon", "coordinates": [ [ [ 139.9625, 35.833333333333336 ], [ 139.9625, 35.841666666666669 ], [ 139.95, 35.841666666666669 ], [ 139.95, 35.833333333333336 ], [ 139.9625, 35.833333333333336 ] ] ] } },
{ "type": "Feature", "properties": { "mesh": "53396713", "n_rl_records": 3, "n_rl_species": 2, "score_species_weighted": 7, "n_cr_en_species": 2, "effort_records": 112, "low_effort": false, "rl_record_share": 0.026785714285714284 }, "geometry": { "type": "Polygon", "coordinates": [ [ [ 139.925, 35.841666666666676 ], [ 139.925, 35.85 ], [ 139.9125, 35.85 ], [ 139.9125, 35.841666666666669 ], [ 139.925, 35.841666666666676 ] ] ] } },
{ "type": "Feature", "properties": { "mesh": "53396714", "n_rl_records": 4, "n_rl_species": 1, "score_species_weighted": 4, "n_cr_en_species": 1, "effort_records": 235, "low_effort": false, "rl_record_share": 0.017021276595744681 }, "geometry": { "type": "Polygon", "coordinates": [ [ [ 139.9375, 35.841666666666669 ], [ 139.9375, 35.85 ], [ 139.925, 35.85 ], [ 139.925, 35.841666666666676 ], [ 139.9375, 35.841666666666669 ] ] ] } },
{ "type": "Feature", "properties": { "mesh": "53396719", "n_rl_records": 2, "n_rl_species": 2, "score_species_weighted": 5, "n_cr_en_species": 1, "effort_records": 20, "low_effort": false, "rl_record_share": 0.1 }, "geometry": { "type": "Polygon", "coordinates": [ [ [ 140.0, 35.841666666666669 ], [ 140.0, 35.85 ], [ 139.9875, 35.85 ], [ 139.9875, 35.841666666666676 ], [ 140.0, 35.841666666666669 ] ] ] } },
{ "type": "Feature", "properties": { "mesh": "53396724", "n_rl_records": 3, "n_rl_species": 2, "score_species_weighted": 3, "n_cr_en_species": 0, "effort_records": 48, "low_effort": false, "rl_record_share": 0.0625 }, "geometry": { "type": "Polygon", "coordinates": [ [ [ 139.9375, 35.85 ], [ 139.9375, 35.858333333333341 ], [ 139.925, 35.858333333333334 ], [ 139.925, 35.85 ], [ 139.9375, 35.85 ] ] ] } },
{ "type": "Feature", "properties": { "mesh": "53396727", "n_rl_records": 2, "n_rl_species": 1, "score_species_weighted": 3, "n_cr_en_species": 1, "effort_records": 114, "low_effort": false, "rl_record_share": 0.017543859649122806 }, "geometry": { "type": "Polygon", "coordinates": [ [ [ 139.975, 35.85 ], [ 139.975, 35.858333333333327 ], [ 139.9625, 35.858333333333334 ], [ 139.9625, 35.85 ], [ 139.975, 35.85 ] ] ] } },
{ "type": "Feature", "properties": { "mesh": "53396729", "n_rl_records": 2, "n_rl_species": 2, "score_species_weighted": 3, "n_cr_en_species": 0, "effort_records": 158, "low_effort": false, "rl_record_share": 0.012658227848101266 }, "geometry": { "type": "Polygon", "coordinates": [ [ [ 140.0, 35.85 ], [ 140.0, 35.858333333333327 ], [ 139.9875, 35.858333333333341 ], [ 139.9875, 35.85 ], [ 140.0, 35.85 ] ] ] } },
{ "type": "Feature", "properties": { "mesh": "53396733", "n_rl_records": 1, "n_rl_species": 1, "score_species_weighted": 4, "n_cr_en_species": 1, "effort_records": 16, "low_effort": true, "rl_record_share": 0.0625 }, "geometry": { "type": "Polygon", "coordinates": [ [ [ 139.925, 35.858333333333334 ], [ 139.925, 35.866666666666667 ], [ 139.9125, 35.866666666666667 ], [ 139.9125, 35.858333333333334 ], [ 139.925, 35.858333333333334 ] ] ] } },
{ "type": "Feature", "properties": { "mesh": "53396736", "n_rl_records": 1, "n_rl_species": 1, "score_species_weighted": 3, "n_cr_en_species": 1, "effort_records": 8, "low_effort": true, "rl_record_share": 0.125 }, "geometry": { "type": "Polygon", "coordinates": [ [ [ 139.9625, 35.858333333333334 ], [ 139.9625, 35.866666666666667 ], [ 139.95, 35.866666666666667 ], [ 139.95, 35.858333333333341 ], [ 139.9625, 35.858333333333334 ] ] ] } },
{ "type": "Feature", "properties": { "mesh": "53396737", "n_rl_records": 3, "n_rl_species": 3, "score_species_weighted": 8, "n_cr_en_species": 1, "effort_records": 183, "low_effort": false, "rl_record_share": 0.016393442622950821 }, "geometry": { "type": "Polygon", "coordinates": [ [ [ 139.975, 35.858333333333327 ], [ 139.975, 35.866666666666667 ], [ 139.9625, 35.866666666666667 ], [ 139.9625, 35.858333333333334 ], [ 139.975, 35.858333333333327 ] ] ] } },
{ "type": "Feature", "properties": { "mesh": "53396738", "n_rl_records": 1, "n_rl_species": 1, "score_species_weighted": 2, "n_cr_en_species": 0, "effort_records": 109, "low_effort": false, "rl_record_share": 0.0091743119266055051 }, "geometry": { "type": "Polygon", "coordinates": [ [ [ 139.9875, 35.858333333333341 ], [ 139.9875, 35.866666666666667 ], [ 139.975, 35.866666666666667 ], [ 139.975, 35.858333333333327 ], [ 139.9875, 35.858333333333341 ] ] ] } },
{ "type": "Feature", "properties": { "mesh": "53396739", "n_rl_records": 1, "n_rl_species": 1, "score_species_weighted": 4, "n_cr_en_species": 1, "effort_records": 43, "low_effort": false, "rl_record_share": 0.023255813953488372 }, "geometry": { "type": "Polygon", "coordinates": [ [ [ 140.0, 35.858333333333327 ], [ 140.0, 35.866666666666667 ], [ 139.9875, 35.866666666666667 ], [ 139.9875, 35.858333333333341 ], [ 140.0, 35.858333333333327 ] ] ] } },
{ "type": "Feature", "properties": { "mesh": "53396743", "n_rl_records": 80, "n_rl_species": 4, "score_species_weighted": 10, "n_cr_en_species": 2, "effort_records": 1711, "low_effort": false, "rl_record_share": 0.046756282875511396 }, "geometry": { "type": "Polygon", "coordinates": [ [ [ 139.925, 35.866666666666667 ], [ 139.925, 35.875 ], [ 139.9125, 35.875 ], [ 139.9125, 35.866666666666667 ], [ 139.925, 35.866666666666667 ] ] ] } },
{ "type": "Feature", "properties": { "mesh": "53396744", "n_rl_records": 3, "n_rl_species": 2, "score_species_weighted": 7, "n_cr_en_species": 2, "effort_records": 37, "low_effort": false, "rl_record_share": 0.081081081081081086 }, "geometry": { "type": "Polygon", "coordinates": [ [ [ 139.9375, 35.866666666666667 ], [ 139.9375, 35.875 ], [ 139.925, 35.875 ], [ 139.925, 35.866666666666667 ], [ 139.9375, 35.866666666666667 ] ] ] } },
{ "type": "Feature", "properties": { "mesh": "53396746", "n_rl_records": 3, "n_rl_species": 2, "score_species_weighted": 8, "n_cr_en_species": 2, "effort_records": 67, "low_effort": false, "rl_record_share": 0.044776119402985072 }, "geometry": { "type": "Polygon", "coordinates": [ [ [ 139.9625, 35.866666666666667 ], [ 139.9625, 35.875 ], [ 139.95, 35.875 ], [ 139.95, 35.866666666666667 ], [ 139.9625, 35.866666666666667 ] ] ] } },
{ "type": "Feature", "properties": { "mesh": "53396748", "n_rl_records": 3, "n_rl_species": 1, "score_species_weighted": 4, "n_cr_en_species": 1, "effort_records": 172, "low_effort": false, "rl_record_share": 0.017441860465116279 }, "geometry": { "type": "Polygon", "coordinates": [ [ [ 139.9875, 35.866666666666667 ], [ 139.9875, 35.875 ], [ 139.975, 35.875 ], [ 139.975, 35.866666666666667 ], [ 139.9875, 35.866666666666667 ] ] ] } },
{ "type": "Feature", "properties": { "mesh": "53396749", "n_rl_records": 24, "n_rl_species": 2, "score_species_weighted": 7, "n_cr_en_species": 2, "effort_records": 569, "low_effort": false, "rl_record_share": 0.0421792618629174 }, "geometry": { "type": "Polygon", "coordinates": [ [ [ 140.0, 35.866666666666667 ], [ 140.0, 35.875 ], [ 139.9875, 35.875 ], [ 139.9875, 35.866666666666667 ], [ 140.0, 35.866666666666667 ] ] ] } },
{ "type": "Feature", "properties": { "mesh": "53396755", "n_rl_records": 2, "n_rl_species": 1, "score_species_weighted": 1, "n_cr_en_species": 0, "effort_records": 10, "low_effort": true, "rl_record_share": 0.2 }, "geometry": { "type": "Polygon", "coordinates": [ [ [ 139.95, 35.875 ], [ 139.95, 35.883333333333333 ], [ 139.9375, 35.883333333333333 ], [ 139.9375, 35.875 ], [ 139.95, 35.875 ] ] ] } },
{ "type": "Feature", "properties": { "mesh": "53396759", "n_rl_records": 2, "n_rl_species": 1, "score_species_weighted": 4, "n_cr_en_species": 1, "effort_records": 99, "low_effort": false, "rl_record_share": 0.020202020202020204 }, "geometry": { "type": "Polygon", "coordinates": [ [ [ 140.0, 35.875 ], [ 140.0, 35.883333333333319 ], [ 139.9875, 35.883333333333326 ], [ 139.9875, 35.875 ], [ 140.0, 35.875 ] ] ] } },
{ "type": "Feature", "properties": { "mesh": "53396761", "n_rl_records": 1, "n_rl_species": 1, "score_species_weighted": 4, "n_cr_en_species": 1, "effort_records": 50, "low_effort": false, "rl_record_share": 0.02 }, "geometry": { "type": "Polygon", "coordinates": [ [ [ 139.9, 35.883333333333333 ], [ 139.9, 35.891666666666666 ], [ 139.8875, 35.891666666666666 ], [ 139.8875, 35.883333333333333 ], [ 139.9, 35.883333333333333 ] ] ] } },
{ "type": "Feature", "properties": { "mesh": "53396767", "n_rl_records": 1, "n_rl_species": 1, "score_species_weighted": 4, "n_cr_en_species": 1, "effort_records": 24, "low_effort": false, "rl_record_share": 0.041666666666666664 }, "geometry": { "type": "Polygon", "coordinates": [ [ [ 139.975, 35.883333333333333 ], [ 139.975, 35.891666666666666 ], [ 139.9625, 35.891666666666666 ], [ 139.9625, 35.883333333333326 ], [ 139.975, 35.883333333333333 ] ] ] } },
{ "type": "Feature", "properties": { "mesh": "53396771", "n_rl_records": 1, "n_rl_species": 1, "score_species_weighted": 4, "n_cr_en_species": 1, "effort_records": 164, "low_effort": false, "rl_record_share": 0.0060975609756097563 }, "geometry": { "type": "Polygon", "coordinates": [ [ [ 139.9, 35.891666666666666 ], [ 139.9, 35.9 ], [ 139.8875, 35.9 ], [ 139.8875, 35.891666666666666 ], [ 139.9, 35.891666666666666 ] ] ] } },
{ "type": "Feature", "properties": { "mesh": "53396775", "n_rl_records": 14, "n_rl_species": 4, "score_species_weighted": 10, "n_cr_en_species": 2, "effort_records": 784, "low_effort": false, "rl_record_share": 0.017857142857142856 }, "geometry": { "type": "Polygon", "coordinates": [ [ [ 139.95, 35.891666666666666 ], [ 139.95, 35.9 ], [ 139.9375, 35.9 ], [ 139.9375, 35.891666666666666 ], [ 139.95, 35.891666666666666 ] ] ] } },
{ "type": "Feature", "properties": { "mesh": "53396776", "n_rl_records": 16, "n_rl_species": 3, "score_species_weighted": 9, "n_cr_en_species": 2, "effort_records": 421, "low_effort": false, "rl_record_share": 0.03800475059382423 }, "geometry": { "type": "Polygon", "coordinates": [ [ [ 139.9625, 35.891666666666666 ], [ 139.9625, 35.9 ], [ 139.95, 35.9 ], [ 139.95, 35.891666666666666 ], [ 139.9625, 35.891666666666666 ] ] ] } },
{ "type": "Feature", "properties": { "mesh": "53396779", "n_rl_records": 1, "n_rl_species": 1, "score_species_weighted": 2, "n_cr_en_species": 0, "effort_records": 32, "low_effort": false, "rl_record_share": 0.03125 }, "geometry": { "type": "Polygon", "coordinates": [ [ [ 140.0, 35.891666666666666 ], [ 140.0, 35.9 ], [ 139.9875, 35.9 ], [ 139.9875, 35.891666666666666 ], [ 140.0, 35.891666666666666 ] ] ] } },
{ "type": "Feature", "properties": { "mesh": "53396785", "n_rl_records": 3, "n_rl_species": 2, "score_species_weighted": 3, "n_cr_en_species": 0, "effort_records": 497, "low_effort": false, "rl_record_share": 0.0060362173038229373 }, "geometry": { "type": "Polygon", "coordinates": [ [ [ 139.95, 35.9 ], [ 139.95, 35.908333333333339 ], [ 139.9375, 35.908333333333339 ], [ 139.9375, 35.9 ], [ 139.95, 35.9 ] ] ] } },
{ "type": "Feature", "properties": { "mesh": "53396787", "n_rl_records": 37, "n_rl_species": 3, "score_species_weighted": 7, "n_cr_en_species": 1, "effort_records": 1198, "low_effort": false, "rl_record_share": 0.030884808013355594 }, "geometry": { "type": "Polygon", "coordinates": [ [ [ 139.975, 35.9 ], [ 139.975, 35.908333333333331 ], [ 139.9625, 35.908333333333331 ], [ 139.9625, 35.9 ], [ 139.975, 35.9 ] ] ] } },
{ "type": "Feature", "properties": { "mesh": "53396791", "n_rl_records": 4, "n_rl_species": 3, "score_species_weighted": 11, "n_cr_en_species": 3, "effort_records": 220, "low_effort": false, "rl_record_share": 0.018181818181818181 }, "geometry": { "type": "Polygon", "coordinates": [ [ [ 139.9, 35.908333333333331 ], [ 139.9, 35.916666666666664 ], [ 139.8875, 35.916666666666664 ], [ 139.8875, 35.908333333333339 ], [ 139.9, 35.908333333333331 ] ] ] } },
{ "type": "Feature", "properties": { "mesh": "53396792", "n_rl_records": 1, "n_rl_species": 1, "score_species_weighted": 4, "n_cr_en_species": 1, "effort_records": 205, "low_effort": false, "rl_record_share": 0.0048780487804878049 }, "geometry": { "type": "Polygon", "coordinates": [ [ [ 139.9125, 35.908333333333339 ], [ 139.9125, 35.916666666666671 ], [ 139.9, 35.916666666666664 ], [ 139.9, 35.908333333333331 ], [ 139.9125, 35.908333333333339 ] ] ] } },
{ "type": "Feature", "properties": { "mesh": "53396793", "n_rl_records": 1, "n_rl_species": 1, "score_species_weighted": 4, "n_cr_en_species": 1, "effort_records": 79, "low_effort": false, "rl_record_share": 0.012658227848101266 }, "geometry": { "type": "Polygon", "coordinates": [ [ [ 139.925, 35.908333333333331 ], [ 139.925, 35.916666666666671 ], [ 139.9125, 35.916666666666671 ], [ 139.9125, 35.908333333333339 ], [ 139.925, 35.908333333333331 ] ] ] } },
{ "type": "Feature", "properties": { "mesh": "53396796", "n_rl_records": 23, "n_rl_species": 3, "score_species_weighted": 6, "n_cr_en_species": 1, "effort_records": 308, "low_effort": false, "rl_record_share": 0.074675324675324672 }, "geometry": { "type": "Polygon", "coordinates": [ [ [ 139.9625, 35.908333333333331 ], [ 139.9625, 35.916666666666664 ], [ 139.95, 35.916666666666671 ], [ 139.95, 35.908333333333339 ], [ 139.9625, 35.908333333333331 ] ] ] } },
{ "type": "Feature", "properties": { "mesh": "53396797", "n_rl_records": 11, "n_rl_species": 2, "score_species_weighted": 5, "n_cr_en_species": 1, "effort_records": 449, "low_effort": false, "rl_record_share": 0.024498886414253896 }, "geometry": { "type": "Polygon", "coordinates": [ [ [ 139.975, 35.908333333333331 ], [ 139.975, 35.916666666666671 ], [ 139.9625, 35.916666666666664 ], [ 139.9625, 35.908333333333331 ], [ 139.975, 35.908333333333331 ] ] ] } },
{ "type": "Feature", "properties": { "mesh": "53396798", "n_rl_records": 1, "n_rl_species": 1, "score_species_weighted": 4, "n_cr_en_species": 1, "effort_records": 26, "low_effort": false, "rl_record_share": 0.038461538461538464 }, "geometry": { "type": "Polygon", "coordinates": [ [ [ 139.9875, 35.908333333333331 ], [ 139.9875, 35.916666666666671 ], [ 139.975, 35.916666666666671 ], [ 139.975, 35.908333333333331 ], [ 139.9875, 35.908333333333331 ] ] ] } },
{ "type": "Feature", "properties": { "mesh": "53397628", "n_rl_records": 1, "n_rl_species": 1, "score_species_weighted": 4, "n_cr_en_species": 1, "effort_records": 15, "low_effort": true, "rl_record_share": 0.066666666666666666 }, "geometry": { "type": "Polygon", "coordinates": [ [ [ 139.8625, 35.93333333333333 ], [ 139.8625, 35.941666666666663 ], [ 139.85, 35.941666666666663 ], [ 139.85, 35.933333333333323 ], [ 139.8625, 35.93333333333333 ] ] ] } },
{ "type": "Feature", "properties": { "mesh": "53397647", "n_rl_records": 4, "n_rl_species": 2, "score_species_weighted": 7, "n_cr_en_species": 2, "effort_records": 131, "low_effort": false, "rl_record_share": 0.030534351145038167 }, "geometry": { "type": "Polygon", "coordinates": [ [ [ 139.85, 35.95 ], [ 139.85, 35.95833333333335 ], [ 139.8375, 35.958333333333343 ], [ 139.8375, 35.95 ], [ 139.85, 35.95 ] ] ] } },
{ "type": "Feature", "properties": { "mesh": "53397649", "n_rl_records": 1, "n_rl_species": 1, "score_species_weighted": 1, "n_cr_en_species": 0, "effort_records": 37, "low_effort": false, "rl_record_share": 0.027027027027027029 }, "geometry": { "type": "Polygon", "coordinates": [ [ [ 139.875, 35.95 ], [ 139.875, 35.958333333333329 ], [ 139.8625, 35.958333333333343 ], [ 139.8625, 35.95 ], [ 139.875, 35.95 ] ] ] } },
{ "type": "Feature", "properties": { "mesh": "53397658", "n_rl_records": 40, "n_rl_species": 8, "score_species_weighted": 19, "n_cr_en_species": 3, "effort_records": 662, "low_effort": false, "rl_record_share": 0.060422960725075532 }, "geometry": { "type": "Polygon", "coordinates": [ [ [ 139.8625, 35.958333333333343 ], [ 139.8625, 35.966666666666669 ], [ 139.85, 35.966666666666669 ], [ 139.85, 35.95833333333335 ], [ 139.8625, 35.958333333333343 ] ] ] } },
{ "type": "Feature", "properties": { "mesh": "53397689", "n_rl_records": 1, "n_rl_species": 1, "score_species_weighted": 1, "n_cr_en_species": 0, "effort_records": 13, "low_effort": true, "rl_record_share": 0.076923076923076927 }, "geometry": { "type": "Polygon", "coordinates": [ [ [ 139.875, 35.983333333333334 ], [ 139.875, 35.991666666666667 ], [ 139.8625, 35.99166666666666 ], [ 139.8625, 35.983333333333327 ], [ 139.875, 35.983333333333334 ] ] ] } },
{ "type": "Feature", "properties": { "mesh": "53397700", "n_rl_records": 4, "n_rl_species": 1, "score_species_weighted": 4, "n_cr_en_species": 1, "effort_records": 91, "low_effort": false, "rl_record_share": 0.043956043956043959 }, "geometry": { "type": "Polygon", "coordinates": [ [ [ 139.8875, 35.916666666666664 ], [ 139.8875, 35.925 ], [ 139.875, 35.925 ], [ 139.875, 35.916666666666664 ], [ 139.8875, 35.916666666666664 ] ] ] } },
{ "type": "Feature", "properties": { "mesh": "53397703", "n_rl_records": 10, "n_rl_species": 5, "score_species_weighted": 14, "n_cr_en_species": 3, "effort_records": 381, "low_effort": false, "rl_record_share": 0.026246719160104987 }, "geometry": { "type": "Polygon", "coordinates": [ [ [ 139.925, 35.916666666666671 ], [ 139.925, 35.925 ], [ 139.9125, 35.925 ], [ 139.9125, 35.916666666666671 ], [ 139.925, 35.916666666666671 ] ] ] } },
{ "type": "Feature", "properties": { "mesh": "53397706", "n_rl_records": 8, "n_rl_species": 3, "score_species_weighted": 7, "n_cr_en_species": 1, "effort_records": 131, "low_effort": false, "rl_record_share": 0.061068702290076333 }, "geometry": { "type": "Polygon", "coordinates": [ [ [ 139.9625, 35.916666666666664 ], [ 139.9625, 35.925 ], [ 139.95, 35.925 ], [ 139.95, 35.916666666666671 ], [ 139.9625, 35.916666666666664 ] ] ] } },
{ "type": "Feature", "properties": { "mesh": "53397711", "n_rl_records": 3, "n_rl_species": 2, "score_species_weighted": 7, "n_cr_en_species": 2, "effort_records": 92, "low_effort": false, "rl_record_share": 0.032608695652173912 }, "geometry": { "type": "Polygon", "coordinates": [ [ [ 139.9, 35.925 ], [ 139.9, 35.933333333333323 ], [ 139.8875, 35.933333333333316 ], [ 139.8875, 35.925 ], [ 139.9, 35.925 ] ] ] } },
{ "type": "Feature", "properties": { "mesh": "53397712", "n_rl_records": 2, "n_rl_species": 2, "score_species_weighted": 3, "n_cr_en_species": 0, "effort_records": 82, "low_effort": false, "rl_record_share": 0.024390243902439025 }, "geometry": { "type": "Polygon", "coordinates": [ [ [ 139.9125, 35.925 ], [ 139.9125, 35.93333333333333 ], [ 139.9, 35.933333333333323 ], [ 139.9, 35.925 ], [ 139.9125, 35.925 ] ] ] } },
{ "type": "Feature", "properties": { "mesh": "53397716", "n_rl_records": 16, "n_rl_species": 4, "score_species_weighted": 7, "n_cr_en_species": 1, "effort_records": 336, "low_effort": false, "rl_record_share": 0.047619047619047616 }, "geometry": { "type": "Polygon", "coordinates": [ [ [ 139.9625, 35.925 ], [ 139.9625, 35.933333333333323 ], [ 139.95, 35.933333333333323 ], [ 139.95, 35.925 ], [ 139.9625, 35.925 ] ] ] } },
{ "type": "Feature", "properties": { "mesh": "53397723", "n_rl_records": 1, "n_rl_species": 1, "score_species_weighted": 3, "n_cr_en_species": 1, "effort_records": 40, "low_effort": false, "rl_record_share": 0.025 }, "geometry": { "type": "Polygon", "coordinates": [ [ [ 139.925, 35.93333333333333 ], [ 139.925, 35.941666666666663 ], [ 139.9125, 35.941666666666663 ], [ 139.9125, 35.93333333333333 ], [ 139.925, 35.93333333333333 ] ] ] } },
{ "type": "Feature", "properties": { "mesh": "53397724", "n_rl_records": 14, "n_rl_species": 3, "score_species_weighted": 8, "n_cr_en_species": 2, "effort_records": 133, "low_effort": false, "rl_record_share": 0.10526315789473684 }, "geometry": { "type": "Polygon", "coordinates": [ [ [ 139.9375, 35.93333333333333 ], [ 139.9375, 35.941666666666663 ], [ 139.925, 35.941666666666663 ], [ 139.925, 35.93333333333333 ], [ 139.9375, 35.93333333333333 ] ] ] } },
{ "type": "Feature", "properties": { "mesh": "53397733", "n_rl_records": 4, "n_rl_species": 2, "score_species_weighted": 6, "n_cr_en_species": 1, "effort_records": 153, "low_effort": false, "rl_record_share": 0.026143790849673203 }, "geometry": { "type": "Polygon", "coordinates": [ [ [ 139.925, 35.941666666666663 ], [ 139.925, 35.95 ], [ 139.9125, 35.95 ], [ 139.9125, 35.941666666666663 ], [ 139.925, 35.941666666666663 ] ] ] } },
{ "type": "Feature", "properties": { "mesh": "53397741", "n_rl_records": 2, "n_rl_species": 2, "score_species_weighted": 7, "n_cr_en_species": 2, "effort_records": 54, "low_effort": false, "rl_record_share": 0.037037037037037035 }, "geometry": { "type": "Polygon", "coordinates": [ [ [ 139.9, 35.95 ], [ 139.9, 35.958333333333329 ], [ 139.8875, 35.958333333333343 ], [ 139.8875, 35.95 ], [ 139.9, 35.95 ] ] ] } },
{ "type": "Feature", "properties": { "mesh": "53397743", "n_rl_records": 1, "n_rl_species": 1, "score_species_weighted": 3, "n_cr_en_species": 1, "effort_records": 58, "low_effort": false, "rl_record_share": 0.017241379310344827 }, "geometry": { "type": "Polygon", "coordinates": [ [ [ 139.925, 35.95 ], [ 139.925, 35.958333333333343 ], [ 139.9125, 35.958333333333343 ], [ 139.9125, 35.95 ], [ 139.925, 35.95 ] ] ] } },
{ "type": "Feature", "properties": { "mesh": "53397744", "n_rl_records": 8, "n_rl_species": 6, "score_species_weighted": 14, "n_cr_en_species": 2, "effort_records": 71, "low_effort": false, "rl_record_share": 0.11267605633802817 }, "geometry": { "type": "Polygon", "coordinates": [ [ [ 139.9375, 35.95 ], [ 139.9375, 35.958333333333329 ], [ 139.925, 35.958333333333343 ], [ 139.925, 35.95 ], [ 139.9375, 35.95 ] ] ] } },
{ "type": "Feature", "properties": { "mesh": "53397745", "n_rl_records": 2, "n_rl_species": 1, "score_species_weighted": 4, "n_cr_en_species": 1, "effort_records": 119, "low_effort": false, "rl_record_share": 0.01680672268907563 }, "geometry": { "type": "Polygon", "coordinates": [ [ [ 139.95, 35.95 ], [ 139.95, 35.958333333333336 ], [ 139.9375, 35.958333333333329 ], [ 139.9375, 35.95 ], [ 139.95, 35.95 ] ] ] } },
{ "type": "Feature", "properties": { "mesh": "53397770", "n_rl_records": 1, "n_rl_species": 1, "score_species_weighted": 1, "n_cr_en_species": 0, "effort_records": 8, "low_effort": true, "rl_record_share": 0.125 }, "geometry": { "type": "Polygon", "coordinates": [ [ [ 139.8875, 35.975 ], [ 139.8875, 35.983333333333327 ], [ 139.875, 35.983333333333334 ], [ 139.875, 35.975 ], [ 139.8875, 35.975 ] ] ] } },
{ "type": "Feature", "properties": { "mesh": "53400006", "n_rl_records": 1, "n_rl_species": 1, "score_species_weighted": 1, "n_cr_en_species": 0, "effort_records": 8, "low_effort": true, "rl_record_share": 0.125 }, "geometry": { "type": "Polygon", "coordinates": [ [ [ 140.0875, 35.333333333333343 ], [ 140.0875, 35.341666666666669 ], [ 140.075, 35.341666666666669 ], [ 140.075, 35.33333333333335 ], [ 140.0875, 35.333333333333343 ] ] ] } },
{ "type": "Feature", "properties": { "mesh": "53400010", "n_rl_records": 1, "n_rl_species": 1, "score_species_weighted": 4, "n_cr_en_species": 1, "effort_records": 22, "low_effort": false, "rl_record_share": 0.045454545454545456 }, "geometry": { "type": "Polygon", "coordinates": [ [ [ 140.0125, 35.341666666666669 ], [ 140.0125, 35.35 ], [ 140.0, 35.35 ], [ 140.0, 35.341666666666669 ], [ 140.0125, 35.341666666666669 ] ] ] } },
{ "type": "Feature", "properties": { "mesh": "53400020", "n_rl_records": 2, "n_rl_species": 2, "score_species_weighted": 5, "n_cr_en_species": 1, "effort_records": 144, "low_effort": false, "rl_record_share": 0.013888888888888888 }, "geometry": { "type": "Polygon", "coordinates": [ [ [ 140.0125, 35.35 ], [ 140.0125, 35.358333333333327 ], [ 140.0, 35.358333333333334 ], [ 140.0, 35.35 ], [ 140.0125, 35.35 ] ] ] } },
{ "type": "Feature", "properties": { "mesh": "53400040", "n_rl_records": 1, "n_rl_species": 1, "score_species_weighted": 3, "n_cr_en_species": 1, "effort_records": 108, "low_effort": false, "rl_record_share": 0.0092592592592592587 }, "geometry": { "type": "Polygon", "coordinates": [ [ [ 140.0125, 35.366666666666667 ], [ 140.0125, 35.375 ], [ 140.0, 35.375 ], [ 140.0, 35.36666666666666 ], [ 140.0125, 35.366666666666667 ] ] ] } },
{ "type": "Feature", "properties": { "mesh": "53400041", "n_rl_records": 4, "n_rl_species": 3, "score_species_weighted": 7, "n_cr_en_species": 1, "effort_records": 128, "low_effort": false, "rl_record_share": 0.03125 }, "geometry": { "type": "Polygon", "coordinates": [ [ [ 140.025, 35.36666666666666 ], [ 140.025, 35.375 ], [ 140.0125, 35.375 ], [ 140.0125, 35.366666666666667 ], [ 140.025, 35.36666666666666 ] ] ] } },
{ "type": "Feature", "properties": { "mesh": "53400045", "n_rl_records": 1, "n_rl_species": 1, "score_species_weighted": 1, "n_cr_en_species": 0, "effort_records": 72, "low_effort": false, "rl_record_share": 0.013888888888888888 }, "geometry": { "type": "Polygon", "coordinates": [ [ [ 140.075, 35.366666666666667 ], [ 140.075, 35.375 ], [ 140.0625, 35.375 ], [ 140.0625, 35.366666666666667 ], [ 140.075, 35.366666666666667 ] ] ] } },
{ "type": "Feature", "properties": { "mesh": "53400047", "n_rl_records": 3, "n_rl_species": 3, "score_species_weighted": 9, "n_cr_en_species": 2, "effort_records": 68, "low_effort": false, "rl_record_share": 0.044117647058823532 }, "geometry": { "type": "Polygon", "coordinates": [ [ [ 140.1, 35.36666666666666 ], [ 140.1, 35.375 ], [ 140.0875, 35.375 ], [ 140.0875, 35.36666666666666 ], [ 140.1, 35.36666666666666 ] ] ] } },
{ "type": "Feature", "properties": { "mesh": "53400048", "n_rl_records": 7, "n_rl_species": 5, "score_species_weighted": 11, "n_cr_en_species": 1, "effort_records": 118, "low_effort": false, "rl_record_share": 0.059322033898305086 }, "geometry": { "type": "Polygon", "coordinates": [ [ [ 140.1125, 35.36666666666666 ], [ 140.1125, 35.375 ], [ 140.1, 35.375 ], [ 140.1, 35.36666666666666 ], [ 140.1125, 35.36666666666666 ] ] ] } },
{ "type": "Feature", "properties": { "mesh": "53400049", "n_rl_records": 5, "n_rl_species": 4, "score_species_weighted": 10, "n_cr_en_species": 2, "effort_records": 39, "low_effort": false, "rl_record_share": 0.12820512820512819 }, "geometry": { "type": "Polygon", "coordinates": [ [ [ 140.125, 35.366666666666674 ], [ 140.125, 35.375 ], [ 140.1125, 35.375 ], [ 140.1125, 35.36666666666666 ], [ 140.125, 35.366666666666674 ] ] ] } },
{ "type": "Feature", "properties": { "mesh": "53400050", "n_rl_records": 1, "n_rl_species": 1, "score_species_weighted": 3, "n_cr_en_species": 1, "effort_records": 58, "low_effort": false, "rl_record_share": 0.017241379310344827 }, "geometry": { "type": "Polygon", "coordinates": [ [ [ 140.0125, 35.375 ], [ 140.0125, 35.383333333333326 ], [ 140.0, 35.383333333333326 ], [ 140.0, 35.375 ], [ 140.0125, 35.375 ] ] ] } },
{ "type": "Feature", "properties": { "mesh": "53400055", "n_rl_records": 1, "n_rl_species": 1, "score_species_weighted": 2, "n_cr_en_species": 0, "effort_records": 8, "low_effort": true, "rl_record_share": 0.125 }, "geometry": { "type": "Polygon", "coordinates": [ [ [ 140.075, 35.375 ], [ 140.075, 35.383333333333333 ], [ 140.0625, 35.383333333333326 ], [ 140.0625, 35.375 ], [ 140.075, 35.375 ] ] ] } },
{ "type": "Feature", "properties": { "mesh": "53400056", "n_rl_records": 3, "n_rl_species": 3, "score_species_weighted": 5, "n_cr_en_species": 0, "effort_records": 69, "low_effort": false, "rl_record_share": 0.043478260869565216 }, "geometry": { "type": "Polygon", "coordinates": [ [ [ 140.0875, 35.375 ], [ 140.0875, 35.383333333333326 ], [ 140.075, 35.383333333333333 ], [ 140.075, 35.375 ], [ 140.0875, 35.375 ] ] ] } },
{ "type": "Feature", "properties": { "mesh": "53400059", "n_rl_records": 11, "n_rl_species": 8, "score_species_weighted": 21, "n_cr_en_species": 4, "effort_records": 237, "low_effort": false, "rl_record_share": 0.046413502109704644 }, "geometry": { "type": "Polygon", "coordinates": [ [ [ 140.125, 35.375 ], [ 140.125, 35.383333333333333 ], [ 140.1125, 35.383333333333326 ], [ 140.1125, 35.375 ], [ 140.125, 35.375 ] ] ] } },
{ "type": "Feature", "properties": { "mesh": "53400062", "n_rl_records": 1, "n_rl_species": 1, "score_species_weighted": 1, "n_cr_en_species": 0, "effort_records": 65, "low_effort": false, "rl_record_share": 0.015384615384615385 }, "geometry": { "type": "Polygon", "coordinates": [ [ [ 140.0375, 35.383333333333333 ], [ 140.0375, 35.391666666666659 ], [ 140.025, 35.391666666666659 ], [ 140.025, 35.383333333333333 ], [ 140.0375, 35.383333333333333 ] ] ] } },
{ "type": "Feature", "properties": { "mesh": "53400063", "n_rl_records": 6, "n_rl_species": 5, "score_species_weighted": 15, "n_cr_en_species": 3, "effort_records": 105, "low_effort": false, "rl_record_share": 0.057142857142857141 }, "geometry": { "type": "Polygon", "coordinates": [ [ [ 140.05, 35.383333333333326 ], [ 140.05, 35.391666666666659 ], [ 140.0375, 35.391666666666659 ], [ 140.0375, 35.383333333333333 ], [ 140.05, 35.383333333333326 ] ] ] } },
{ "type": "Feature", "properties": { "mesh": "53400064", "n_rl_records": 1, "n_rl_species": 1, "score_species_weighted": 1, "n_cr_en_species": 0, "effort_records": 25, "low_effort": false, "rl_record_share": 0.04 }, "geometry": { "type": "Polygon", "coordinates": [ [ [ 140.0625, 35.383333333333326 ], [ 140.0625, 35.391666666666666 ], [ 140.05, 35.391666666666659 ], [ 140.05, 35.383333333333326 ], [ 140.0625, 35.383333333333326 ] ] ] } },
{ "type": "Feature", "properties": { "mesh": "53400065", "n_rl_records": 9, "n_rl_species": 5, "score_species_weighted": 13, "n_cr_en_species": 3, "effort_records": 197, "low_effort": false, "rl_record_share": 0.045685279187817257 }, "geometry": { "type": "Polygon", "coordinates": [ [ [ 140.075, 35.383333333333333 ], [ 140.075, 35.391666666666666 ], [ 140.0625, 35.391666666666666 ], [ 140.0625, 35.383333333333326 ], [ 140.075, 35.383333333333333 ] ] ] } },
{ "type": "Feature", "properties": { "mesh": "53400066", "n_rl_records": 6, "n_rl_species": 5, "score_species_weighted": 13, "n_cr_en_species": 3, "effort_records": 179, "low_effort": false, "rl_record_share": 0.033519553072625698 }, "geometry": { "type": "Polygon", "coordinates": [ [ [ 140.0875, 35.383333333333326 ], [ 140.0875, 35.391666666666659 ], [ 140.075, 35.391666666666666 ], [ 140.075, 35.383333333333333 ], [ 140.0875, 35.383333333333326 ] ] ] } },
{ "type": "Feature", "properties": { "mesh": "53400068", "n_rl_records": 5, "n_rl_species": 3, "score_species_weighted": 4, "n_cr_en_species": 0, "effort_records": 65, "low_effort": false, "rl_record_share": 0.076923076923076927 }, "geometry": { "type": "Polygon", "coordinates": [ [ [ 140.1125, 35.383333333333326 ], [ 140.1125, 35.391666666666659 ], [ 140.1, 35.391666666666666 ], [ 140.1, 35.383333333333333 ], [ 140.1125, 35.383333333333326 ] ] ] } },
{ "type": "Feature", "properties": { "mesh": "53400069", "n_rl_records": 1, "n_rl_species": 1, "score_species_weighted": 3, "n_cr_en_species": 1, "effort_records": 30, "low_effort": false, "rl_record_share": 0.033333333333333333 }, "geometry": { "type": "Polygon", "coordinates": [ [ [ 140.125, 35.383333333333333 ], [ 140.125, 35.391666666666673 ], [ 140.1125, 35.391666666666659 ], [ 140.1125, 35.383333333333326 ], [ 140.125, 35.383333333333333 ] ] ] } },
{ "type": "Feature", "properties": { "mesh": "53400070", "n_rl_records": 1, "n_rl_species": 1, "score_species_weighted": 4, "n_cr_en_species": 1, "effort_records": 10, "low_effort": true, "rl_record_share": 0.1 }, "geometry": { "type": "Polygon", "coordinates": [ [ [ 140.0125, 35.391666666666666 ], [ 140.0125, 35.4 ], [ 140.0, 35.4 ], [ 140.0, 35.391666666666666 ], [ 140.0125, 35.391666666666666 ] ] ] } },
{ "type": "Feature", "properties": { "mesh": "53400072", "n_rl_records": 1, "n_rl_species": 1, "score_species_weighted": 2, "n_cr_en_species": 0, "effort_records": 72, "low_effort": false, "rl_record_share": 0.013888888888888888 }, "geometry": { "type": "Polygon", "coordinates": [ [ [ 140.0375, 35.391666666666659 ], [ 140.0375, 35.4 ], [ 140.025, 35.4 ], [ 140.025, 35.391666666666659 ], [ 140.0375, 35.391666666666659 ] ] ] } },
{ "type": "Feature", "properties": { "mesh": "53400073", "n_rl_records": 1, "n_rl_species": 1, "score_species_weighted": 1, "n_cr_en_species": 0, "effort_records": 34, "low_effort": false, "rl_record_share": 0.029411764705882353 }, "geometry": { "type": "Polygon", "coordinates": [ [ [ 140.05, 35.391666666666659 ], [ 140.05, 35.4 ], [ 140.0375, 35.4 ], [ 140.0375, 35.391666666666659 ], [ 140.05, 35.391666666666659 ] ] ] } },
{ "type": "Feature", "properties": { "mesh": "53400075", "n_rl_records": 1, "n_rl_species": 1, "score_species_weighted": 2, "n_cr_en_species": 0, "effort_records": 19, "low_effort": true, "rl_record_share": 0.052631578947368418 }, "geometry": { "type": "Polygon", "coordinates": [ [ [ 140.075, 35.391666666666666 ], [ 140.075, 35.4 ], [ 140.0625, 35.4 ], [ 140.0625, 35.391666666666666 ], [ 140.075, 35.391666666666666 ] ] ] } },
{ "type": "Feature", "properties": { "mesh": "53400079", "n_rl_records": 2, "n_rl_species": 2, "score_species_weighted": 3, "n_cr_en_species": 0, "effort_records": 56, "low_effort": false, "rl_record_share": 0.035714285714285712 }, "geometry": { "type": "Polygon", "coordinates": [ [ [ 140.125, 35.391666666666673 ], [ 140.125, 35.4 ], [ 140.1125, 35.4 ], [ 140.1125, 35.391666666666659 ], [ 140.125, 35.391666666666673 ] ] ] } },
{ "type": "Feature", "properties": { "mesh": "53400083", "n_rl_records": 1, "n_rl_species": 1, "score_species_weighted": 1, "n_cr_en_species": 0, "effort_records": 81, "low_effort": false, "rl_record_share": 0.012345679012345678 }, "geometry": { "type": "Polygon", "coordinates": [ [ [ 140.05, 35.4 ], [ 140.05, 35.408333333333324 ], [ 140.0375, 35.408333333333324 ], [ 140.0375, 35.4 ], [ 140.05, 35.4 ] ] ] } },
{ "type": "Feature", "properties": { "mesh": "53400087", "n_rl_records": 4, "n_rl_species": 4, "score_species_weighted": 14, "n_cr_en_species": 3, "effort_records": 183, "low_effort": false, "rl_record_share": 0.02185792349726776 }, "geometry": { "type": "Polygon", "coordinates": [ [ [ 140.1, 35.4 ], [ 140.1, 35.408333333333331 ], [ 140.0875, 35.408333333333331 ], [ 140.0875, 35.4 ], [ 140.1, 35.4 ] ] ] } },
{ "type": "Feature", "properties": { "mesh": "53400088", "n_rl_records": 3, "n_rl_species": 3, "score_species_weighted": 7, "n_cr_en_species": 1, "effort_records": 114, "low_effort": false, "rl_record_share": 0.026315789473684209 }, "geometry": { "type": "Polygon", "coordinates": [ [ [ 140.1125, 35.4 ], [ 140.1125, 35.408333333333331 ], [ 140.1, 35.408333333333331 ], [ 140.1, 35.4 ], [ 140.1125, 35.4 ] ] ] } },
{ "type": "Feature", "properties": { "mesh": "53400089", "n_rl_records": 3, "n_rl_species": 3, "score_species_weighted": 11, "n_cr_en_species": 3, "effort_records": 134, "low_effort": false, "rl_record_share": 0.022388059701492536 }, "geometry": { "type": "Polygon", "coordinates": [ [ [ 140.125, 35.4 ], [ 140.125, 35.408333333333331 ], [ 140.1125, 35.408333333333331 ], [ 140.1125, 35.4 ], [ 140.125, 35.4 ] ] ] } },
{ "type": "Feature", "properties": { "mesh": "53400093", "n_rl_records": 2, "n_rl_species": 2, "score_species_weighted": 5, "n_cr_en_species": 1, "effort_records": 107, "low_effort": false, "rl_record_share": 0.018691588785046728 }, "geometry": { "type": "Polygon", "coordinates": [ [ [ 140.05, 35.408333333333324 ], [ 140.05, 35.416666666666664 ], [ 140.0375, 35.416666666666664 ], [ 140.0375, 35.408333333333324 ], [ 140.05, 35.408333333333324 ] ] ] } },
{ "type": "Feature", "properties": { "mesh": "53400094", "n_rl_records": 4, "n_rl_species": 3, "score_species_weighted": 9, "n_cr_en_species": 2, "effort_records": 90, "low_effort": false, "rl_record_share": 0.044444444444444446 }, "geometry": { "type": "Polygon", "coordinates": [ [ [ 140.0625, 35.408333333333324 ], [ 140.0625, 35.416666666666664 ], [ 140.05, 35.416666666666664 ], [ 140.05, 35.408333333333324 ], [ 140.0625, 35.408333333333324 ] ] ] } },
{ "type": "Feature", "properties": { "mesh": "53400097", "n_rl_records": 2, "n_rl_species": 2, "score_species_weighted": 6, "n_cr_en_species": 2, "effort_records": 62, "low_effort": false, "rl_record_share": 0.032258064516129031 }, "geometry": { "type": "Polygon", "coordinates": [ [ [ 140.1, 35.408333333333331 ], [ 140.1, 35.416666666666657 ], [ 140.0875, 35.416666666666664 ], [ 140.0875, 35.408333333333331 ], [ 140.1, 35.408333333333331 ] ] ] } },
{ "type": "Feature", "properties": { "mesh": "53400100", "n_rl_records": 2, "n_rl_species": 2, "score_species_weighted": 6, "n_cr_en_species": 1, "effort_records": 16, "low_effort": true, "rl_record_share": 0.125 }, "geometry": { "type": "Polygon", "coordinates": [ [ [ 140.1375, 35.333333333333343 ], [ 140.1375, 35.341666666666669 ], [ 140.125, 35.341666666666669 ], [ 140.125, 35.333333333333343 ], [ 140.1375, 35.333333333333343 ] ] ] } },
{ "type": "Feature", "properties": { "mesh": "53400101", "n_rl_records": 2, "n_rl_species": 2, "score_species_weighted": 5, "n_cr_en_species": 1, "effort_records": 20, "low_effort": false, "rl_record_share": 0.1 }, "geometry": { "type": "Polygon", "coordinates": [ [ [ 140.15, 35.33333333333335 ], [ 140.15, 35.341666666666669 ], [ 140.1375, 35.341666666666669 ], [ 140.1375, 35.333333333333343 ], [ 140.15, 35.33333333333335 ] ] ] } },
{ "type": "Feature", "properties": { "mesh": "53400102", "n_rl_records": 5, "n_rl_species": 4, "score_species_weighted": 10, "n_cr_en_species": 2, "effort_records": 69, "low_effort": false, "rl_record_share": 0.072463768115942032 }, "geometry": { "type": "Polygon", "coordinates": [ [ [ 140.1625, 35.333333333333336 ], [ 140.1625, 35.341666666666669 ], [ 140.15, 35.341666666666669 ], [ 140.15, 35.33333333333335 ], [ 140.1625, 35.333333333333336 ] ] ] } },
{ "type": "Feature", "properties": { "mesh": "53400103", "n_rl_records": 3, "n_rl_species": 3, "score_species_weighted": 10, "n_cr_en_species": 2, "effort_records": 44, "low_effort": false, "rl_record_share": 0.068181818181818177 }, "geometry": { "type": "Polygon", "coordinates": [ [ [ 140.175, 35.33333333333335 ], [ 140.175, 35.341666666666669 ], [ 140.1625, 35.341666666666669 ], [ 140.1625, 35.333333333333336 ], [ 140.175, 35.33333333333335 ] ] ] } },
{ "type": "Feature", "properties": { "mesh": "53400105", "n_rl_records": 2, "n_rl_species": 1, "score_species_weighted": 4, "n_cr_en_species": 1, "effort_records": 45, "low_effort": false, "rl_record_share": 0.044444444444444446 }, "geometry": { "type": "Polygon", "coordinates": [ [ [ 140.2, 35.333333333333343 ], [ 140.2, 35.341666666666669 ], [ 140.1875, 35.341666666666669 ], [ 140.1875, 35.333333333333343 ], [ 140.2, 35.333333333333343 ] ] ] } },
{ "type": "Feature", "properties": { "mesh": "53400107", "n_rl_records": 1, "n_rl_species": 1, "score_species_weighted": 4, "n_cr_en_species": 1, "effort_records": 10, "low_effort": true, "rl_record_share": 0.1 }, "geometry": { "type": "Polygon", "coordinates": [ [ [ 140.225, 35.33333333333335 ], [ 140.225, 35.341666666666669 ], [ 140.2125, 35.341666666666676 ], [ 140.2125, 35.333333333333343 ], [ 140.225, 35.33333333333335 ] ] ] } },
{ "type": "Feature", "properties": { "mesh": "53400110", "n_rl_records": 9, "n_rl_species": 8, "score_species_weighted": 22, "n_cr_en_species": 4, "effort_records": 170, "low_effort": false, "rl_record_share": 0.052941176470588235 }, "geometry": { "type": "Polygon", "coordinates": [ [ [ 140.1375, 35.341666666666669 ], [ 140.1375, 35.35 ], [ 140.125, 35.35 ], [ 140.125, 35.341666666666669 ], [ 140.1375, 35.341666666666669 ] ] ] } },
{ "type": "Feature", "properties": { "mesh": "53400111", "n_rl_records": 2, "n_rl_species": 2, "score_species_weighted": 5, "n_cr_en_species": 1, "effort_records": 121, "low_effort": false, "rl_record_share": 0.016528925619834711 }, "geometry": { "type": "Polygon", "coordinates": [ [ [ 140.15, 35.341666666666669 ], [ 140.15, 35.35 ], [ 140.1375, 35.35 ], [ 140.1375, 35.341666666666669 ], [ 140.15, 35.341666666666669 ] ] ] } },
{ "type": "Feature", "properties": { "mesh": "53400114", "n_rl_records": 1, "n_rl_species": 1, "score_species_weighted": 4, "n_cr_en_species": 1, "effort_records": 26, "low_effort": false, "rl_record_share": 0.038461538461538464 }, "geometry": { "type": "Polygon", "coordinates": [ [ [ 140.1875, 35.341666666666669 ], [ 140.1875, 35.35 ], [ 140.175, 35.35 ], [ 140.175, 35.341666666666669 ], [ 140.1875, 35.341666666666669 ] ] ] } },
{ "type": "Feature", "properties": { "mesh": "53400120", "n_rl_records": 2, "n_rl_species": 2, "score_species_weighted": 7, "n_cr_en_species": 2, "effort_records": 35, "low_effort": false, "rl_record_share": 0.057142857142857141 }, "geometry": { "type": "Polygon", "coordinates": [ [ [ 140.1375, 35.35 ], [ 140.1375, 35.358333333333334 ], [ 140.125, 35.358333333333334 ], [ 140.125, 35.35 ], [ 140.1375, 35.35 ] ] ] } },
{ "type": "Feature", "properties": { "mesh": "53400121", "n_rl_records": 1, "n_rl_species": 1, "score_species_weighted": 2, "n_cr_en_species": 0, "effort_records": 55, "low_effort": false, "rl_record_share": 0.018181818181818181 }, "geometry": { "type": "Polygon", "coordinates": [ [ [ 140.15, 35.35 ], [ 140.15, 35.358333333333341 ], [ 140.1375, 35.358333333333334 ], [ 140.1375, 35.35 ], [ 140.15, 35.35 ] ] ] } },
{ "type": "Feature", "properties": { "mesh": "53400122", "n_rl_records": 4, "n_rl_species": 3, "score_species_weighted": 9, "n_cr_en_species": 2, "effort_records": 44, "low_effort": false, "rl_record_share": 0.090909090909090912 }, "geometry": { "type": "Polygon", "coordinates": [ [ [ 140.1625, 35.35 ], [ 140.1625, 35.358333333333327 ], [ 140.15, 35.358333333333341 ], [ 140.15, 35.35 ], [ 140.1625, 35.35 ] ] ] } },
{ "type": "Feature", "properties": { "mesh": "53400130", "n_rl_records": 1, "n_rl_species": 1, "score_species_weighted": 3, "n_cr_en_species": 1, "effort_records": 21, "low_effort": false, "rl_record_share": 0.047619047619047616 }, "geometry": { "type": "Polygon", "coordinates": [ [ [ 140.1375, 35.358333333333334 ], [ 140.1375, 35.366666666666667 ], [ 140.125, 35.366666666666674 ], [ 140.125, 35.358333333333334 ], [ 140.1375, 35.358333333333334 ] ] ] } },
{ "type": "Feature", "properties": { "mesh": "53400131", "n_rl_records": 1, "n_rl_species": 1, "score_species_weighted": 3, "n_cr_en_species": 1, "effort_records": 15, "low_effort": true, "rl_record_share": 0.066666666666666666 }, "geometry": { "type": "Polygon", "coordinates": [ [ [ 140.15, 35.358333333333341 ], [ 140.15, 35.366666666666667 ], [ 140.1375, 35.366666666666667 ], [ 140.1375, 35.358333333333334 ], [ 140.15, 35.358333333333341 ] ] ] } },
{ "type": "Feature", "properties": { "mesh": "53400132", "n_rl_records": 1, "n_rl_species": 1, "score_species_weighted": 3, "n_cr_en_species": 1, "effort_records": 63, "low_effort": false, "rl_record_share": 0.015873015873015872 }, "geometry": { "type": "Polygon", "coordinates": [ [ [ 140.1625, 35.358333333333327 ], [ 140.1625, 35.366666666666667 ], [ 140.15, 35.366666666666667 ], [ 140.15, 35.358333333333341 ], [ 140.1625, 35.358333333333327 ] ] ] } },
{ "type": "Feature", "properties": { "mesh": "53400135", "n_rl_records": 1, "n_rl_species": 1, "score_species_weighted": 4, "n_cr_en_species": 1, "effort_records": 26, "low_effort": false, "rl_record_share": 0.038461538461538464 }, "geometry": { "type": "Polygon", "coordinates": [ [ [ 140.2, 35.358333333333334 ], [ 140.2, 35.36666666666666 ], [ 140.1875, 35.366666666666667 ], [ 140.1875, 35.358333333333334 ], [ 140.2, 35.358333333333334 ] ] ] } },
{ "type": "Feature", "properties": { "mesh": "53400140", "n_rl_records": 1, "n_rl_species": 1, "score_species_weighted": 1, "n_cr_en_species": 0, "effort_records": 22, "low_effort": false, "rl_record_share": 0.045454545454545456 }, "geometry": { "type": "Polygon", "coordinates": [ [ [ 140.1375, 35.366666666666667 ], [ 140.1375, 35.375 ], [ 140.125, 35.375 ], [ 140.125, 35.366666666666674 ], [ 140.1375, 35.366666666666667 ] ] ] } },
{ "type": "Feature", "properties": { "mesh": "53400142", "n_rl_records": 14, "n_rl_species": 10, "score_species_weighted": 28, "n_cr_en_species": 6, "effort_records": 338, "low_effort": false, "rl_record_share": 0.04142011834319527 }, "geometry": { "type": "Polygon", "coordinates": [ [ [ 140.1625, 35.366666666666667 ], [ 140.1625, 35.375 ], [ 140.15, 35.375 ], [ 140.15, 35.366666666666667 ], [ 140.1625, 35.366666666666667 ] ] ] } },
{ "type": "Feature", "properties": { "mesh": "53400143", "n_rl_records": 5, "n_rl_species": 2, "score_species_weighted": 3, "n_cr_en_species": 0, "effort_records": 75, "low_effort": false, "rl_record_share": 0.066666666666666666 }, "geometry": { "type": "Polygon", "coordinates": [ [ [ 140.175, 35.36666666666666 ], [ 140.175, 35.375 ], [ 140.1625, 35.375 ], [ 140.1625, 35.366666666666667 ], [ 140.175, 35.36666666666666 ] ] ] } },
{ "type": "Feature", "properties": { "mesh": "53400144", "n_rl_records": 2, "n_rl_species": 2, "score_species_weighted": 4, "n_cr_en_species": 1, "effort_records": 167, "low_effort": false, "rl_record_share": 0.011976047904191617 }, "geometry": { "type": "Polygon", "coordinates": [ [ [ 140.1875, 35.366666666666667 ], [ 140.1875, 35.375 ], [ 140.175, 35.375 ], [ 140.175, 35.36666666666666 ], [ 140.1875, 35.366666666666667 ] ] ] } },
{ "type": "Feature", "properties": { "mesh": "53400145", "n_rl_records": 1, "n_rl_species": 1, "score_species_weighted": 4, "n_cr_en_species": 1, "effort_records": 20, "low_effort": false, "rl_record_share": 0.05 }, "geometry": { "type": "Polygon", "coordinates": [ [ [ 140.2, 35.36666666666666 ], [ 140.2, 35.375 ], [ 140.1875, 35.375 ], [ 140.1875, 35.366666666666667 ], [ 140.2, 35.36666666666666 ] ] ] } },
{ "type": "Feature", "properties": { "mesh": "53400146", "n_rl_records": 5, "n_rl_species": 5, "score_species_weighted": 10, "n_cr_en_species": 2, "effort_records": 104, "low_effort": false, "rl_record_share": 0.04807692307692308 }, "geometry": { "type": "Polygon", "coordinates": [ [ [ 140.2125, 35.36666666666666 ], [ 140.2125, 35.375 ], [ 140.2, 35.375 ], [ 140.2, 35.36666666666666 ], [ 140.2125, 35.36666666666666 ] ] ] } },
{ "type": "Feature", "properties": { "mesh": "53400154", "n_rl_records": 4, "n_rl_species": 3, "score_species_weighted": 8, "n_cr_en_species": 2, "effort_records": 261, "low_effort": false, "rl_record_share": 0.01532567049808429 }, "geometry": { "type": "Polygon", "coordinates": [ [ [ 140.1875, 35.375 ], [ 140.1875, 35.383333333333326 ], [ 140.175, 35.383333333333333 ], [ 140.175, 35.375 ], [ 140.1875, 35.375 ] ] ] } },
{ "type": "Feature", "properties": { "mesh": "53400155", "n_rl_records": 3, "n_rl_species": 3, "score_species_weighted": 5, "n_cr_en_species": 1, "effort_records": 107, "low_effort": false, "rl_record_share": 0.028037383177570093 }, "geometry": { "type": "Polygon", "coordinates": [ [ [ 140.2, 35.375 ], [ 140.2, 35.383333333333333 ], [ 140.1875, 35.383333333333326 ], [ 140.1875, 35.375 ], [ 140.2, 35.375 ] ] ] } },
{ "type": "Feature", "properties": { "mesh": "53400159", "n_rl_records": 2, "n_rl_species": 1, "score_species_weighted": 1, "n_cr_en_species": 0, "effort_records": 3, "low_effort": true, "rl_record_share": 0.66666666666666663 }, "geometry": { "type": "Polygon", "coordinates": [ [ [ 140.25, 35.375 ], [ 140.25, 35.383333333333333 ], [ 140.2375, 35.383333333333326 ], [ 140.2375, 35.375 ], [ 140.25, 35.375 ] ] ] } },
{ "type": "Feature", "properties": { "mesh": "53400160", "n_rl_records": 2, "n_rl_species": 2, "score_species_weighted": 6, "n_cr_en_species": 1, "effort_records": 224, "low_effort": false, "rl_record_share": 0.0089285714285714281 }, "geometry": { "type": "Polygon", "coordinates": [ [ [ 140.1375, 35.383333333333326 ], [ 140.1375, 35.391666666666666 ], [ 140.125, 35.391666666666673 ], [ 140.125, 35.383333333333333 ], [ 140.1375, 35.383333333333326 ] ] ] } },
{ "type": "Feature", "properties": { "mesh": "53400161", "n_rl_records": 11, "n_rl_species": 9, "score_species_weighted": 26, "n_cr_en_species": 6, "effort_records": 526, "low_effort": false, "rl_record_share": 0.020912547528517109 }, "geometry": { "type": "Polygon", "coordinates": [ [ [ 140.15, 35.383333333333333 ], [ 140.15, 35.391666666666666 ], [ 140.1375, 35.391666666666666 ], [ 140.1375, 35.383333333333326 ], [ 140.15, 35.383333333333333 ] ] ] } },
{ "type": "Feature", "properties": { "mesh": "53400163", "n_rl_records": 1, "n_rl_species": 1, "score_species_weighted": 2, "n_cr_en_species": 0, "effort_records": 36, "low_effort": false, "rl_record_share": 0.027777777777777776 }, "geometry": { "type": "Polygon", "coordinates": [ [ [ 140.175, 35.383333333333333 ], [ 140.175, 35.391666666666666 ], [ 140.1625, 35.391666666666659 ], [ 140.1625, 35.383333333333333 ], [ 140.175, 35.383333333333333 ] ] ] } },
{ "type": "Feature", "properties": { "mesh": "53400164", "n_rl_records": 4, "n_rl_species": 3, "score_species_weighted": 11, "n_cr_en_species": 3, "effort_records": 83, "low_effort": false, "rl_record_share": 0.048192771084337352 }, "geometry": { "type": "Polygon", "coordinates": [ [ [ 140.1875, 35.383333333333326 ], [ 140.1875, 35.391666666666666 ], [ 140.175, 35.391666666666666 ], [ 140.175, 35.383333333333333 ], [ 140.1875, 35.383333333333326 ] ] ] } },
{ "type": "Feature", "properties": { "mesh": "53400166", "n_rl_records": 2, "n_rl_species": 2, "score_species_weighted": 2, "n_cr_en_species": 0, "effort_records": 9, "low_effort": true, "rl_record_share": 0.22222222222222221 }, "geometry": { "type": "Polygon", "coordinates": [ [ [ 140.2125, 35.383333333333333 ], [ 140.2125, 35.391666666666666 ], [ 140.2, 35.391666666666666 ], [ 140.2, 35.383333333333333 ], [ 140.2125, 35.383333333333333 ] ] ] } },
{ "type": "Feature", "properties": { "mesh": "53400170", "n_rl_records": 2, "n_rl_species": 1, "score_species_weighted": 3, "n_cr_en_species": 1, "effort_records": 36, "low_effort": false, "rl_record_share": 0.055555555555555552 }, "geometry": { "type": "Polygon", "coordinates": [ [ [ 140.1375, 35.391666666666666 ], [ 140.1375, 35.4 ], [ 140.125, 35.4 ], [ 140.125, 35.391666666666673 ], [ 140.1375, 35.391666666666666 ] ] ] } },
{ "type": "Feature", "properties": { "mesh": "53400172", "n_rl_records": 2, "n_rl_species": 2, "score_species_weighted": 5, "n_cr_en_species": 1, "effort_records": 86, "low_effort": false, "rl_record_share": 0.023255813953488372 }, "geometry": { "type": "Polygon", "coordinates": [ [ [ 140.1625, 35.391666666666659 ], [ 140.1625, 35.4 ], [ 140.15, 35.4 ], [ 140.15, 35.391666666666666 ], [ 140.1625, 35.391666666666659 ] ] ] } },
{ "type": "Feature", "properties": { "mesh": "53400173", "n_rl_records": 8, "n_rl_species": 8, "score_species_weighted": 19, "n_cr_en_species": 5, "effort_records": 417, "low_effort": false, "rl_record_share": 0.019184652278177457 }, "geometry": { "type": "Polygon", "coordinates": [ [ [ 140.175, 35.391666666666666 ], [ 140.175, 35.4 ], [ 140.1625, 35.4 ], [ 140.1625, 35.391666666666659 ], [ 140.175, 35.391666666666666 ] ] ] } },
{ "type": "Feature", "properties": { "mesh": "53400174", "n_rl_records": 3, "n_rl_species": 3, "score_species_weighted": 6, "n_cr_en_species": 1, "effort_records": 44, "low_effort": false, "rl_record_share": 0.068181818181818177 }, "geometry": { "type": "Polygon", "coordinates": [ [ [ 140.1875, 35.391666666666666 ], [ 140.1875, 35.4 ], [ 140.175, 35.4 ], [ 140.175, 35.391666666666666 ], [ 140.1875, 35.391666666666666 ] ] ] } },
{ "type": "Feature", "properties": { "mesh": "53400182", "n_rl_records": 1, "n_rl_species": 1, "score_species_weighted": 1, "n_cr_en_species": 0, "effort_records": 55, "low_effort": false, "rl_record_share": 0.018181818181818181 }, "geometry": { "type": "Polygon", "coordinates": [ [ [ 140.1625, 35.4 ], [ 140.1625, 35.408333333333331 ], [ 140.15, 35.408333333333331 ], [ 140.15, 35.4 ], [ 140.1625, 35.4 ] ] ] } },
{ "type": "Feature", "properties": { "mesh": "53400183", "n_rl_records": 1, "n_rl_species": 1, "score_species_weighted": 1, "n_cr_en_species": 0, "effort_records": 33, "low_effort": false, "rl_record_share": 0.030303030303030304 }, "geometry": { "type": "Polygon", "coordinates": [ [ [ 140.175, 35.4 ], [ 140.175, 35.408333333333331 ], [ 140.1625, 35.408333333333331 ], [ 140.1625, 35.4 ], [ 140.175, 35.4 ] ] ] } },
{ "type": "Feature", "properties": { "mesh": "53400184", "n_rl_records": 2, "n_rl_species": 1, "score_species_weighted": 3, "n_cr_en_species": 1, "effort_records": 30, "low_effort": false, "rl_record_share": 0.066666666666666666 }, "geometry": { "type": "Polygon", "coordinates": [ [ [ 140.1875, 35.4 ], [ 140.1875, 35.408333333333331 ], [ 140.175, 35.408333333333331 ], [ 140.175, 35.4 ], [ 140.1875, 35.4 ] ] ] } },
{ "type": "Feature", "properties": { "mesh": "53400190", "n_rl_records": 1, "n_rl_species": 1, "score_species_weighted": 4, "n_cr_en_species": 1, "effort_records": 27, "low_effort": false, "rl_record_share": 0.037037037037037035 }, "geometry": { "type": "Polygon", "coordinates": [ [ [ 140.1375, 35.408333333333324 ], [ 140.1375, 35.416666666666664 ], [ 140.125, 35.416666666666664 ], [ 140.125, 35.408333333333331 ], [ 140.1375, 35.408333333333324 ] ] ] } },
{ "type": "Feature", "properties": { "mesh": "53400191", "n_rl_records": 1, "n_rl_species": 1, "score_species_weighted": 4, "n_cr_en_species": 1, "effort_records": 65, "low_effort": false, "rl_record_share": 0.015384615384615385 }, "geometry": { "type": "Polygon", "coordinates": [ [ [ 140.15, 35.408333333333331 ], [ 140.15, 35.416666666666664 ], [ 140.1375, 35.416666666666664 ], [ 140.1375, 35.408333333333324 ], [ 140.15, 35.408333333333331 ] ] ] } },
{ "type": "Feature", "properties": { "mesh": "53400192", "n_rl_records": 2, "n_rl_species": 1, "score_species_weighted": 1, "n_cr_en_species": 0, "effort_records": 8, "low_effort": true, "rl_record_share": 0.25 }, "geometry": { "type": "Polygon", "coordinates": [ [ [ 140.1625, 35.408333333333331 ], [ 140.1625, 35.416666666666671 ], [ 140.15, 35.416666666666664 ], [ 140.15, 35.408333333333331 ], [ 140.1625, 35.408333333333331 ] ] ] } },
{ "type": "Feature", "properties": { "mesh": "53400195", "n_rl_records": 3, "n_rl_species": 3, "score_species_weighted": 10, "n_cr_en_species": 3, "effort_records": 81, "low_effort": false, "rl_record_share": 0.037037037037037035 }, "geometry": { "type": "Polygon", "coordinates": [ [ [ 140.2, 35.408333333333324 ], [ 140.2, 35.416666666666664 ], [ 140.1875, 35.416666666666664 ], [ 140.1875, 35.408333333333331 ], [ 140.2, 35.408333333333324 ] ] ] } },
{ "type": "Feature", "properties": { "mesh": "53400201", "n_rl_records": 1, "n_rl_species": 1, "score_species_weighted": 3, "n_cr_en_species": 1, "effort_records": 11, "low_effort": true, "rl_record_share": 0.090909090909090912 }, "geometry": { "type": "Polygon", "coordinates": [ [ [ 140.275, 35.333333333333343 ], [ 140.275, 35.341666666666669 ], [ 140.2625, 35.341666666666669 ], [ 140.2625, 35.333333333333336 ], [ 140.275, 35.333333333333343 ] ] ] } },
{ "type": "Feature", "properties": { "mesh": "53400207", "n_rl_records": 1, "n_rl_species": 1, "score_species_weighted": 4, "n_cr_en_species": 1, "effort_records": 22, "low_effort": false, "rl_record_share": 0.045454545454545456 }, "geometry": { "type": "Polygon", "coordinates": [ [ [ 140.35, 35.333333333333343 ], [ 140.35, 35.341666666666669 ], [ 140.3375, 35.341666666666669 ], [ 140.3375, 35.33333333333335 ], [ 140.35, 35.333333333333343 ] ] ] } },
{ "type": "Feature", "properties": { "mesh": "53400209", "n_rl_records": 1, "n_rl_species": 1, "score_species_weighted": 2, "n_cr_en_species": 0, "effort_records": 24, "low_effort": false, "rl_record_share": 0.041666666666666664 }, "geometry": { "type": "Polygon", "coordinates": [ [ [ 140.375, 35.333333333333343 ], [ 140.375, 35.341666666666669 ], [ 140.3625, 35.341666666666669 ], [ 140.3625, 35.333333333333343 ], [ 140.375, 35.333333333333343 ] ] ] } },
{ "type": "Feature", "properties": { "mesh": "53400214", "n_rl_records": 1, "n_rl_species": 1, "score_species_weighted": 1, "n_cr_en_species": 0, "effort_records": 19, "low_effort": true, "rl_record_share": 0.052631578947368418 }, "geometry": { "type": "Polygon", "coordinates": [ [ [ 140.3125, 35.341666666666669 ], [ 140.3125, 35.35 ], [ 140.3, 35.35 ], [ 140.3, 35.341666666666669 ], [ 140.3125, 35.341666666666669 ] ] ] } },
{ "type": "Feature", "properties": { "mesh": "53400227", "n_rl_records": 1, "n_rl_species": 1, "score_species_weighted": 2, "n_cr_en_species": 0, "effort_records": 10, "low_effort": true, "rl_record_share": 0.1 }, "geometry": { "type": "Polygon", "coordinates": [ [ [ 140.35, 35.35 ], [ 140.35, 35.358333333333334 ], [ 140.3375, 35.358333333333334 ], [ 140.3375, 35.35 ], [ 140.35, 35.35 ] ] ] } },
{ "type": "Feature", "properties": { "mesh": "53400229", "n_rl_records": 3, "n_rl_species": 2, "score_species_weighted": 6, "n_cr_en_species": 1, "effort_records": 182, "low_effort": false, "rl_record_share": 0.016483516483516484 }, "geometry": { "type": "Polygon", "coordinates": [ [ [ 140.375, 35.35 ], [ 140.375, 35.358333333333334 ], [ 140.3625, 35.358333333333334 ], [ 140.3625, 35.35 ], [ 140.375, 35.35 ] ] ] } },
{ "type": "Feature", "properties": { "mesh": "53400237", "n_rl_records": 1, "n_rl_species": 1, "score_species_weighted": 2, "n_cr_en_species": 0, "effort_records": 23, "low_effort": false, "rl_record_share": 0.043478260869565216 }, "geometry": { "type": "Polygon", "coordinates": [ [ [ 140.35, 35.358333333333334 ], [ 140.35, 35.366666666666667 ], [ 140.3375, 35.36666666666666 ], [ 140.3375, 35.358333333333334 ], [ 140.35, 35.358333333333334 ] ] ] } },
{ "type": "Feature", "properties": { "mesh": "53400238", "n_rl_records": 1, "n_rl_species": 1, "score_species_weighted": 2, "n_cr_en_species": 0, "effort_records": 19, "low_effort": true, "rl_record_share": 0.052631578947368418 }, "geometry": { "type": "Polygon", "coordinates": [ [ [ 140.3625, 35.358333333333334 ], [ 140.3625, 35.366666666666667 ], [ 140.35, 35.366666666666667 ], [ 140.35, 35.358333333333334 ], [ 140.3625, 35.358333333333334 ] ] ] } },
{ "type": "Feature", "properties": { "mesh": "53400247", "n_rl_records": 1, "n_rl_species": 1, "score_species_weighted": 2, "n_cr_en_species": 0, "effort_records": 16, "low_effort": true, "rl_record_share": 0.0625 }, "geometry": { "type": "Polygon", "coordinates": [ [ [ 140.35, 35.366666666666667 ], [ 140.35, 35.375 ], [ 140.3375, 35.375 ], [ 140.3375, 35.36666666666666 ], [ 140.35, 35.366666666666667 ] ] ] } },
{ "type": "Feature", "properties": { "mesh": "53400249", "n_rl_records": 2, "n_rl_species": 2, "score_species_weighted": 2, "n_cr_en_species": 0, "effort_records": 130, "low_effort": false, "rl_record_share": 0.015384615384615385 }, "geometry": { "type": "Polygon", "coordinates": [ [ [ 140.375, 35.36666666666666 ], [ 140.375, 35.375 ], [ 140.3625, 35.375 ], [ 140.3625, 35.366666666666667 ], [ 140.375, 35.36666666666666 ] ] ] } },
{ "type": "Feature", "properties": { "mesh": "53400255", "n_rl_records": 1, "n_rl_species": 1, "score_species_weighted": 4, "n_cr_en_species": 1, "effort_records": 32, "low_effort": false, "rl_record_share": 0.03125 }, "geometry": { "type": "Polygon", "coordinates": [ [ [ 140.325, 35.375 ], [ 140.325, 35.383333333333326 ], [ 140.3125, 35.383333333333333 ], [ 140.3125, 35.375 ], [ 140.325, 35.375 ] ] ] } },
{ "type": "Feature", "properties": { "mesh": "53400257", "n_rl_records": 1, "n_rl_species": 1, "score_species_weighted": 2, "n_cr_en_species": 0, "effort_records": 16, "low_effort": true, "rl_record_share": 0.0625 }, "geometry": { "type": "Polygon", "coordinates": [ [ [ 140.35, 35.375 ], [ 140.35, 35.383333333333326 ], [ 140.3375, 35.383333333333319 ], [ 140.3375, 35.375 ], [ 140.35, 35.375 ] ] ] } },
{ "type": "Feature", "properties": { "mesh": "53400263", "n_rl_records": 3, "n_rl_species": 1, "score_species_weighted": 1, "n_cr_en_species": 0, "effort_records": 29, "low_effort": false, "rl_record_share": 0.10344827586206896 }, "geometry": { "type": "Polygon", "coordinates": [ [ [ 140.3, 35.383333333333333 ], [ 140.3, 35.391666666666659 ], [ 140.2875, 35.391666666666666 ], [ 140.2875, 35.383333333333333 ], [ 140.3, 35.383333333333333 ] ] ] } },
{ "type": "Feature", "properties": { "mesh": "53400264", "n_rl_records": 1, "n_rl_species": 1, "score_species_weighted": 1, "n_cr_en_species": 0, "effort_records": 104, "low_effort": false, "rl_record_share": 0.0096153846153846159 }, "geometry": { "type": "Polygon", "coordinates": [ [ [ 140.3125, 35.383333333333333 ], [ 140.3125, 35.391666666666666 ], [ 140.3, 35.391666666666659 ], [ 140.3, 35.383333333333333 ], [ 140.3125, 35.383333333333333 ] ] ] } },
{ "type": "Feature", "properties": { "mesh": "53400267", "n_rl_records": 1, "n_rl_species": 1, "score_species_weighted": 4, "n_cr_en_species": 1, "effort_records": 7, "low_effort": true, "rl_record_share": 0.14285714285714285 }, "geometry": { "type": "Polygon", "coordinates": [ [ [ 140.35, 35.383333333333326 ], [ 140.35, 35.391666666666666 ], [ 140.3375, 35.391666666666666 ], [ 140.3375, 35.383333333333319 ], [ 140.35, 35.383333333333326 ] ] ] } },
{ "type": "Feature", "properties": { "mesh": "53400278", "n_rl_records": 1, "n_rl_species": 1, "score_species_weighted": 3, "n_cr_en_species": 1, "effort_records": 21, "low_effort": false, "rl_record_share": 0.047619047619047616 }, "geometry": { "type": "Polygon", "coordinates": [ [ [ 140.3625, 35.391666666666659 ], [ 140.3625, 35.4 ], [ 140.35, 35.4 ], [ 140.35, 35.391666666666666 ], [ 140.3625, 35.391666666666659 ] ] ] } },
{ "type": "Feature", "properties": { "mesh": "53400281", "n_rl_records": 5, "n_rl_species": 2, "score_species_weighted": 3, "n_cr_en_species": 0, "effort_records": 37, "low_effort": false, "rl_record_share": 0.13513513513513514 }, "geometry": { "type": "Polygon", "coordinates": [ [ [ 140.275, 35.4 ], [ 140.275, 35.408333333333339 ], [ 140.2625, 35.408333333333331 ], [ 140.2625, 35.4 ], [ 140.275, 35.4 ] ] ] } },
{ "type": "Feature", "properties": { "mesh": "53400283", "n_rl_records": 1, "n_rl_species": 1, "score_species_weighted": 3, "n_cr_en_species": 1, "effort_records": 321, "low_effort": false, "rl_record_share": 0.0031152647975077881 }, "geometry": { "type": "Polygon", "coordinates": [ [ [ 140.3, 35.4 ], [ 140.3, 35.408333333333331 ], [ 140.2875, 35.408333333333331 ], [ 140.2875, 35.4 ], [ 140.3, 35.4 ] ] ] } },
{ "type": "Feature", "properties": { "mesh": "53400284", "n_rl_records": 15, "n_rl_species": 5, "score_species_weighted": 10, "n_cr_en_species": 1, "effort_records": 270, "low_effort": false, "rl_record_share": 0.055555555555555552 }, "geometry": { "type": "Polygon", "coordinates": [ [ [ 140.3125, 35.4 ], [ 140.3125, 35.408333333333331 ], [ 140.3, 35.408333333333331 ], [ 140.3, 35.4 ], [ 140.3125, 35.4 ] ] ] } },
{ "type": "Feature", "properties": { "mesh": "53400285", "n_rl_records": 9, "n_rl_species": 8, "score_species_weighted": 22, "n_cr_en_species": 5, "effort_records": 159, "low_effort": false, "rl_record_share": 0.056603773584905662 }, "geometry": { "type": "Polygon", "coordinates": [ [ [ 140.325, 35.4 ], [ 140.325, 35.408333333333324 ], [ 140.3125, 35.408333333333331 ], [ 140.3125, 35.4 ], [ 140.325, 35.4 ] ] ] } },
{ "type": "Feature", "properties": { "mesh": "53400287", "n_rl_records": 1, "n_rl_species": 1, "score_species_weighted": 3, "n_cr_en_species": 1, "effort_records": 54, "low_effort": false, "rl_record_share": 0.018518518518518517 }, "geometry": { "type": "Polygon", "coordinates": [ [ [ 140.35, 35.4 ], [ 140.35, 35.408333333333324 ], [ 140.3375, 35.408333333333331 ], [ 140.3375, 35.4 ], [ 140.35, 35.4 ] ] ] } },
{ "type": "Feature", "properties": { "mesh": "53400288", "n_rl_records": 1, "n_rl_species": 1, "score_species_weighted": 3, "n_cr_en_species": 1, "effort_records": 25, "low_effort": false, "rl_record_share": 0.04 }, "geometry": { "type": "Polygon", "coordinates": [ [ [ 140.3625, 35.4 ], [ 140.3625, 35.408333333333331 ], [ 140.35, 35.408333333333324 ], [ 140.35, 35.4 ], [ 140.3625, 35.4 ] ] ] } },
{ "type": "Feature", "properties": { "mesh": "53400294", "n_rl_records": 1, "n_rl_species": 1, "score_species_weighted": 4, "n_cr_en_species": 1, "effort_records": 46, "low_effort": false, "rl_record_share": 0.021739130434782608 }, "geometry": { "type": "Polygon", "coordinates": [ [ [ 140.3125, 35.408333333333331 ], [ 140.3125, 35.416666666666664 ], [ 140.3, 35.416666666666664 ], [ 140.3, 35.408333333333331 ], [ 140.3125, 35.408333333333331 ] ] ] } },
{ "type": "Feature", "properties": { "mesh": "53400295", "n_rl_records": 2, "n_rl_species": 2, "score_species_weighted": 2, "n_cr_en_species": 0, "effort_records": 72, "low_effort": false, "rl_record_share": 0.027777777777777776 }, "geometry": { "type": "Polygon", "coordinates": [ [ [ 140.325, 35.408333333333324 ], [ 140.325, 35.416666666666664 ], [ 140.3125, 35.416666666666664 ], [ 140.3125, 35.408333333333331 ], [ 140.325, 35.408333333333324 ] ] ] } },
{ "type": "Feature", "properties": { "mesh": "53400300", "n_rl_records": 1, "n_rl_species": 1, "score_species_weighted": 2, "n_cr_en_species": 0, "effort_records": 37, "low_effort": false, "rl_record_share": 0.027027027027027029 }, "geometry": { "type": "Polygon", "coordinates": [ [ [ 140.3875, 35.333333333333343 ], [ 140.3875, 35.341666666666669 ], [ 140.375, 35.341666666666669 ], [ 140.375, 35.333333333333343 ], [ 140.3875, 35.333333333333343 ] ] ] } },
{ "type": "Feature", "properties": { "mesh": "53400301", "n_rl_records": 1, "n_rl_species": 1, "score_species_weighted": 3, "n_cr_en_species": 1, "effort_records": 125, "low_effort": false, "rl_record_share": 0.008 }, "geometry": { "type": "Polygon", "coordinates": [ [ [ 140.4, 35.33333333333335 ], [ 140.4, 35.341666666666669 ], [ 140.3875, 35.341666666666669 ], [ 140.3875, 35.333333333333343 ], [ 140.4, 35.33333333333335 ] ] ] } },
{ "type": "Feature", "properties": { "mesh": "53400340", "n_rl_records": 3, "n_rl_species": 3, "score_species_weighted": 6, "n_cr_en_species": 1, "effort_records": 106, "low_effort": false, "rl_record_share": 0.028301886792452831 }, "geometry": { "type": "Polygon", "coordinates": [ [ [ 140.3875, 35.36666666666666 ], [ 140.3875, 35.375 ], [ 140.375, 35.375 ], [ 140.375, 35.36666666666666 ], [ 140.3875, 35.36666666666666 ] ] ] } },
{ "type": "Feature", "properties": { "mesh": "53400351", "n_rl_records": 9, "n_rl_species": 2, "score_species_weighted": 3, "n_cr_en_species": 0, "effort_records": 101, "low_effort": false, "rl_record_share": 0.089108910891089105 }, "geometry": { "type": "Polygon", "coordinates": [ [ [ 140.4, 35.375 ], [ 140.4, 35.383333333333333 ], [ 140.3875, 35.383333333333326 ], [ 140.3875, 35.375 ], [ 140.4, 35.375 ] ] ] } },
{ "type": "Feature", "properties": { "mesh": "53400361", "n_rl_records": 9, "n_rl_species": 4, "score_species_weighted": 9, "n_cr_en_species": 1, "effort_records": 118, "low_effort": false, "rl_record_share": 0.076271186440677971 }, "geometry": { "type": "Polygon", "coordinates": [ [ [ 140.4, 35.383333333333333 ], [ 140.4, 35.391666666666666 ], [ 140.3875, 35.391666666666666 ], [ 140.3875, 35.383333333333326 ], [ 140.4, 35.383333333333333 ] ] ] } },
{ "type": "Feature", "properties": { "mesh": "53400371", "n_rl_records": 92, "n_rl_species": 7, "score_species_weighted": 15, "n_cr_en_species": 2, "effort_records": 1012, "low_effort": false, "rl_record_share": 0.090909090909090912 }, "geometry": { "type": "Polygon", "coordinates": [ [ [ 140.4, 35.391666666666666 ], [ 140.4, 35.4 ], [ 140.3875, 35.4 ], [ 140.3875, 35.391666666666666 ], [ 140.4, 35.391666666666666 ] ] ] } },
{ "type": "Feature", "properties": { "mesh": "53400381", "n_rl_records": 1, "n_rl_species": 1, "score_species_weighted": 1, "n_cr_en_species": 0, "effort_records": 129, "low_effort": false, "rl_record_share": 0.0077519379844961239 }, "geometry": { "type": "Polygon", "coordinates": [ [ [ 140.4, 35.4 ], [ 140.4, 35.408333333333331 ], [ 140.3875, 35.408333333333331 ], [ 140.3875, 35.4 ], [ 140.4, 35.4 ] ] ] } },
{ "type": "Feature", "properties": { "mesh": "53400390", "n_rl_records": 1, "n_rl_species": 1, "score_species_weighted": 1, "n_cr_en_species": 0, "effort_records": 36, "low_effort": false, "rl_record_share": 0.027777777777777776 }, "geometry": { "type": "Polygon", "coordinates": [ [ [ 140.3875, 35.408333333333331 ], [ 140.3875, 35.416666666666657 ], [ 140.375, 35.416666666666664 ], [ 140.375, 35.408333333333331 ], [ 140.3875, 35.408333333333331 ] ] ] } },
{ "type": "Feature", "properties": { "mesh": "53401000", "n_rl_records": 2, "n_rl_species": 2, "score_species_weighted": 5, "n_cr_en_species": 1, "effort_records": 70, "low_effort": false, "rl_record_share": 0.028571428571428571 }, "geometry": { "type": "Polygon", "coordinates": [ [ [ 140.0125, 35.416666666666671 ], [ 140.0125, 35.425 ], [ 140.0, 35.425 ], [ 140.0, 35.416666666666664 ], [ 140.0125, 35.416666666666671 ] ] ] } },
{ "type": "Feature", "properties": { "mesh": "53401007", "n_rl_records": 1, "n_rl_species": 1, "score_species_weighted": 3, "n_cr_en_species": 1, "effort_records": 58, "low_effort": false, "rl_record_share": 0.017241379310344827 }, "geometry": { "type": "Polygon", "coordinates": [ [ [ 140.1, 35.416666666666657 ], [ 140.1, 35.425 ], [ 140.0875, 35.425 ], [ 140.0875, 35.416666666666664 ], [ 140.1, 35.416666666666657 ] ] ] } },
{ "type": "Feature", "properties": { "mesh": "53401009", "n_rl_records": 1, "n_rl_species": 1, "score_species_weighted": 4, "n_cr_en_species": 1, "effort_records": 79, "low_effort": false, "rl_record_share": 0.012658227848101266 }, "geometry": { "type": "Polygon", "coordinates": [ [ [ 140.125, 35.416666666666664 ], [ 140.125, 35.425 ], [ 140.1125, 35.425 ], [ 140.1125, 35.416666666666671 ], [ 140.125, 35.416666666666664 ] ] ] } },
{ "type": "Feature", "properties": { "mesh": "53401011", "n_rl_records": 5, "n_rl_species": 1, "score_species_weighted": 3, "n_cr_en_species": 1, "effort_records": 45, "low_effort": false, "rl_record_share": 0.1111111111111111 }, "geometry": { "type": "Polygon", "coordinates": [ [ [ 140.025, 35.425 ], [ 140.025, 35.43333333333333 ], [ 140.0125, 35.43333333333333 ], [ 140.0125, 35.425 ], [ 140.025, 35.425 ] ] ] } },
{ "type": "Feature", "properties": { "mesh": "53401016", "n_rl_records": 3, "n_rl_species": 2, "score_species_weighted": 7, "n_cr_en_species": 2, "effort_records": 57, "low_effort": false, "rl_record_share": 0.052631578947368418 }, "geometry": { "type": "Polygon", "coordinates": [ [ [ 140.0875, 35.425 ], [ 140.0875, 35.433333333333337 ], [ 140.075, 35.43333333333333 ], [ 140.075, 35.425 ], [ 140.0875, 35.425 ] ] ] } },
{ "type": "Feature", "properties": { "mesh": "53401017", "n_rl_records": 7, "n_rl_species": 5, "score_species_weighted": 16, "n_cr_en_species": 4, "effort_records": 196, "low_effort": false, "rl_record_share": 0.035714285714285712 }, "geometry": { "type": "Polygon", "coordinates": [ [ [ 140.1, 35.425 ], [ 140.1, 35.433333333333323 ], [ 140.0875, 35.433333333333337 ], [ 140.0875, 35.425 ], [ 140.1, 35.425 ] ] ] } },
{ "type": "Feature", "properties": { "mesh": "53401021", "n_rl_records": 3, "n_rl_species": 2, "score_species_weighted": 2, "n_cr_en_species": 0, "effort_records": 50, "low_effort": false, "rl_record_share": 0.06 }, "geometry": { "type": "Polygon", "coordinates": [ [ [ 140.025, 35.43333333333333 ], [ 140.025, 35.441666666666663 ], [ 140.0125, 35.441666666666663 ], [ 140.0125, 35.43333333333333 ], [ 140.025, 35.43333333333333 ] ] ] } },
{ "type": "Feature", "properties": { "mesh": "53401023", "n_rl_records": 3, "n_rl_species": 3, "score_species_weighted": 6, "n_cr_en_species": 1, "effort_records": 173, "low_effort": false, "rl_record_share": 0.017341040462427744 }, "geometry": { "type": "Polygon", "coordinates": [ [ [ 140.05, 35.43333333333333 ], [ 140.05, 35.441666666666663 ], [ 140.0375, 35.441666666666663 ], [ 140.0375, 35.43333333333333 ], [ 140.05, 35.43333333333333 ] ] ] } },
{ "type": "Feature", "properties": { "mesh": "53401025", "n_rl_records": 1, "n_rl_species": 1, "score_species_weighted": 1, "n_cr_en_species": 0, "effort_records": 42, "low_effort": false, "rl_record_share": 0.023809523809523808 }, "geometry": { "type": "Polygon", "coordinates": [ [ [ 140.075, 35.43333333333333 ], [ 140.075, 35.441666666666663 ], [ 140.0625, 35.441666666666663 ], [ 140.0625, 35.433333333333337 ], [ 140.075, 35.43333333333333 ] ] ] } },
{ "type": "Feature", "properties": { "mesh": "53401027", "n_rl_records": 5, "n_rl_species": 3, "score_species_weighted": 6, "n_cr_en_species": 1, "effort_records": 108, "low_effort": false, "rl_record_share": 0.046296296296296294 }, "geometry": { "type": "Polygon", "coordinates": [ [ [ 140.1, 35.433333333333323 ], [ 140.1, 35.441666666666656 ], [ 140.0875, 35.441666666666656 ], [ 140.0875, 35.433333333333337 ], [ 140.1, 35.433333333333323 ] ] ] } },
{ "type": "Feature", "properties": { "mesh": "53401032", "n_rl_records": 1, "n_rl_species": 1, "score_species_weighted": 4, "n_cr_en_species": 1, "effort_records": 57, "low_effort": false, "rl_record_share": 0.017543859649122806 }, "geometry": { "type": "Polygon", "coordinates": [ [ [ 140.0375, 35.441666666666663 ], [ 140.0375, 35.45 ], [ 140.025, 35.45 ], [ 140.025, 35.441666666666663 ], [ 140.0375, 35.441666666666663 ] ] ] } },
{ "type": "Feature", "properties": { "mesh": "53401033", "n_rl_records": 5, "n_rl_species": 3, "score_species_weighted": 9, "n_cr_en_species": 2, "effort_records": 211, "low_effort": false, "rl_record_share": 0.023696682464454975 }, "geometry": { "type": "Polygon", "coordinates": [ [ [ 140.05, 35.441666666666663 ], [ 140.05, 35.45 ], [ 140.0375, 35.45 ], [ 140.0375, 35.441666666666663 ], [ 140.05, 35.441666666666663 ] ] ] } },
{ "type": "Feature", "properties": { "mesh": "53401034", "n_rl_records": 4, "n_rl_species": 3, "score_species_weighted": 8, "n_cr_en_species": 2, "effort_records": 197, "low_effort": false, "rl_record_share": 0.02030456852791878 }, "geometry": { "type": "Polygon", "coordinates": [ [ [ 140.0625, 35.441666666666663 ], [ 140.0625, 35.45 ], [ 140.05, 35.45 ], [ 140.05, 35.441666666666663 ], [ 140.0625, 35.441666666666663 ] ] ] } },
{ "type": "Feature", "properties": { "mesh": "53401035", "n_rl_records": 1, "n_rl_species": 1, "score_species_weighted": 3, "n_cr_en_species": 1, "effort_records": 72, "low_effort": false, "rl_record_share": 0.013888888888888888 }, "geometry": { "type": "Polygon", "coordinates": [ [ [ 140.075, 35.441666666666663 ], [ 140.075, 35.45 ], [ 140.0625, 35.45 ], [ 140.0625, 35.441666666666663 ], [ 140.075, 35.441666666666663 ] ] ] } },
{ "type": "Feature", "properties": { "mesh": "53401037", "n_rl_records": 1, "n_rl_species": 1, "score_species_weighted": 3, "n_cr_en_species": 1, "effort_records": 154, "low_effort": false, "rl_record_share": 0.0064935064935064939 }, "geometry": { "type": "Polygon", "coordinates": [ [ [ 140.1, 35.441666666666656 ], [ 140.1, 35.45 ], [ 140.0875, 35.45 ], [ 140.0875, 35.441666666666656 ], [ 140.1, 35.441666666666656 ] ] ] } },
{ "type": "Feature", "properties": { "mesh": "53401038", "n_rl_records": 1, "n_rl_species": 1, "score_species_weighted": 1, "n_cr_en_species": 0, "effort_records": 91, "low_effort": false, "rl_record_share": 0.01098901098901099 }, "geometry": { "type": "Polygon", "coordinates": [ [ [ 140.1125, 35.441666666666663 ], [ 140.1125, 35.45 ], [ 140.1, 35.45 ], [ 140.1, 35.441666666666656 ], [ 140.1125, 35.441666666666663 ] ] ] } },
{ "type": "Feature", "properties": { "mesh": "53401040", "n_rl_records": 1, "n_rl_species": 1, "score_species_weighted": 4, "n_cr_en_species": 1, "effort_records": 67, "low_effort": false, "rl_record_share": 0.014925373134328358 }, "geometry": { "type": "Polygon", "coordinates": [ [ [ 140.0125, 35.45 ], [ 140.0125, 35.458333333333343 ], [ 140.0, 35.458333333333343 ], [ 140.0, 35.45 ], [ 140.0125, 35.45 ] ] ] } },
{ "type": "Feature", "properties": { "mesh": "53401042", "n_rl_records": 8, "n_rl_species": 3, "score_species_weighted": 11, "n_cr_en_species": 3, "effort_records": 389, "low_effort": false, "rl_record_share": 0.02056555269922879 }, "geometry": { "type": "Polygon", "coordinates": [ [ [ 140.0375, 35.45 ], [ 140.0375, 35.458333333333343 ], [ 140.025, 35.458333333333343 ], [ 140.025, 35.45 ], [ 140.0375, 35.45 ] ] ] } },
{ "type": "Feature", "properties": { "mesh": "53401043", "n_rl_records": 4, "n_rl_species": 3, "score_species_weighted": 10, "n_cr_en_species": 2, "effort_records": 354, "low_effort": false, "rl_record_share": 0.011299435028248588 }, "geometry": { "type": "Polygon", "coordinates": [ [ [ 140.05, 35.45 ], [ 140.05, 35.458333333333343 ], [ 140.0375, 35.458333333333343 ], [ 140.0375, 35.45 ], [ 140.05, 35.45 ] ] ] } },
{ "type": "Feature", "properties": { "mesh": "53401044", "n_rl_records": 1, "n_rl_species": 1, "score_species_weighted": 1, "n_cr_en_species": 0, "effort_records": 77, "low_effort": false, "rl_record_share": 0.012987012987012988 }, "geometry": { "type": "Polygon", "coordinates": [ [ [ 140.0625, 35.45 ], [ 140.0625, 35.458333333333343 ], [ 140.05, 35.458333333333343 ], [ 140.05, 35.45 ], [ 140.0625, 35.45 ] ] ] } },
{ "type": "Feature", "properties": { "mesh": "53401045", "n_rl_records": 1, "n_rl_species": 1, "score_species_weighted": 3, "n_cr_en_species": 1, "effort_records": 16, "low_effort": true, "rl_record_share": 0.0625 }, "geometry": { "type": "Polygon", "coordinates": [ [ [ 140.075, 35.45 ], [ 140.075, 35.458333333333336 ], [ 140.0625, 35.458333333333343 ], [ 140.0625, 35.45 ], [ 140.075, 35.45 ] ] ] } },
{ "type": "Feature", "properties": { "mesh": "53401047", "n_rl_records": 2, "n_rl_species": 2, "score_species_weighted": 5, "n_cr_en_species": 1, "effort_records": 142, "low_effort": false, "rl_record_share": 0.014084507042253521 }, "geometry": { "type": "Polygon", "coordinates": [ [ [ 140.1, 35.45 ], [ 140.1, 35.458333333333343 ], [ 140.0875, 35.458333333333343 ], [ 140.0875, 35.45 ], [ 140.1, 35.45 ] ] ] } },
{ "type": "Feature", "properties": { "mesh": "53401048", "n_rl_records": 6, "n_rl_species": 5, "score_species_weighted": 14, "n_cr_en_species": 3, "effort_records": 240, "low_effort": false, "rl_record_share": 0.025 }, "geometry": { "type": "Polygon", "coordinates": [ [ [ 140.1125, 35.45 ], [ 140.1125, 35.458333333333343 ], [ 140.1, 35.458333333333343 ], [ 140.1, 35.45 ], [ 140.1125, 35.45 ] ] ] } },
{ "type": "Feature", "properties": { "mesh": "53401052", "n_rl_records": 3, "n_rl_species": 2, "score_species_weighted": 6, "n_cr_en_species": 1, "effort_records": 53, "low_effort": false, "rl_record_share": 0.056603773584905662 }, "geometry": { "type": "Polygon", "coordinates": [ [ [ 140.0375, 35.458333333333343 ], [ 140.0375, 35.466666666666661 ], [ 140.025, 35.466666666666669 ], [ 140.025, 35.458333333333343 ], [ 140.0375, 35.458333333333343 ] ] ] } },
{ "type": "Feature", "properties": { "mesh": "53401053", "n_rl_records": 1, "n_rl_species": 1, "score_species_weighted": 4, "n_cr_en_species": 1, "effort_records": 78, "low_effort": false, "rl_record_share": 0.01282051282051282 }, "geometry": { "type": "Polygon", "coordinates": [ [ [ 140.05, 35.458333333333343 ], [ 140.05, 35.466666666666669 ], [ 140.0375, 35.466666666666661 ], [ 140.0375, 35.458333333333343 ], [ 140.05, 35.458333333333343 ] ] ] } },
{ "type": "Feature", "properties": { "mesh": "53401054", "n_rl_records": 3, "n_rl_species": 3, "score_species_weighted": 11, "n_cr_en_species": 3, "effort_records": 135, "low_effort": false, "rl_record_share": 0.022222222222222223 }, "geometry": { "type": "Polygon", "coordinates": [ [ [ 140.0625, 35.458333333333343 ], [ 140.0625, 35.466666666666661 ], [ 140.05, 35.466666666666669 ], [ 140.05, 35.458333333333343 ], [ 140.0625, 35.458333333333343 ] ] ] } },
{ "type": "Feature", "properties": { "mesh": "53401057", "n_rl_records": 3, "n_rl_species": 3, "score_species_weighted": 11, "n_cr_en_species": 3, "effort_records": 56, "low_effort": false, "rl_record_share": 0.053571428571428568 }, "geometry": { "type": "Polygon", "coordinates": [ [ [ 140.1, 35.458333333333343 ], [ 140.1, 35.466666666666661 ], [ 140.0875, 35.466666666666661 ], [ 140.0875, 35.458333333333343 ], [ 140.1, 35.458333333333343 ] ] ] } },
{ "type": "Feature", "properties": { "mesh": "53401063", "n_rl_records": 5, "n_rl_species": 3, "score_species_weighted": 9, "n_cr_en_species": 2, "effort_records": 371, "low_effort": false, "rl_record_share": 0.013477088948787063 }, "geometry": { "type": "Polygon", "coordinates": [ [ [ 140.05, 35.466666666666669 ], [ 140.05, 35.475 ], [ 140.0375, 35.475 ], [ 140.0375, 35.466666666666661 ], [ 140.05, 35.466666666666669 ] ] ] } },
{ "type": "Feature", "properties": { "mesh": "53401064", "n_rl_records": 5, "n_rl_species": 4, "score_species_weighted": 9, "n_cr_en_species": 2, "effort_records": 170, "low_effort": false, "rl_record_share": 0.029411764705882353 }, "geometry": { "type": "Polygon", "coordinates": [ [ [ 140.0625, 35.466666666666661 ], [ 140.0625, 35.475 ], [ 140.05, 35.475 ], [ 140.05, 35.466666666666669 ], [ 140.0625, 35.466666666666661 ] ] ] } },
{ "type": "Feature", "properties": { "mesh": "53401065", "n_rl_records": 1, "n_rl_species": 1, "score_species_weighted": 3, "n_cr_en_species": 1, "effort_records": 2, "low_effort": true, "rl_record_share": 0.5 }, "geometry": { "type": "Polygon", "coordinates": [ [ [ 140.075, 35.466666666666669 ], [ 140.075, 35.475 ], [ 140.0625, 35.475 ], [ 140.0625, 35.466666666666661 ], [ 140.075, 35.466666666666669 ] ] ] } },
{ "type": "Feature", "properties": { "mesh": "53401069", "n_rl_records": 6, "n_rl_species": 5, "score_species_weighted": 15, "n_cr_en_species": 4, "effort_records": 224, "low_effort": false, "rl_record_share": 0.026785714285714284 }, "geometry": { "type": "Polygon", "coordinates": [ [ [ 140.125, 35.466666666666661 ], [ 140.125, 35.475 ], [ 140.1125, 35.475 ], [ 140.1125, 35.466666666666661 ], [ 140.125, 35.466666666666661 ] ] ] } },
{ "type": "Feature", "properties": { "mesh": "53401077", "n_rl_records": 1, "n_rl_species": 1, "score_species_weighted": 4, "n_cr_en_species": 1, "effort_records": 26, "low_effort": false, "rl_record_share": 0.038461538461538464 }, "geometry": { "type": "Polygon", "coordinates": [ [ [ 140.1, 35.475 ], [ 140.1, 35.483333333333341 ], [ 140.0875, 35.483333333333334 ], [ 140.0875, 35.475 ], [ 140.1, 35.475 ] ] ] } },
{ "type": "Feature", "properties": { "mesh": "53401079", "n_rl_records": 1, "n_rl_species": 1, "score_species_weighted": 1, "n_cr_en_species": 0, "effort_records": 51, "low_effort": false, "rl_record_share": 0.019607843137254902 }, "geometry": { "type": "Polygon", "coordinates": [ [ [ 140.125, 35.475 ], [ 140.125, 35.483333333333334 ], [ 140.1125, 35.483333333333334 ], [ 140.1125, 35.475 ], [ 140.125, 35.475 ] ] ] } },
{ "type": "Feature", "properties": { "mesh": "53401086", "n_rl_records": 3, "n_rl_species": 3, "score_species_weighted": 10, "n_cr_en_species": 3, "effort_records": 193, "low_effort": false, "rl_record_share": 0.015544041450777202 }, "geometry": { "type": "Polygon", "coordinates": [ [ [ 140.0875, 35.483333333333334 ], [ 140.0875, 35.491666666666653 ], [ 140.075, 35.49166666666666 ], [ 140.075, 35.483333333333334 ], [ 140.0875, 35.483333333333334 ] ] ] } },
{ "type": "Feature", "properties": { "mesh": "53401087", "n_rl_records": 2, "n_rl_species": 2, "score_species_weighted": 7, "n_cr_en_species": 2, "effort_records": 128, "low_effort": false, "rl_record_share": 0.015625 }, "geometry": { "type": "Polygon", "coordinates": [ [ [ 140.1, 35.483333333333341 ], [ 140.1, 35.49166666666666 ], [ 140.0875, 35.491666666666653 ], [ 140.0875, 35.483333333333334 ], [ 140.1, 35.483333333333341 ] ] ] } },
{ "type": "Feature", "properties": { "mesh": "53401088", "n_rl_records": 5, "n_rl_species": 2, "score_species_weighted": 7, "n_cr_en_species": 2, "effort_records": 288, "low_effort": false, "rl_record_share": 0.017361111111111112 }, "geometry": { "type": "Polygon", "coordinates": [ [ [ 140.1125, 35.483333333333334 ], [ 140.1125, 35.491666666666667 ], [ 140.1, 35.49166666666666 ], [ 140.1, 35.483333333333341 ], [ 140.1125, 35.483333333333334 ] ] ] } },
{ "type": "Feature", "properties": { "mesh": "53401094", "n_rl_records": 3, "n_rl_species": 1, "score_species_weighted": 3, "n_cr_en_species": 1, "effort_records": 134, "low_effort": false, "rl_record_share": 0.022388059701492536 }, "geometry": { "type": "Polygon", "coordinates": [ [ [ 140.0625, 35.49166666666666 ], [ 140.0625, 35.5 ], [ 140.05, 35.5 ], [ 140.05, 35.49166666666666 ], [ 140.0625, 35.49166666666666 ] ] ] } },
{ "type": "Feature", "properties": { "mesh": "53401096", "n_rl_records": 2, "n_rl_species": 2, "score_species_weighted": 5, "n_cr_en_species": 1, "effort_records": 451, "low_effort": false, "rl_record_share": 0.004434589800443459 }, "geometry": { "type": "Polygon", "coordinates": [ [ [ 140.0875, 35.491666666666653 ], [ 140.0875, 35.5 ], [ 140.075, 35.5 ], [ 140.075, 35.49166666666666 ], [ 140.0875, 35.491666666666653 ] ] ] } },
{ "type": "Feature", "properties": { "mesh": "53401097", "n_rl_records": 3, "n_rl_species": 3, "score_species_weighted": 6, "n_cr_en_species": 1, "effort_records": 40, "low_effort": false, "rl_record_share": 0.075 }, "geometry": { "type": "Polygon", "coordinates": [ [ [ 140.1, 35.49166666666666 ], [ 140.1, 35.5 ], [ 140.0875, 35.5 ], [ 140.0875, 35.491666666666653 ], [ 140.1, 35.49166666666666 ] ] ] } },
{ "type": "Feature", "properties": { "mesh": "53401098", "n_rl_records": 4, "n_rl_species": 3, "score_species_weighted": 11, "n_cr_en_species": 3, "effort_records": 162, "low_effort": false, "rl_record_share": 0.024691358024691357 }, "geometry": { "type": "Polygon", "coordinates": [ [ [ 140.1125, 35.491666666666667 ], [ 140.1125, 35.5 ], [ 140.1, 35.5 ], [ 140.1, 35.49166666666666 ], [ 140.1125, 35.491666666666667 ] ] ] } },
{ "type": "Feature", "properties": { "mesh": "53401099", "n_rl_records": 2, "n_rl_species": 2, "score_species_weighted": 5, "n_cr_en_species": 1, "effort_records": 138, "low_effort": false, "rl_record_share": 0.014492753623188406 }, "geometry": { "type": "Polygon", "coordinates": [ [ [ 140.125, 35.491666666666667 ], [ 140.125, 35.5 ], [ 140.1125, 35.5 ], [ 140.1125, 35.491666666666667 ], [ 140.125, 35.491666666666667 ] ] ] } },
{ "type": "Feature", "properties": { "mesh": "53401102", "n_rl_records": 1, "n_rl_species": 1, "score_species_weighted": 1, "n_cr_en_species": 0, "effort_records": 4, "low_effort": true, "rl_record_share": 0.25 }, "geometry": { "type": "Polygon", "coordinates": [ [ [ 140.1625, 35.416666666666671 ], [ 140.1625, 35.425 ], [ 140.15, 35.425 ], [ 140.15, 35.416666666666664 ], [ 140.1625, 35.416666666666671 ] ] ] } },
{ "type": "Feature", "properties": { "mesh": "53401112", "n_rl_records": 6, "n_rl_species": 6, "score_species_weighted": 19, "n_cr_en_species": 5, "effort_records": 163, "low_effort": false, "rl_record_share": 0.036809815950920248 }, "geometry": { "type": "Polygon", "coordinates": [ [ [ 140.1625, 35.425 ], [ 140.1625, 35.43333333333333 ], [ 140.15, 35.43333333333333 ], [ 140.15, 35.425 ], [ 140.1625, 35.425 ] ] ] } },
{ "type": "Feature", "properties": { "mesh": "53401123", "n_rl_records": 1, "n_rl_species": 1, "score_species_weighted": 3, "n_cr_en_species": 1, "effort_records": 54, "low_effort": false, "rl_record_share": 0.018518518518518517 }, "geometry": { "type": "Polygon", "coordinates": [ [ [ 140.175, 35.433333333333337 ], [ 140.175, 35.44166666666667 ], [ 140.1625, 35.441666666666663 ], [ 140.1625, 35.43333333333333 ], [ 140.175, 35.433333333333337 ] ] ] } },
{ "type": "Feature", "properties": { "mesh": "53401131", "n_rl_records": 1, "n_rl_species": 1, "score_species_weighted": 1, "n_cr_en_species": 0, "effort_records": 37, "low_effort": false, "rl_record_share": 0.027027027027027029 }, "geometry": { "type": "Polygon", "coordinates": [ [ [ 140.15, 35.441666666666663 ], [ 140.15, 35.45 ], [ 140.1375, 35.45 ], [ 140.1375, 35.441666666666663 ], [ 140.15, 35.441666666666663 ] ] ] } },
{ "type": "Feature", "properties": { "mesh": "53401132", "n_rl_records": 3, "n_rl_species": 1, "score_species_weighted": 3, "n_cr_en_species": 1, "effort_records": 174, "low_effort": false, "rl_record_share": 0.017241379310344827 }, "geometry": { "type": "Polygon", "coordinates": [ [ [ 140.1625, 35.441666666666663 ], [ 140.1625, 35.45 ], [ 140.15, 35.45 ], [ 140.15, 35.441666666666663 ], [ 140.1625, 35.441666666666663 ] ] ] } },
{ "type": "Feature", "properties": { "mesh": "53401135", "n_rl_records": 2, "n_rl_species": 2, "score_species_weighted": 7, "n_cr_en_species": 2, "effort_records": 107, "low_effort": false, "rl_record_share": 0.018691588785046728 }, "geometry": { "type": "Polygon", "coordinates": [ [ [ 140.2, 35.441666666666656 ], [ 140.2, 35.45 ], [ 140.1875, 35.45 ], [ 140.1875, 35.441666666666663 ], [ 140.2, 35.441666666666656 ] ] ] } },
{ "type": "Feature", "properties": { "mesh": "53401137", "n_rl_records": 2, "n_rl_species": 1, "score_species_weighted": 1, "n_cr_en_species": 0, "effort_records": 18, "low_effort": true, "rl_record_share": 0.1111111111111111 }, "geometry": { "type": "Polygon", "coordinates": [ [ [ 140.225, 35.441666666666663 ], [ 140.225, 35.45 ], [ 140.2125, 35.45 ], [ 140.2125, 35.441666666666663 ], [ 140.225, 35.441666666666663 ] ] ] } },
{ "type": "Feature", "properties": { "mesh": "53401138", "n_rl_records": 1, "n_rl_species": 1, "score_species_weighted": 1, "n_cr_en_species": 0, "effort_records": 11, "low_effort": true, "rl_record_share": 0.090909090909090912 }, "geometry": { "type": "Polygon", "coordinates": [ [ [ 140.2375, 35.441666666666656 ], [ 140.2375, 35.45 ], [ 140.225, 35.45 ], [ 140.225, 35.441666666666663 ], [ 140.2375, 35.441666666666656 ] ] ] } },
{ "type": "Feature", "properties": { "mesh": "53401150", "n_rl_records": 12, "n_rl_species": 8, "score_species_weighted": 22, "n_cr_en_species": 4, "effort_records": 464, "low_effort": false, "rl_record_share": 0.025862068965517241 }, "geometry": { "type": "Polygon", "coordinates": [ [ [ 140.1375, 35.458333333333343 ], [ 140.1375, 35.466666666666669 ], [ 140.125, 35.466666666666661 ], [ 140.125, 35.458333333333343 ], [ 140.1375, 35.458333333333343 ] ] ] } },
{ "type": "Feature", "properties": { "mesh": "53401151", "n_rl_records": 1, "n_rl_species": 1, "score_species_weighted": 1, "n_cr_en_species": 0, "effort_records": 132, "low_effort": false, "rl_record_share": 0.007575757575757576 }, "geometry": { "type": "Polygon", "coordinates": [ [ [ 140.15, 35.458333333333343 ], [ 140.15, 35.466666666666661 ], [ 140.1375, 35.466666666666669 ], [ 140.1375, 35.458333333333343 ], [ 140.15, 35.458333333333343 ] ] ] } },
{ "type": "Feature", "properties": { "mesh": "53401153", "n_rl_records": 6, "n_rl_species": 3, "score_species_weighted": 6, "n_cr_en_species": 0, "effort_records": 81, "low_effort": false, "rl_record_share": 0.07407407407407407 }, "geometry": { "type": "Polygon", "coordinates": [ [ [ 140.175, 35.458333333333343 ], [ 140.175, 35.466666666666661 ], [ 140.1625, 35.466666666666669 ], [ 140.1625, 35.458333333333343 ], [ 140.175, 35.458333333333343 ] ] ] } },
{ "type": "Feature", "properties": { "mesh": "53401160", "n_rl_records": 1, "n_rl_species": 1, "score_species_weighted": 1, "n_cr_en_species": 0, "effort_records": 91, "low_effort": false, "rl_record_share": 0.01098901098901099 }, "geometry": { "type": "Polygon", "coordinates": [ [ [ 140.1375, 35.466666666666669 ], [ 140.1375, 35.475 ], [ 140.125, 35.475 ], [ 140.125, 35.466666666666661 ], [ 140.1375, 35.466666666666669 ] ] ] } },
{ "type": "Feature", "properties": { "mesh": "53401165", "n_rl_records": 1, "n_rl_species": 1, "score_species_weighted": 2, "n_cr_en_species": 0, "effort_records": 29, "low_effort": false, "rl_record_share": 0.034482758620689655 }, "geometry": { "type": "Polygon", "coordinates": [ [ [ 140.2, 35.466666666666669 ], [ 140.2, 35.475 ], [ 140.1875, 35.475 ], [ 140.1875, 35.466666666666661 ], [ 140.2, 35.466666666666669 ] ] ] } },
{ "type": "Feature", "properties": { "mesh": "53401166", "n_rl_records": 4, "n_rl_species": 2, "score_species_weighted": 3, "n_cr_en_species": 0, "effort_records": 63, "low_effort": false, "rl_record_share": 0.063492063492063489 }, "geometry": { "type": "Polygon", "coordinates": [ [ [ 140.2125, 35.466666666666669 ], [ 140.2125, 35.475 ], [ 140.2, 35.475 ], [ 140.2, 35.466666666666669 ], [ 140.2125, 35.466666666666669 ] ] ] } },
{ "type": "Feature", "properties": { "mesh": "53401170", "n_rl_records": 2, "n_rl_species": 2, "score_species_weighted": 6, "n_cr_en_species": 1, "effort_records": 106, "low_effort": false, "rl_record_share": 0.018867924528301886 }, "geometry": { "type": "Polygon", "coordinates": [ [ [ 140.1375, 35.475 ], [ 140.1375, 35.483333333333334 ], [ 140.125, 35.483333333333334 ], [ 140.125, 35.475 ], [ 140.1375, 35.475 ] ] ] } },
{ "type": "Feature", "properties": { "mesh": "53401174", "n_rl_records": 1, "n_rl_species": 1, "score_species_weighted": 2, "n_cr_en_species": 0, "effort_records": 1, "low_effort": true, "rl_record_share": 1.0 }, "geometry": { "type": "Polygon", "coordinates": [ [ [ 140.1875, 35.475 ], [ 140.1875, 35.483333333333334 ], [ 140.175, 35.483333333333334 ], [ 140.175, 35.475 ], [ 140.1875, 35.475 ] ] ] } },
{ "type": "Feature", "properties": { "mesh": "53401179", "n_rl_records": 2, "n_rl_species": 2, "score_species_weighted": 7, "n_cr_en_species": 2, "effort_records": 28, "low_effort": false, "rl_record_share": 0.071428571428571425 }, "geometry": { "type": "Polygon", "coordinates": [ [ [ 140.25, 35.475 ], [ 140.25, 35.483333333333334 ], [ 140.2375, 35.483333333333334 ], [ 140.2375, 35.475 ], [ 140.25, 35.475 ] ] ] } },
{ "type": "Feature", "properties": { "mesh": "53401180", "n_rl_records": 1, "n_rl_species": 1, "score_species_weighted": 2, "n_cr_en_species": 0, "effort_records": 474, "low_effort": false, "rl_record_share": 0.0021097046413502108 }, "geometry": { "type": "Polygon", "coordinates": [ [ [ 140.1375, 35.483333333333334 ], [ 140.1375, 35.49166666666666 ], [ 140.125, 35.491666666666667 ], [ 140.125, 35.483333333333334 ], [ 140.1375, 35.483333333333334 ] ] ] } },
{ "type": "Feature", "properties": { "mesh": "53401185", "n_rl_records": 6, "n_rl_species": 4, "score_species_weighted": 10, "n_cr_en_species": 2, "effort_records": 164, "low_effort": false, "rl_record_share": 0.036585365853658534 }, "geometry": { "type": "Polygon", "coordinates": [ [ [ 140.2, 35.483333333333334 ], [ 140.2, 35.49166666666666 ], [ 140.1875, 35.491666666666667 ], [ 140.1875, 35.483333333333334 ], [ 140.2, 35.483333333333334 ] ] ] } },
{ "type": "Feature", "properties": { "mesh": "53401186", "n_rl_records": 2, "n_rl_species": 2, "score_species_weighted": 3, "n_cr_en_species": 0, "effort_records": 37, "low_effort": false, "rl_record_share": 0.054054054054054057 }, "geometry": { "type": "Polygon", "coordinates": [ [ [ 140.2125, 35.483333333333334 ], [ 140.2125, 35.49166666666666 ], [ 140.2, 35.49166666666666 ], [ 140.2, 35.483333333333334 ], [ 140.2125, 35.483333333333334 ] ] ] } },
{ "type": "Feature", "properties": { "mesh": "53401188", "n_rl_records": 2, "n_rl_species": 2, "score_species_weighted": 6, "n_cr_en_species": 1, "effort_records": 69, "low_effort": false, "rl_record_share": 0.028985507246376812 }, "geometry": { "type": "Polygon", "coordinates": [ [ [ 140.2375, 35.483333333333334 ], [ 140.2375, 35.49166666666666 ], [ 140.225, 35.49166666666666 ], [ 140.225, 35.483333333333334 ], [ 140.2375, 35.483333333333334 ] ] ] } },
{ "type": "Feature", "properties": { "mesh": "53401189", "n_rl_records": 1, "n_rl_species": 1, "score_species_weighted": 4, "n_cr_en_species": 1, "effort_records": 14, "low_effort": true, "rl_record_share": 0.071428571428571425 }, "geometry": { "type": "Polygon", "coordinates": [ [ [ 140.25, 35.483333333333334 ], [ 140.25, 35.49166666666666 ], [ 140.2375, 35.49166666666666 ], [ 140.2375, 35.483333333333334 ], [ 140.25, 35.483333333333334 ] ] ] } },
{ "type": "Feature", "properties": { "mesh": "53401190", "n_rl_records": 3, "n_rl_species": 3, "score_species_weighted": 8, "n_cr_en_species": 2, "effort_records": 188, "low_effort": false, "rl_record_share": 0.015957446808510637 }, "geometry": { "type": "Polygon", "coordinates": [ [ [ 140.1375, 35.49166666666666 ], [ 140.1375, 35.5 ], [ 140.125, 35.5 ], [ 140.125, 35.491666666666667 ], [ 140.1375, 35.49166666666666 ] ] ] } },
{ "type": "Feature", "properties": { "mesh": "53401198", "n_rl_records": 3, "n_rl_species": 3, "score_species_weighted": 9, "n_cr_en_species": 2, "effort_records": 204, "low_effort": false, "rl_record_share": 0.014705882352941176 }, "geometry": { "type": "Polygon", "coordinates": [ [ [ 140.2375, 35.49166666666666 ], [ 140.2375, 35.5 ], [ 140.225, 35.5 ], [ 140.225, 35.49166666666666 ], [ 140.2375, 35.49166666666666 ] ] ] } },
{ "type": "Feature", "properties": { "mesh": "53401199", "n_rl_records": 5, "n_rl_species": 5, "score_species_weighted": 13, "n_cr_en_species": 2, "effort_records": 193, "low_effort": false, "rl_record_share": 0.025906735751295335 }, "geometry": { "type": "Polygon", "coordinates": [ [ [ 140.25, 35.49166666666666 ], [ 140.25, 35.5 ], [ 140.2375, 35.5 ], [ 140.2375, 35.49166666666666 ], [ 140.25, 35.49166666666666 ] ] ] } },
{ "type": "Feature", "properties": { "mesh": "53401206", "n_rl_records": 2, "n_rl_species": 1, "score_species_weighted": 1, "n_cr_en_species": 0, "effort_records": 4, "low_effort": true, "rl_record_share": 0.5 }, "geometry": { "type": "Polygon", "coordinates": [ [ [ 140.3375, 35.416666666666664 ], [ 140.3375, 35.425 ], [ 140.325, 35.425 ], [ 140.325, 35.416666666666664 ], [ 140.3375, 35.416666666666664 ] ] ] } },
{ "type": "Feature", "properties": { "mesh": "53401213", "n_rl_records": 5, "n_rl_species": 5, "score_species_weighted": 14, "n_cr_en_species": 3, "effort_records": 95, "low_effort": false, "rl_record_share": 0.052631578947368418 }, "geometry": { "type": "Polygon", "coordinates": [ [ [ 140.3, 35.425 ], [ 140.3, 35.433333333333323 ], [ 140.2875, 35.43333333333333 ], [ 140.2875, 35.425 ], [ 140.3, 35.425 ] ] ] } },
{ "type": "Feature", "properties": { "mesh": "53401223", "n_rl_records": 2, "n_rl_species": 1, "score_species_weighted": 4, "n_cr_en_species": 1, "effort_records": 7, "low_effort": true, "rl_record_share": 0.2857142857142857 }, "geometry": { "type": "Polygon", "coordinates": [ [ [ 140.3, 35.433333333333323 ], [ 140.3, 35.441666666666663 ], [ 140.2875, 35.441666666666663 ], [ 140.2875, 35.43333333333333 ], [ 140.3, 35.433333333333323 ] ] ] } },
{ "type": "Feature", "properties": { "mesh": "53401260", "n_rl_records": 2, "n_rl_species": 2, "score_species_weighted": 2, "n_cr_en_species": 0, "effort_records": 19, "low_effort": true, "rl_record_share": 0.10526315789473684 }, "geometry": { "type": "Polygon", "coordinates": [ [ [ 140.2625, 35.466666666666669 ], [ 140.2625, 35.475 ], [ 140.25, 35.475 ], [ 140.25, 35.466666666666661 ], [ 140.2625, 35.466666666666669 ] ] ] } },
{ "type": "Feature", "properties": { "mesh": "53401280", "n_rl_records": 1, "n_rl_species": 1, "score_species_weighted": 3, "n_cr_en_species": 1, "effort_records": 11, "low_effort": true, "rl_record_share": 0.090909090909090912 }, "geometry": { "type": "Polygon", "coordinates": [ [ [ 140.2625, 35.483333333333334 ], [ 140.2625, 35.491666666666667 ], [ 140.25, 35.49166666666666 ], [ 140.25, 35.483333333333334 ], [ 140.2625, 35.483333333333334 ] ] ] } },
{ "type": "Feature", "properties": { "mesh": "53401288", "n_rl_records": 1, "n_rl_species": 1, "score_species_weighted": 4, "n_cr_en_species": 1, "effort_records": 14, "low_effort": true, "rl_record_share": 0.071428571428571425 }, "geometry": { "type": "Polygon", "coordinates": [ [ [ 140.3625, 35.483333333333334 ], [ 140.3625, 35.491666666666667 ], [ 140.35, 35.49166666666666 ], [ 140.35, 35.483333333333334 ], [ 140.3625, 35.483333333333334 ] ] ] } },
{ "type": "Feature", "properties": { "mesh": "53401390", "n_rl_records": 2, "n_rl_species": 1, "score_species_weighted": 1, "n_cr_en_species": 0, "effort_records": 59, "low_effort": false, "rl_record_share": 0.033898305084745763 }, "geometry": { "type": "Polygon", "coordinates": [ [ [ 140.3875, 35.49166666666666 ], [ 140.3875, 35.5 ], [ 140.375, 35.5 ], [ 140.375, 35.491666666666667 ], [ 140.3875, 35.49166666666666 ] ] ] } },
{ "type": "Feature", "properties": { "mesh": "53402006", "n_rl_records": 4, "n_rl_species": 3, "score_species_weighted": 10, "n_cr_en_species": 3, "effort_records": 261, "low_effort": false, "rl_record_share": 0.01532567049808429 }, "geometry": { "type": "Polygon", "coordinates": [ [ [ 140.0875, 35.5 ], [ 140.0875, 35.50833333333334 ], [ 140.075, 35.508333333333333 ], [ 140.075, 35.5 ], [ 140.0875, 35.5 ] ] ] } },
{ "type": "Feature", "properties": { "mesh": "53402008", "n_rl_records": 3, "n_rl_species": 3, "score_species_weighted": 9, "n_cr_en_species": 3, "effort_records": 265, "low_effort": false, "rl_record_share": 0.011320754716981131 }, "geometry": { "type": "Polygon", "coordinates": [ [ [ 140.1125, 35.5 ], [ 140.1125, 35.50833333333334 ], [ 140.1, 35.508333333333333 ], [ 140.1, 35.5 ], [ 140.1125, 35.5 ] ] ] } },
{ "type": "Feature", "properties": { "mesh": "53402009", "n_rl_records": 2, "n_rl_species": 2, "score_species_weighted": 7, "n_cr_en_species": 2, "effort_records": 73, "low_effort": false, "rl_record_share": 0.027397260273972601 }, "geometry": { "type": "Polygon", "coordinates": [ [ [ 140.125, 35.5 ], [ 140.125, 35.508333333333333 ], [ 140.1125, 35.50833333333334 ], [ 140.1125, 35.5 ], [ 140.125, 35.5 ] ] ] } },
{ "type": "Feature", "properties": { "mesh": "53402016", "n_rl_records": 2, "n_rl_species": 2, "score_species_weighted": 6, "n_cr_en_species": 2, "effort_records": 161, "low_effort": false, "rl_record_share": 0.012422360248447204 }, "geometry": { "type": "Polygon", "coordinates": [ [ [ 140.0875, 35.50833333333334 ], [ 140.0875, 35.516666666666673 ], [ 140.075, 35.516666666666666 ], [ 140.075, 35.508333333333333 ], [ 140.0875, 35.50833333333334 ] ] ] } },
{ "type": "Feature", "properties": { "mesh": "53402018", "n_rl_records": 1, "n_rl_species": 1, "score_species_weighted": 3, "n_cr_en_species": 1, "effort_records": 30, "low_effort": false, "rl_record_share": 0.033333333333333333 }, "geometry": { "type": "Polygon", "coordinates": [ [ [ 140.1125, 35.50833333333334 ], [ 140.1125, 35.516666666666673 ], [ 140.1, 35.516666666666673 ], [ 140.1, 35.508333333333333 ], [ 140.1125, 35.50833333333334 ] ] ] } },
{ "type": "Feature", "properties": { "mesh": "53402019", "n_rl_records": 1, "n_rl_species": 1, "score_species_weighted": 2, "n_cr_en_species": 0, "effort_records": 80, "low_effort": false, "rl_record_share": 0.0125 }, "geometry": { "type": "Polygon", "coordinates": [ [ [ 140.125, 35.508333333333333 ], [ 140.125, 35.516666666666673 ], [ 140.1125, 35.516666666666673 ], [ 140.1125, 35.50833333333334 ], [ 140.125, 35.508333333333333 ] ] ] } },
{ "type": "Feature", "properties": { "mesh": "53402025", "n_rl_records": 1, "n_rl_species": 1, "score_species_weighted": 4, "n_cr_en_species": 1, "effort_records": 132, "low_effort": false, "rl_record_share": 0.007575757575757576 }, "geometry": { "type": "Polygon", "coordinates": [ [ [ 140.075, 35.516666666666666 ], [ 140.075, 35.525 ], [ 140.0625, 35.525 ], [ 140.0625, 35.516666666666673 ], [ 140.075, 35.516666666666666 ] ] ] } },
{ "type": "Feature", "properties": { "mesh": "53402026", "n_rl_records": 1, "n_rl_species": 1, "score_species_weighted": 3, "n_cr_en_species": 1, "effort_records": 190, "low_effort": false, "rl_record_share": 0.005263157894736842 }, "geometry": { "type": "Polygon", "coordinates": [ [ [ 140.0875, 35.516666666666673 ], [ 140.0875, 35.525 ], [ 140.075, 35.525 ], [ 140.075, 35.516666666666666 ], [ 140.0875, 35.516666666666673 ] ] ] } },
{ "type": "Feature", "properties": { "mesh": "53402027", "n_rl_records": 1, "n_rl_species": 1, "score_species_weighted": 2, "n_cr_en_species": 0, "effort_records": 276, "low_effort": false, "rl_record_share": 0.0036231884057971015 }, "geometry": { "type": "Polygon", "coordinates": [ [ [ 140.1, 35.516666666666673 ], [ 140.1, 35.525 ], [ 140.0875, 35.525 ], [ 140.0875, 35.516666666666673 ], [ 140.1, 35.516666666666673 ] ] ] } },
{ "type": "Feature", "properties": { "mesh": "53402034", "n_rl_records": 1, "n_rl_species": 1, "score_species_weighted": 4, "n_cr_en_species": 1, "effort_records": 62, "low_effort": false, "rl_record_share": 0.016129032258064516 }, "geometry": { "type": "Polygon", "coordinates": [ [ [ 140.0625, 35.525 ], [ 140.0625, 35.533333333333331 ], [ 140.05, 35.533333333333331 ], [ 140.05, 35.525 ], [ 140.0625, 35.525 ] ] ] } },
{ "type": "Feature", "properties": { "mesh": "53402035", "n_rl_records": 2, "n_rl_species": 2, "score_species_weighted": 7, "n_cr_en_species": 2, "effort_records": 199, "low_effort": false, "rl_record_share": 0.010050251256281407 }, "geometry": { "type": "Polygon", "coordinates": [ [ [ 140.075, 35.525 ], [ 140.075, 35.533333333333331 ], [ 140.0625, 35.533333333333331 ], [ 140.0625, 35.525 ], [ 140.075, 35.525 ] ] ] } },
{ "type": "Feature", "properties": { "mesh": "53402036", "n_rl_records": 7, "n_rl_species": 2, "score_species_weighted": 3, "n_cr_en_species": 0, "effort_records": 38, "low_effort": false, "rl_record_share": 0.18421052631578946 }, "geometry": { "type": "Polygon", "coordinates": [ [ [ 140.0875, 35.525 ], [ 140.0875, 35.533333333333331 ], [ 140.075, 35.533333333333331 ], [ 140.075, 35.525 ], [ 140.0875, 35.525 ] ] ] } },
{ "type": "Feature", "properties": { "mesh": "53402038", "n_rl_records": 1, "n_rl_species": 1, "score_species_weighted": 4, "n_cr_en_species": 1, "effort_records": 35, "low_effort": false, "rl_record_share": 0.028571428571428571 }, "geometry": { "type": "Polygon", "coordinates": [ [ [ 140.1125, 35.525 ], [ 140.1125, 35.533333333333331 ], [ 140.1, 35.533333333333331 ], [ 140.1, 35.525 ], [ 140.1125, 35.525 ] ] ] } },
{ "type": "Feature", "properties": { "mesh": "53402039", "n_rl_records": 4, "n_rl_species": 3, "score_species_weighted": 8, "n_cr_en_species": 2, "effort_records": 177, "low_effort": false, "rl_record_share": 0.022598870056497175 }, "geometry": { "type": "Polygon", "coordinates": [ [ [ 140.125, 35.525 ], [ 140.125, 35.533333333333331 ], [ 140.1125, 35.533333333333331 ], [ 140.1125, 35.525 ], [ 140.125, 35.525 ] ] ] } },
{ "type": "Feature", "properties": { "mesh": "53402048", "n_rl_records": 2, "n_rl_species": 1, "score_species_weighted": 3, "n_cr_en_species": 1, "effort_records": 60, "low_effort": false, "rl_record_share": 0.033333333333333333 }, "geometry": { "type": "Polygon", "coordinates": [ [ [ 140.1125, 35.533333333333331 ], [ 140.1125, 35.541666666666664 ], [ 140.1, 35.541666666666657 ], [ 140.1, 35.533333333333331 ], [ 140.1125, 35.533333333333331 ] ] ] } },
{ "type": "Feature", "properties": { "mesh": "53402049", "n_rl_records": 2, "n_rl_species": 2, "score_species_weighted": 5, "n_cr_en_species": 1, "effort_records": 370, "low_effort": false, "rl_record_share": 0.0054054054054054057 }, "geometry": { "type": "Polygon", "coordinates": [ [ [ 140.125, 35.533333333333331 ], [ 140.125, 35.54166666666665 ], [ 140.1125, 35.541666666666664 ], [ 140.1125, 35.533333333333331 ], [ 140.125, 35.533333333333331 ] ] ] } },
{ "type": "Feature", "properties": { "mesh": "53402069", "n_rl_records": 10, "n_rl_species": 2, "score_species_weighted": 3, "n_cr_en_species": 0, "effort_records": 34, "low_effort": false, "rl_record_share": 0.29411764705882354 }, "geometry": { "type": "Polygon", "coordinates": [ [ [ 140.125, 35.55 ], [ 140.125, 35.55833333333333 ], [ 140.1125, 35.55833333333333 ], [ 140.1125, 35.55 ], [ 140.125, 35.55 ] ] ] } },
{ "type": "Feature", "properties": { "mesh": "53402100", "n_rl_records": 1, "n_rl_species": 1, "score_species_weighted": 4, "n_cr_en_species": 1, "effort_records": 47, "low_effort": false, "rl_record_share": 0.021276595744680851 }, "geometry": { "type": "Polygon", "coordinates": [ [ [ 140.1375, 35.5 ], [ 140.1375, 35.50833333333334 ], [ 140.125, 35.508333333333333 ], [ 140.125, 35.5 ], [ 140.1375, 35.5 ] ] ] } },
{ "type": "Feature", "properties": { "mesh": "53402101", "n_rl_records": 1, "n_rl_species": 1, "score_species_weighted": 1, "n_cr_en_species": 0, "effort_records": 83, "low_effort": false, "rl_record_share": 0.012048192771084338 }, "geometry": { "type": "Polygon", "coordinates": [ [ [ 140.15, 35.5 ], [ 140.15, 35.50833333333334 ], [ 140.1375, 35.50833333333334 ], [ 140.1375, 35.5 ], [ 140.15, 35.5 ] ] ] } },
{ "type": "Feature", "properties": { "mesh": "53402103", "n_rl_records": 5, "n_rl_species": 4, "score_species_weighted": 10, "n_cr_en_species": 2, "effort_records": 43, "low_effort": false, "rl_record_share": 0.11627906976744186 }, "geometry": { "type": "Polygon", "coordinates": [ [ [ 140.175, 35.5 ], [ 140.175, 35.50833333333334 ], [ 140.1625, 35.50833333333334 ], [ 140.1625, 35.5 ], [ 140.175, 35.5 ] ] ] } },
{ "type": "Feature", "properties": { "mesh": "53402105", "n_rl_records": 3, "n_rl_species": 3, "score_species_weighted": 9, "n_cr_en_species": 2, "effort_records": 101, "low_effort": false, "rl_record_share": 0.029702970297029702 }, "geometry": { "type": "Polygon", "coordinates": [ [ [ 140.2, 35.5 ], [ 140.2, 35.508333333333333 ], [ 140.1875, 35.50833333333334 ], [ 140.1875, 35.5 ], [ 140.2, 35.5 ] ] ] } },
{ "type": "Feature", "properties": { "mesh": "53402106", "n_rl_records": 5, "n_rl_species": 4, "score_species_weighted": 11, "n_cr_en_species": 2, "effort_records": 188, "low_effort": false, "rl_record_share": 0.026595744680851064 }, "geometry": { "type": "Polygon", "coordinates": [ [ [ 140.2125, 35.5 ], [ 140.2125, 35.50833333333334 ], [ 140.2, 35.508333333333333 ], [ 140.2, 35.5 ], [ 140.2125, 35.5 ] ] ] } },
{ "type": "Feature", "properties": { "mesh": "53402107", "n_rl_records": 3, "n_rl_species": 2, "score_species_weighted": 6, "n_cr_en_species": 1, "effort_records": 36, "low_effort": false, "rl_record_share": 0.083333333333333329 }, "geometry": { "type": "Polygon", "coordinates": [ [ [ 140.225, 35.5 ], [ 140.225, 35.50833333333334 ], [ 140.2125, 35.50833333333334 ], [ 140.2125, 35.5 ], [ 140.225, 35.5 ] ] ] } },
{ "type": "Feature", "properties": { "mesh": "53402110", "n_rl_records": 8, "n_rl_species": 5, "score_species_weighted": 12, "n_cr_en_species": 2, "effort_records": 297, "low_effort": false, "rl_record_share": 0.026936026936026935 }, "geometry": { "type": "Polygon", "coordinates": [ [ [ 140.1375, 35.50833333333334 ], [ 140.1375, 35.516666666666673 ], [ 140.125, 35.516666666666673 ], [ 140.125, 35.508333333333333 ], [ 140.1375, 35.50833333333334 ] ] ] } },
{ "type": "Feature", "properties": { "mesh": "53402113", "n_rl_records": 2, "n_rl_species": 2, "score_species_weighted": 5, "n_cr_en_species": 1, "effort_records": 103, "low_effort": false, "rl_record_share": 0.019417475728155338 }, "geometry": { "type": "Polygon", "coordinates": [ [ [ 140.175, 35.50833333333334 ], [ 140.175, 35.516666666666673 ], [ 140.1625, 35.516666666666673 ], [ 140.1625, 35.50833333333334 ], [ 140.175, 35.50833333333334 ] ] ] } },
{ "type": "Feature", "properties": { "mesh": "53402114", "n_rl_records": 3, "n_rl_species": 2, "score_species_weighted": 5, "n_cr_en_species": 1, "effort_records": 169, "low_effort": false, "rl_record_share": 0.017751479289940829 }, "geometry": { "type": "Polygon", "coordinates": [ [ [ 140.1875, 35.50833333333334 ], [ 140.1875, 35.516666666666666 ], [ 140.175, 35.516666666666673 ], [ 140.175, 35.50833333333334 ], [ 140.1875, 35.50833333333334 ] ] ] } },
{ "type": "Feature", "properties": { "mesh": "53402117", "n_rl_records": 2, "n_rl_species": 2, "score_species_weighted": 6, "n_cr_en_species": 1, "effort_records": 70, "low_effort": false, "rl_record_share": 0.028571428571428571 }, "geometry": { "type": "Polygon", "coordinates": [ [ [ 140.225, 35.50833333333334 ], [ 140.225, 35.51666666666668 ], [ 140.2125, 35.516666666666673 ], [ 140.2125, 35.50833333333334 ], [ 140.225, 35.50833333333334 ] ] ] } },
{ "type": "Feature", "properties": { "mesh": "53402120", "n_rl_records": 4, "n_rl_species": 4, "score_species_weighted": 12, "n_cr_en_species": 3, "effort_records": 210, "low_effort": false, "rl_record_share": 0.019047619047619049 }, "geometry": { "type": "Polygon", "coordinates": [ [ [ 140.1375, 35.516666666666673 ], [ 140.1375, 35.525 ], [ 140.125, 35.525 ], [ 140.125, 35.516666666666673 ], [ 140.1375, 35.516666666666673 ] ] ] } },
{ "type": "Feature", "properties": { "mesh": "53402121", "n_rl_records": 2, "n_rl_species": 2, "score_species_weighted": 8, "n_cr_en_species": 2, "effort_records": 96, "low_effort": false, "rl_record_share": 0.020833333333333332 }, "geometry": { "type": "Polygon", "coordinates": [ [ [ 140.15, 35.516666666666673 ], [ 140.15, 35.525 ], [ 140.1375, 35.525 ], [ 140.1375, 35.516666666666673 ], [ 140.15, 35.516666666666673 ] ] ] } },
{ "type": "Feature", "properties": { "mesh": "53402124", "n_rl_records": 10, "n_rl_species": 5, "score_species_weighted": 15, "n_cr_en_species": 4, "effort_records": 400, "low_effort": false, "rl_record_share": 0.025 }, "geometry": { "type": "Polygon", "coordinates": [ [ [ 140.1875, 35.516666666666666 ], [ 140.1875, 35.525 ], [ 140.175, 35.525 ], [ 140.175, 35.516666666666673 ], [ 140.1875, 35.516666666666666 ] ] ] } },
{ "type": "Feature", "properties": { "mesh": "53402125", "n_rl_records": 11, "n_rl_species": 7, "score_species_weighted": 20, "n_cr_en_species": 4, "effort_records": 212, "low_effort": false, "rl_record_share": 0.051886792452830191 }, "geometry": { "type": "Polygon", "coordinates": [ [ [ 140.2, 35.516666666666673 ], [ 140.2, 35.525 ], [ 140.1875, 35.525 ], [ 140.1875, 35.516666666666666 ], [ 140.2, 35.516666666666673 ] ] ] } },
{ "type": "Feature", "properties": { "mesh": "53402126", "n_rl_records": 5, "n_rl_species": 4, "score_species_weighted": 10, "n_cr_en_species": 2, "effort_records": 118, "low_effort": false, "rl_record_share": 0.042372881355932202 }, "geometry": { "type": "Polygon", "coordinates": [ [ [ 140.2125, 35.516666666666673 ], [ 140.2125, 35.525 ], [ 140.2, 35.525 ], [ 140.2, 35.516666666666673 ], [ 140.2125, 35.516666666666673 ] ] ] } },
{ "type": "Feature", "properties": { "mesh": "53402130", "n_rl_records": 4, "n_rl_species": 3, "score_species_weighted": 9, "n_cr_en_species": 2, "effort_records": 298, "low_effort": false, "rl_record_share": 0.013422818791946308 }, "geometry": { "type": "Polygon", "coordinates": [ [ [ 140.1375, 35.525 ], [ 140.1375, 35.533333333333331 ], [ 140.125, 35.533333333333331 ], [ 140.125, 35.525 ], [ 140.1375, 35.525 ] ] ] } },
{ "type": "Feature", "properties": { "mesh": "53402131", "n_rl_records": 3, "n_rl_species": 3, "score_species_weighted": 9, "n_cr_en_species": 2, "effort_records": 78, "low_effort": false, "rl_record_share": 0.038461538461538464 }, "geometry": { "type": "Polygon", "coordinates": [ [ [ 140.15, 35.525 ], [ 140.15, 35.533333333333331 ], [ 140.1375, 35.533333333333331 ], [ 140.1375, 35.525 ], [ 140.15, 35.525 ] ] ] } },
{ "type": "Feature", "properties": { "mesh": "53402133", "n_rl_records": 2, "n_rl_species": 2, "score_species_weighted": 6, "n_cr_en_species": 2, "effort_records": 51, "low_effort": false, "rl_record_share": 0.039215686274509803 }, "geometry": { "type": "Polygon", "coordinates": [ [ [ 140.175, 35.525 ], [ 140.175, 35.533333333333331 ], [ 140.1625, 35.533333333333331 ], [ 140.1625, 35.525 ], [ 140.175, 35.525 ] ] ] } },
{ "type": "Feature", "properties": { "mesh": "53402134", "n_rl_records": 5, "n_rl_species": 4, "score_species_weighted": 10, "n_cr_en_species": 3, "effort_records": 212, "low_effort": false, "rl_record_share": 0.02358490566037736 }, "geometry": { "type": "Polygon", "coordinates": [ [ [ 140.1875, 35.525 ], [ 140.1875, 35.533333333333331 ], [ 140.175, 35.533333333333331 ], [ 140.175, 35.525 ], [ 140.1875, 35.525 ] ] ] } },
{ "type": "Feature", "properties": { "mesh": "53402140", "n_rl_records": 1, "n_rl_species": 1, "score_species_weighted": 3, "n_cr_en_species": 1, "effort_records": 60, "low_effort": false, "rl_record_share": 0.016666666666666666 }, "geometry": { "type": "Polygon", "coordinates": [ [ [ 140.1375, 35.533333333333331 ], [ 140.1375, 35.541666666666657 ], [ 140.125, 35.54166666666665 ], [ 140.125, 35.533333333333331 ], [ 140.1375, 35.533333333333331 ] ] ] } },
{ "type": "Feature", "properties": { "mesh": "53402144", "n_rl_records": 5, "n_rl_species": 4, "score_species_weighted": 10, "n_cr_en_species": 2, "effort_records": 224, "low_effort": false, "rl_record_share": 0.022321428571428572 }, "geometry": { "type": "Polygon", "coordinates": [ [ [ 140.1875, 35.533333333333331 ], [ 140.1875, 35.541666666666657 ], [ 140.175, 35.541666666666664 ], [ 140.175, 35.533333333333331 ], [ 140.1875, 35.533333333333331 ] ] ] } },
{ "type": "Feature", "properties": { "mesh": "53402145", "n_rl_records": 2, "n_rl_species": 2, "score_species_weighted": 5, "n_cr_en_species": 1, "effort_records": 99, "low_effort": false, "rl_record_share": 0.020202020202020204 }, "geometry": { "type": "Polygon", "coordinates": [ [ [ 140.2, 35.533333333333331 ], [ 140.2, 35.541666666666657 ], [ 140.1875, 35.541666666666657 ], [ 140.1875, 35.533333333333331 ], [ 140.2, 35.533333333333331 ] ] ] } },
{ "type": "Feature", "properties": { "mesh": "53402162", "n_rl_records": 8, "n_rl_species": 3, "score_species_weighted": 8, "n_cr_en_species": 2, "effort_records": 252, "low_effort": false, "rl_record_share": 0.031746031746031744 }, "geometry": { "type": "Polygon", "coordinates": [ [ [ 140.1625, 35.55 ], [ 140.1625, 35.55833333333333 ], [ 140.15, 35.55833333333333 ], [ 140.15, 35.55 ], [ 140.1625, 35.55 ] ] ] } },
{ "type": "Feature", "properties": { "mesh": "53402172", "n_rl_records": 4, "n_rl_species": 3, "score_species_weighted": 9, "n_cr_en_species": 2, "effort_records": 70, "low_effort": false, "rl_record_share": 0.057142857142857141 }, "geometry": { "type": "Polygon", "coordinates": [ [ [ 140.1625, 35.55833333333333 ], [ 140.1625, 35.566666666666663 ], [ 140.15, 35.566666666666663 ], [ 140.15, 35.55833333333333 ], [ 140.1625, 35.55833333333333 ] ] ] } },
{ "type": "Feature", "properties": { "mesh": "53402181", "n_rl_records": 2, "n_rl_species": 1, "score_species_weighted": 1, "n_cr_en_species": 0, "effort_records": 6, "low_effort": true, "rl_record_share": 0.33333333333333331 }, "geometry": { "type": "Polygon", "coordinates": [ [ [ 140.15, 35.566666666666663 ], [ 140.15, 35.575 ], [ 140.1375, 35.575 ], [ 140.1375, 35.566666666666663 ], [ 140.15, 35.566666666666663 ] ] ] } },
{ "type": "Feature", "properties": { "mesh": "53402184", "n_rl_records": 2, "n_rl_species": 1, "score_species_weighted": 2, "n_cr_en_species": 0, "effort_records": 125, "low_effort": false, "rl_record_share": 0.016 }, "geometry": { "type": "Polygon", "coordinates": [ [ [ 140.1875, 35.56666666666667 ], [ 140.1875, 35.575 ], [ 140.175, 35.575 ], [ 140.175, 35.566666666666663 ], [ 140.1875, 35.56666666666667 ] ] ] } },
{ "type": "Feature", "properties": { "mesh": "53402185", "n_rl_records": 3, "n_rl_species": 1, "score_species_weighted": 3, "n_cr_en_species": 1, "effort_records": 552, "low_effort": false, "rl_record_share": 0.005434782608695652 }, "geometry": { "type": "Polygon", "coordinates": [ [ [ 140.2, 35.56666666666667 ], [ 140.2, 35.575 ], [ 140.1875, 35.575 ], [ 140.1875, 35.56666666666667 ], [ 140.2, 35.56666666666667 ] ] ] } },
{ "type": "Feature", "properties": { "mesh": "53402187", "n_rl_records": 1, "n_rl_species": 1, "score_species_weighted": 2, "n_cr_en_species": 0, "effort_records": 78, "low_effort": false, "rl_record_share": 0.01282051282051282 }, "geometry": { "type": "Polygon", "coordinates": [ [ [ 140.225, 35.56666666666667 ], [ 140.225, 35.575 ], [ 140.2125, 35.575 ], [ 140.2125, 35.566666666666663 ], [ 140.225, 35.56666666666667 ] ] ] } },
{ "type": "Feature", "properties": { "mesh": "53402188", "n_rl_records": 1, "n_rl_species": 1, "score_species_weighted": 3, "n_cr_en_species": 1, "effort_records": 25, "low_effort": false, "rl_record_share": 0.04 }, "geometry": { "type": "Polygon", "coordinates": [ [ [ 140.2375, 35.56666666666667 ], [ 140.2375, 35.575 ], [ 140.225, 35.575 ], [ 140.225, 35.56666666666667 ], [ 140.2375, 35.56666666666667 ] ] ] } },
{ "type": "Feature", "properties": { "mesh": "53402197", "n_rl_records": 1, "n_rl_species": 1, "score_species_weighted": 1, "n_cr_en_species": 0, "effort_records": 178, "low_effort": false, "rl_record_share": 0.0056179775280898875 }, "geometry": { "type": "Polygon", "coordinates": [ [ [ 140.225, 35.575 ], [ 140.225, 35.583333333333343 ], [ 140.2125, 35.583333333333336 ], [ 140.2125, 35.575 ], [ 140.225, 35.575 ] ] ] } },
{ "type": "Feature", "properties": { "mesh": "53402198", "n_rl_records": 150, "n_rl_species": 8, "score_species_weighted": 18, "n_cr_en_species": 3, "effort_records": 1727, "low_effort": false, "rl_record_share": 0.086855819339895779 }, "geometry": { "type": "Polygon", "coordinates": [ [ [ 140.2375, 35.575 ], [ 140.2375, 35.583333333333336 ], [ 140.225, 35.583333333333343 ], [ 140.225, 35.575 ], [ 140.2375, 35.575 ] ] ] } },
{ "type": "Feature", "properties": { "mesh": "53402201", "n_rl_records": 1, "n_rl_species": 1, "score_species_weighted": 4, "n_cr_en_species": 1, "effort_records": 4, "low_effort": true, "rl_record_share": 0.25 }, "geometry": { "type": "Polygon", "coordinates": [ [ [ 140.275, 35.5 ], [ 140.275, 35.508333333333347 ], [ 140.2625, 35.508333333333333 ], [ 140.2625, 35.5 ], [ 140.275, 35.5 ] ] ] } },
{ "type": "Feature", "properties": { "mesh": "53402204", "n_rl_records": 1, "n_rl_species": 1, "score_species_weighted": 3, "n_cr_en_species": 1, "effort_records": 66, "low_effort": false, "rl_record_share": 0.015151515151515152 }, "geometry": { "type": "Polygon", "coordinates": [ [ [ 140.3125, 35.5 ], [ 140.3125, 35.50833333333334 ], [ 140.3, 35.50833333333334 ], [ 140.3, 35.5 ], [ 140.3125, 35.5 ] ] ] } },
{ "type": "Feature", "properties": { "mesh": "53402209", "n_rl_records": 1, "n_rl_species": 1, "score_species_weighted": 4, "n_cr_en_species": 1, "effort_records": 8, "low_effort": true, "rl_record_share": 0.125 }, "geometry": { "type": "Polygon", "coordinates": [ [ [ 140.375, 35.5 ], [ 140.375, 35.508333333333333 ], [ 140.3625, 35.508333333333333 ], [ 140.3625, 35.5 ], [ 140.375, 35.5 ] ] ] } },
{ "type": "Feature", "properties": { "mesh": "53402211", "n_rl_records": 1, "n_rl_species": 1, "score_species_weighted": 1, "n_cr_en_species": 0, "effort_records": 151, "low_effort": false, "rl_record_share": 0.0066225165562913907 }, "geometry": { "type": "Polygon", "coordinates": [ [ [ 140.275, 35.508333333333347 ], [ 140.275, 35.516666666666673 ], [ 140.2625, 35.516666666666673 ], [ 140.2625, 35.508333333333333 ], [ 140.275, 35.508333333333347 ] ] ] } },
{ "type": "Feature", "properties": { "mesh": "53402212", "n_rl_records": 2, "n_rl_species": 1, "score_species_weighted": 1, "n_cr_en_species": 0, "effort_records": 162, "low_effort": false, "rl_record_share": 0.012345679012345678 }, "geometry": { "type": "Polygon", "coordinates": [ [ [ 140.2875, 35.508333333333333 ], [ 140.2875, 35.516666666666673 ], [ 140.275, 35.516666666666673 ], [ 140.275, 35.508333333333347 ], [ 140.2875, 35.508333333333333 ] ] ] } },
{ "type": "Feature", "properties": { "mesh": "53402220", "n_rl_records": 1, "n_rl_species": 1, "score_species_weighted": 4, "n_cr_en_species": 1, "effort_records": 3, "low_effort": true, "rl_record_share": 0.33333333333333331 }, "geometry": { "type": "Polygon", "coordinates": [ [ [ 140.2625, 35.516666666666673 ], [ 140.2625, 35.525 ], [ 140.25, 35.525 ], [ 140.25, 35.516666666666666 ], [ 140.2625, 35.516666666666673 ] ] ] } },
{ "type": "Feature", "properties": { "mesh": "53402221", "n_rl_records": 5, "n_rl_species": 2, "score_species_weighted": 5, "n_cr_en_species": 1, "effort_records": 79, "low_effort": false, "rl_record_share": 0.063291139240506333 }, "geometry": { "type": "Polygon", "coordinates": [ [ [ 140.275, 35.516666666666673 ], [ 140.275, 35.525 ], [ 140.2625, 35.525 ], [ 140.2625, 35.516666666666673 ], [ 140.275, 35.516666666666673 ] ] ] } },
{ "type": "Feature", "properties": { "mesh": "53402222", "n_rl_records": 97, "n_rl_species": 7, "score_species_weighted": 15, "n_cr_en_species": 2, "effort_records": 1088, "low_effort": false, "rl_record_share": 0.089154411764705885 }, "geometry": { "type": "Polygon", "coordinates": [ [ [ 140.2875, 35.516666666666673 ], [ 140.2875, 35.525 ], [ 140.275, 35.525 ], [ 140.275, 35.516666666666673 ], [ 140.2875, 35.516666666666673 ] ] ] } },
{ "type": "Feature", "properties": { "mesh": "53402229", "n_rl_records": 1, "n_rl_species": 1, "score_species_weighted": 2, "n_cr_en_species": 0, "effort_records": 23, "low_effort": false, "rl_record_share": 0.043478260869565216 }, "geometry": { "type": "Polygon", "coordinates": [ [ [ 140.375, 35.51666666666668 ], [ 140.375, 35.525 ], [ 140.3625, 35.525 ], [ 140.3625, 35.516666666666666 ], [ 140.375, 35.51666666666668 ] ] ] } },
{ "type": "Feature", "properties": { "mesh": "53402231", "n_rl_records": 2, "n_rl_species": 1, "score_species_weighted": 2, "n_cr_en_species": 0, "effort_records": 19, "low_effort": true, "rl_record_share": 0.10526315789473684 }, "geometry": { "type": "Polygon", "coordinates": [ [ [ 140.275, 35.525 ], [ 140.275, 35.533333333333331 ], [ 140.2625, 35.533333333333331 ], [ 140.2625, 35.525 ], [ 140.275, 35.525 ] ] ] } },
{ "type": "Feature", "properties": { "mesh": "53402237", "n_rl_records": 2, "n_rl_species": 1, "score_species_weighted": 3, "n_cr_en_species": 1, "effort_records": 3, "low_effort": true, "rl_record_share": 0.66666666666666663 }, "geometry": { "type": "Polygon", "coordinates": [ [ [ 140.35, 35.525 ], [ 140.35, 35.533333333333331 ], [ 140.3375, 35.533333333333331 ], [ 140.3375, 35.525 ], [ 140.35, 35.525 ] ] ] } },
{ "type": "Feature", "properties": { "mesh": "53402242", "n_rl_records": 2, "n_rl_species": 2, "score_species_weighted": 5, "n_cr_en_species": 1, "effort_records": 89, "low_effort": false, "rl_record_share": 0.02247191011235955 }, "geometry": { "type": "Polygon", "coordinates": [ [ [ 140.2875, 35.533333333333331 ], [ 140.2875, 35.541666666666657 ], [ 140.275, 35.541666666666664 ], [ 140.275, 35.533333333333331 ], [ 140.2875, 35.533333333333331 ] ] ] } },
{ "type": "Feature", "properties": { "mesh": "53402265", "n_rl_records": 1, "n_rl_species": 1, "score_species_weighted": 4, "n_cr_en_species": 1, "effort_records": 79, "low_effort": false, "rl_record_share": 0.012658227848101266 }, "geometry": { "type": "Polygon", "coordinates": [ [ [ 140.325, 35.55 ], [ 140.325, 35.55833333333333 ], [ 140.3125, 35.55833333333333 ], [ 140.3125, 35.55 ], [ 140.325, 35.55 ] ] ] } },
{ "type": "Feature", "properties": { "mesh": "53402274", "n_rl_records": 2, "n_rl_species": 2, "score_species_weighted": 4, "n_cr_en_species": 0, "effort_records": 15, "low_effort": true, "rl_record_share": 0.13333333333333333 }, "geometry": { "type": "Polygon", "coordinates": [ [ [ 140.3125, 35.55833333333333 ], [ 140.3125, 35.566666666666663 ], [ 140.3, 35.56666666666667 ], [ 140.3, 35.55833333333333 ], [ 140.3125, 35.55833333333333 ] ] ] } },
{ "type": "Feature", "properties": { "mesh": "53402276", "n_rl_records": 21, "n_rl_species": 4, "score_species_weighted": 7, "n_cr_en_species": 1, "effort_records": 96, "low_effort": false, "rl_record_share": 0.21875 }, "geometry": { "type": "Polygon", "coordinates": [ [ [ 140.3375, 35.55833333333333 ], [ 140.3375, 35.566666666666663 ], [ 140.325, 35.56666666666667 ], [ 140.325, 35.55833333333333 ], [ 140.3375, 35.55833333333333 ] ] ] } },
{ "type": "Feature", "properties": { "mesh": "53402277", "n_rl_records": 1, "n_rl_species": 1, "score_species_weighted": 1, "n_cr_en_species": 0, "effort_records": 79, "low_effort": false, "rl_record_share": 0.012658227848101266 }, "geometry": { "type": "Polygon", "coordinates": [ [ [ 140.35, 35.55833333333333 ], [ 140.35, 35.56666666666667 ], [ 140.3375, 35.566666666666663 ], [ 140.3375, 35.55833333333333 ], [ 140.35, 35.55833333333333 ] ] ] } },
{ "type": "Feature", "properties": { "mesh": "53402278", "n_rl_records": 11, "n_rl_species": 2, "score_species_weighted": 3, "n_cr_en_species": 0, "effort_records": 68, "low_effort": false, "rl_record_share": 0.16176470588235295 }, "geometry": { "type": "Polygon", "coordinates": [ [ [ 140.3625, 35.55833333333333 ], [ 140.3625, 35.566666666666663 ], [ 140.35, 35.56666666666667 ], [ 140.35, 35.55833333333333 ], [ 140.3625, 35.55833333333333 ] ] ] } },
{ "type": "Feature", "properties": { "mesh": "53402287", "n_rl_records": 13, "n_rl_species": 2, "score_species_weighted": 3, "n_cr_en_species": 0, "effort_records": 47, "low_effort": false, "rl_record_share": 0.27659574468085107 }, "geometry": { "type": "Polygon", "coordinates": [ [ [ 140.35, 35.56666666666667 ], [ 140.35, 35.575 ], [ 140.3375, 35.575 ], [ 140.3375, 35.566666666666663 ], [ 140.35, 35.56666666666667 ] ] ] } },
{ "type": "Feature", "properties": { "mesh": "53402288", "n_rl_records": 4, "n_rl_species": 2, "score_species_weighted": 3, "n_cr_en_species": 0, "effort_records": 60, "low_effort": false, "rl_record_share": 0.066666666666666666 }, "geometry": { "type": "Polygon", "coordinates": [ [ [ 140.3625, 35.566666666666663 ], [ 140.3625, 35.575 ], [ 140.35, 35.575 ], [ 140.35, 35.56666666666667 ], [ 140.3625, 35.566666666666663 ] ] ] } },
{ "type": "Feature", "properties": { "mesh": "53402303", "n_rl_records": 1, "n_rl_species": 1, "score_species_weighted": 3, "n_cr_en_species": 1, "effort_records": 1, "low_effort": true, "rl_record_share": 1.0 }, "geometry": { "type": "Polygon", "coordinates": [ [ [ 140.425, 35.5 ], [ 140.425, 35.50833333333334 ], [ 140.4125, 35.508333333333333 ], [ 140.4125, 35.5 ], [ 140.425, 35.5 ] ] ] } },
{ "type": "Feature", "properties": { "mesh": "53402304", "n_rl_records": 3, "n_rl_species": 3, "score_species_weighted": 7, "n_cr_en_species": 1, "effort_records": 149, "low_effort": false, "rl_record_share": 0.020134228187919462 }, "geometry": { "type": "Polygon", "coordinates": [ [ [ 140.4375, 35.5 ], [ 140.4375, 35.50833333333334 ], [ 140.425, 35.50833333333334 ], [ 140.425, 35.5 ], [ 140.4375, 35.5 ] ] ] } },
{ "type": "Feature", "properties": { "mesh": "53402313", "n_rl_records": 2, "n_rl_species": 2, "score_species_weighted": 3, "n_cr_en_species": 0, "effort_records": 28, "low_effort": false, "rl_record_share": 0.071428571428571425 }, "geometry": { "type": "Polygon", "coordinates": [ [ [ 140.425, 35.50833333333334 ], [ 140.425, 35.516666666666673 ], [ 140.4125, 35.516666666666666 ], [ 140.4125, 35.508333333333333 ], [ 140.425, 35.50833333333334 ] ] ] } },
{ "type": "Feature", "properties": { "mesh": "53402314", "n_rl_records": 2, "n_rl_species": 2, "score_species_weighted": 3, "n_cr_en_species": 0, "effort_records": 10, "low_effort": true, "rl_record_share": 0.2 }, "geometry": { "type": "Polygon", "coordinates": [ [ [ 140.4375, 35.50833333333334 ], [ 140.4375, 35.516666666666673 ], [ 140.425, 35.516666666666673 ], [ 140.425, 35.50833333333334 ], [ 140.4375, 35.50833333333334 ] ] ] } },
{ "type": "Feature", "properties": { "mesh": "53402346", "n_rl_records": 7, "n_rl_species": 5, "score_species_weighted": 8, "n_cr_en_species": 0, "effort_records": 48, "low_effort": false, "rl_record_share": 0.14583333333333334 }, "geometry": { "type": "Polygon", "coordinates": [ [ [ 140.4625, 35.533333333333331 ], [ 140.4625, 35.541666666666664 ], [ 140.45, 35.541666666666657 ], [ 140.45, 35.533333333333331 ], [ 140.4625, 35.533333333333331 ] ] ] } },
{ "type": "Feature", "properties": { "mesh": "53402361", "n_rl_records": 3, "n_rl_species": 1, "score_species_weighted": 1, "n_cr_en_species": 0, "effort_records": 5, "low_effort": true, "rl_record_share": 0.6 }, "geometry": { "type": "Polygon", "coordinates": [ [ [ 140.4, 35.55 ], [ 140.4, 35.55833333333333 ], [ 140.3875, 35.55833333333333 ], [ 140.3875, 35.55 ], [ 140.4, 35.55 ] ] ] } },
{ "type": "Feature", "properties": { "mesh": "53402365", "n_rl_records": 5, "n_rl_species": 2, "score_species_weighted": 3, "n_cr_en_species": 0, "effort_records": 44, "low_effort": false, "rl_record_share": 0.11363636363636363 }, "geometry": { "type": "Polygon", "coordinates": [ [ [ 140.45, 35.55 ], [ 140.45, 35.55833333333333 ], [ 140.4375, 35.55833333333333 ], [ 140.4375, 35.55 ], [ 140.45, 35.55 ] ] ] } },
{ "type": "Feature", "properties": { "mesh": "53402391", "n_rl_records": 1, "n_rl_species": 1, "score_species_weighted": 3, "n_cr_en_species": 1, "effort_records": 34, "low_effort": false, "rl_record_share": 0.029411764705882353 }, "geometry": { "type": "Polygon", "coordinates": [ [ [ 140.4, 35.575 ], [ 140.4, 35.583333333333336 ], [ 140.3875, 35.583333333333336 ], [ 140.3875, 35.575 ], [ 140.4, 35.575 ] ] ] } },
{ "type": "Feature", "properties": { "mesh": "53402399", "n_rl_records": 11, "n_rl_species": 4, "score_species_weighted": 9, "n_cr_en_species": 1, "effort_records": 111, "low_effort": false, "rl_record_share": 0.0990990990990991 }, "geometry": { "type": "Polygon", "coordinates": [ [ [ 140.5, 35.575 ], [ 140.5, 35.583333333333336 ], [ 140.4875, 35.583333333333336 ], [ 140.4875, 35.575 ], [ 140.5, 35.575 ] ] ] } },
{ "type": "Feature", "properties": { "mesh": "53403009", "n_rl_records": 1, "n_rl_species": 1, "score_species_weighted": 3, "n_cr_en_species": 1, "effort_records": 12, "low_effort": true, "rl_record_share": 0.083333333333333329 }, "geometry": { "type": "Polygon", "coordinates": [ [ [ 140.125, 35.583333333333336 ], [ 140.125, 35.591666666666661 ], [ 140.1125, 35.591666666666676 ], [ 140.1125, 35.583333333333336 ], [ 140.125, 35.583333333333336 ] ] ] } },
{ "type": "Feature", "properties": { "mesh": "53403017", "n_rl_records": 4, "n_rl_species": 4, "score_species_weighted": 9, "n_cr_en_species": 2, "effort_records": 296, "low_effort": false, "rl_record_share": 0.013513513513513514 }, "geometry": { "type": "Polygon", "coordinates": [ [ [ 140.1, 35.591666666666669 ], [ 140.1, 35.6 ], [ 140.0875, 35.6 ], [ 140.0875, 35.591666666666661 ], [ 140.1, 35.591666666666669 ] ] ] } },
{ "type": "Feature", "properties": { "mesh": "53403019", "n_rl_records": 3, "n_rl_species": 3, "score_species_weighted": 7, "n_cr_en_species": 1, "effort_records": 81, "low_effort": false, "rl_record_share": 0.037037037037037035 }, "geometry": { "type": "Polygon", "coordinates": [ [ [ 140.125, 35.591666666666661 ], [ 140.125, 35.6 ], [ 140.1125, 35.6 ], [ 140.1125, 35.591666666666676 ], [ 140.125, 35.591666666666661 ] ] ] } },
{ "type": "Feature", "properties": { "mesh": "53403027", "n_rl_records": 11, "n_rl_species": 2, "score_species_weighted": 6, "n_cr_en_species": 1, "effort_records": 188, "low_effort": false, "rl_record_share": 0.058510638297872342 }, "geometry": { "type": "Polygon", "coordinates": [ [ [ 140.1, 35.6 ], [ 140.1, 35.608333333333327 ], [ 140.0875, 35.608333333333334 ], [ 140.0875, 35.6 ], [ 140.1, 35.6 ] ] ] } },
{ "type": "Feature", "properties": { "mesh": "53403028", "n_rl_records": 1, "n_rl_species": 1, "score_species_weighted": 1, "n_cr_en_species": 0, "effort_records": 294, "low_effort": false, "rl_record_share": 0.0034013605442176869 }, "geometry": { "type": "Polygon", "coordinates": [ [ [ 140.1125, 35.6 ], [ 140.1125, 35.608333333333327 ], [ 140.1, 35.608333333333327 ], [ 140.1, 35.6 ], [ 140.1125, 35.6 ] ] ] } },
{ "type": "Feature", "properties": { "mesh": "53403029", "n_rl_records": 3, "n_rl_species": 3, "score_species_weighted": 5, "n_cr_en_species": 0, "effort_records": 473, "low_effort": false, "rl_record_share": 0.0063424947145877377 }, "geometry": { "type": "Polygon", "coordinates": [ [ [ 140.125, 35.6 ], [ 140.125, 35.608333333333334 ], [ 140.1125, 35.608333333333327 ], [ 140.1125, 35.6 ], [ 140.125, 35.6 ] ] ] } },
{ "type": "Feature", "properties": { "mesh": "53403039", "n_rl_records": 2, "n_rl_species": 1, "score_species_weighted": 2, "n_cr_en_species": 0, "effort_records": 44, "low_effort": false, "rl_record_share": 0.045454545454545456 }, "geometry": { "type": "Polygon", "coordinates": [ [ [ 140.125, 35.608333333333334 ], [ 140.125, 35.61666666666666 ], [ 140.1125, 35.61666666666666 ], [ 140.1125, 35.608333333333327 ], [ 140.125, 35.608333333333334 ] ] ] } },
{ "type": "Feature", "properties": { "mesh": "53403044", "n_rl_records": 7, "n_rl_species": 2, "score_species_weighted": 6, "n_cr_en_species": 1, "effort_records": 178, "low_effort": false, "rl_record_share": 0.039325842696629212 }, "geometry": { "type": "Polygon", "coordinates": [ [ [ 140.0625, 35.61666666666666 ], [ 140.0625, 35.625 ], [ 140.05, 35.625 ], [ 140.05, 35.61666666666666 ], [ 140.0625, 35.61666666666666 ] ] ] } },
{ "type": "Feature", "properties": { "mesh": "53403049", "n_rl_records": 13, "n_rl_species": 4, "score_species_weighted": 10, "n_cr_en_species": 2, "effort_records": 174, "low_effort": false, "rl_record_share": 0.074712643678160925 }, "geometry": { "type": "Polygon", "coordinates": [ [ [ 140.125, 35.61666666666666 ], [ 140.125, 35.625 ], [ 140.1125, 35.625 ], [ 140.1125, 35.61666666666666 ], [ 140.125, 35.61666666666666 ] ] ] } },
{ "type": "Feature", "properties": { "mesh": "53403054", "n_rl_records": 3, "n_rl_species": 2, "score_species_weighted": 3, "n_cr_en_species": 0, "effort_records": 27, "low_effort": false, "rl_record_share": 0.1111111111111111 }, "geometry": { "type": "Polygon", "coordinates": [ [ [ 140.0625, 35.625 ], [ 140.0625, 35.633333333333333 ], [ 140.05, 35.633333333333333 ], [ 140.05, 35.625 ], [ 140.0625, 35.625 ] ] ] } },
{ "type": "Feature", "properties": { "mesh": "53403055", "n_rl_records": 20, "n_rl_species": 3, "score_species_weighted": 7, "n_cr_en_species": 1, "effort_records": 703, "low_effort": false, "rl_record_share": 0.028449502133712661 }, "geometry": { "type": "Polygon", "coordinates": [ [ [ 140.075, 35.625 ], [ 140.075, 35.633333333333333 ], [ 140.0625, 35.633333333333333 ], [ 140.0625, 35.625 ], [ 140.075, 35.625 ] ] ] } },
{ "type": "Feature", "properties": { "mesh": "53403058", "n_rl_records": 1, "n_rl_species": 1, "score_species_weighted": 3, "n_cr_en_species": 1, "effort_records": 229, "low_effort": false, "rl_record_share": 0.0043668122270742356 }, "geometry": { "type": "Polygon", "coordinates": [ [ [ 140.1125, 35.625 ], [ 140.1125, 35.633333333333333 ], [ 140.1, 35.63333333333334 ], [ 140.1, 35.625 ], [ 140.1125, 35.625 ] ] ] } },
{ "type": "Feature", "properties": { "mesh": "53403065", "n_rl_records": 19, "n_rl_species": 1, "score_species_weighted": 1, "n_cr_en_species": 0, "effort_records": 418, "low_effort": false, "rl_record_share": 0.045454545454545456 }, "geometry": { "type": "Polygon", "coordinates": [ [ [ 140.075, 35.633333333333333 ], [ 140.075, 35.641666666666666 ], [ 140.0625, 35.641666666666673 ], [ 140.0625, 35.633333333333333 ], [ 140.075, 35.633333333333333 ] ] ] } },
{ "type": "Feature", "properties": { "mesh": "53403069", "n_rl_records": 1, "n_rl_species": 1, "score_species_weighted": 4, "n_cr_en_species": 1, "effort_records": 11, "low_effort": true, "rl_record_share": 0.090909090909090912 }, "geometry": { "type": "Polygon", "coordinates": [ [ [ 140.125, 35.633333333333333 ], [ 140.125, 35.641666666666666 ], [ 140.1125, 35.641666666666666 ], [ 140.1125, 35.633333333333333 ], [ 140.125, 35.633333333333333 ] ] ] } },
{ "type": "Feature", "properties": { "mesh": "53403071", "n_rl_records": 2, "n_rl_species": 1, "score_species_weighted": 1, "n_cr_en_species": 0, "effort_records": 29, "low_effort": false, "rl_record_share": 0.068965517241379309 }, "geometry": { "type": "Polygon", "coordinates": [ [ [ 140.025, 35.641666666666666 ], [ 140.025, 35.65 ], [ 140.0125, 35.65 ], [ 140.0125, 35.641666666666666 ], [ 140.025, 35.641666666666666 ] ] ] } },
{ "type": "Feature", "properties": { "mesh": "53403072", "n_rl_records": 44, "n_rl_species": 11, "score_species_weighted": 23, "n_cr_en_species": 3, "effort_records": 535, "low_effort": false, "rl_record_share": 0.082242990654205608 }, "geometry": { "type": "Polygon", "coordinates": [ [ [ 140.0375, 35.641666666666673 ], [ 140.0375, 35.65 ], [ 140.025, 35.65 ], [ 140.025, 35.641666666666666 ], [ 140.0375, 35.641666666666673 ] ] ] } },
{ "type": "Feature", "properties": { "mesh": "53403073", "n_rl_records": 3, "n_rl_species": 1, "score_species_weighted": 4, "n_cr_en_species": 1, "effort_records": 163, "low_effort": false, "rl_record_share": 0.018404907975460124 }, "geometry": { "type": "Polygon", "coordinates": [ [ [ 140.05, 35.641666666666666 ], [ 140.05, 35.65 ], [ 140.0375, 35.65 ], [ 140.0375, 35.641666666666673 ], [ 140.05, 35.641666666666666 ] ] ] } },
{ "type": "Feature", "properties": { "mesh": "53403074", "n_rl_records": 8, "n_rl_species": 5, "score_species_weighted": 11, "n_cr_en_species": 1, "effort_records": 33, "low_effort": false, "rl_record_share": 0.24242424242424243 }, "geometry": { "type": "Polygon", "coordinates": [ [ [ 140.0625, 35.641666666666673 ], [ 140.0625, 35.65 ], [ 140.05, 35.65 ], [ 140.05, 35.641666666666666 ], [ 140.0625, 35.641666666666673 ] ] ] } },
{ "type": "Feature", "properties": { "mesh": "53403080", "n_rl_records": 2, "n_rl_species": 2, "score_species_weighted": 3, "n_cr_en_species": 0, "effort_records": 151, "low_effort": false, "rl_record_share": 0.013245033112582781 }, "geometry": { "type": "Polygon", "coordinates": [ [ [ 140.0125, 35.65 ], [ 140.0125, 35.658333333333339 ], [ 140.0, 35.658333333333324 ], [ 140.0, 35.65 ], [ 140.0125, 35.65 ] ] ] } },
{ "type": "Feature", "properties": { "mesh": "53403082", "n_rl_records": 8, "n_rl_species": 4, "score_species_weighted": 6, "n_cr_en_species": 0, "effort_records": 173, "low_effort": false, "rl_record_share": 0.046242774566473986 }, "geometry": { "type": "Polygon", "coordinates": [ [ [ 140.0375, 35.65 ], [ 140.0375, 35.658333333333339 ], [ 140.025, 35.658333333333331 ], [ 140.025, 35.65 ], [ 140.0375, 35.65 ] ] ] } },
{ "type": "Feature", "properties": { "mesh": "53403083", "n_rl_records": 5, "n_rl_species": 4, "score_species_weighted": 9, "n_cr_en_species": 1, "effort_records": 121, "low_effort": false, "rl_record_share": 0.041322314049586778 }, "geometry": { "type": "Polygon", "coordinates": [ [ [ 140.05, 35.65 ], [ 140.05, 35.658333333333339 ], [ 140.0375, 35.658333333333339 ], [ 140.0375, 35.65 ], [ 140.05, 35.65 ] ] ] } },
{ "type": "Feature", "properties": { "mesh": "53403085", "n_rl_records": 4, "n_rl_species": 2, "score_species_weighted": 3, "n_cr_en_species": 0, "effort_records": 500, "low_effort": false, "rl_record_share": 0.008 }, "geometry": { "type": "Polygon", "coordinates": [ [ [ 140.075, 35.65 ], [ 140.075, 35.658333333333331 ], [ 140.0625, 35.658333333333331 ], [ 140.0625, 35.65 ], [ 140.075, 35.65 ] ] ] } },
{ "type": "Feature", "properties": { "mesh": "53403089", "n_rl_records": 1, "n_rl_species": 1, "score_species_weighted": 3, "n_cr_en_species": 1, "effort_records": 42, "low_effort": false, "rl_record_share": 0.023809523809523808 }, "geometry": { "type": "Polygon", "coordinates": [ [ [ 140.125, 35.65 ], [ 140.125, 35.658333333333331 ], [ 140.1125, 35.658333333333339 ], [ 140.1125, 35.65 ], [ 140.125, 35.65 ] ] ] } },
{ "type": "Feature", "properties": { "mesh": "53403090", "n_rl_records": 5, "n_rl_species": 2, "score_species_weighted": 3, "n_cr_en_species": 0, "effort_records": 136, "low_effort": false, "rl_record_share": 0.036764705882352942 }, "geometry": { "type": "Polygon", "coordinates": [ [ [ 140.0125, 35.658333333333339 ], [ 140.0125, 35.666666666666664 ], [ 140.0, 35.666666666666671 ], [ 140.0, 35.658333333333324 ], [ 140.0125, 35.658333333333339 ] ] ] } },
{ "type": "Feature", "properties": { "mesh": "53403091", "n_rl_records": 7, "n_rl_species": 3, "score_species_weighted": 9, "n_cr_en_species": 2, "effort_records": 173, "low_effort": false, "rl_record_share": 0.04046242774566474 }, "geometry": { "type": "Polygon", "coordinates": [ [ [ 140.025, 35.658333333333331 ], [ 140.025, 35.666666666666664 ], [ 140.0125, 35.666666666666664 ], [ 140.0125, 35.658333333333339 ], [ 140.025, 35.658333333333331 ] ] ] } },
{ "type": "Feature", "properties": { "mesh": "53403092", "n_rl_records": 3, "n_rl_species": 2, "score_species_weighted": 5, "n_cr_en_species": 1, "effort_records": 63, "low_effort": false, "rl_record_share": 0.047619047619047616 }, "geometry": { "type": "Polygon", "coordinates": [ [ [ 140.0375, 35.658333333333339 ], [ 140.0375, 35.666666666666671 ], [ 140.025, 35.666666666666664 ], [ 140.025, 35.658333333333331 ], [ 140.0375, 35.658333333333339 ] ] ] } },
{ "type": "Feature", "properties": { "mesh": "53403096", "n_rl_records": 5, "n_rl_species": 3, "score_species_weighted": 8, "n_cr_en_species": 2, "effort_records": 1113, "low_effort": false, "rl_record_share": 0.0044923629829290209 }, "geometry": { "type": "Polygon", "coordinates": [ [ [ 140.0875, 35.658333333333331 ], [ 140.0875, 35.666666666666671 ], [ 140.075, 35.666666666666664 ], [ 140.075, 35.658333333333331 ], [ 140.0875, 35.658333333333331 ] ] ] } },
{ "type": "Feature", "properties": { "mesh": "53403110", "n_rl_records": 66, "n_rl_species": 20, "score_species_weighted": 44, "n_cr_en_species": 9, "effort_records": 3748, "low_effort": false, "rl_record_share": 0.017609391675560297 }, "geometry": { "type": "Polygon", "coordinates": [ [ [ 140.1375, 35.591666666666669 ], [ 140.1375, 35.6 ], [ 140.125, 35.6 ], [ 140.125, 35.591666666666661 ], [ 140.1375, 35.591666666666669 ] ] ] } },
{ "type": "Feature", "properties": { "mesh": "53403111", "n_rl_records": 8, "n_rl_species": 4, "score_species_weighted": 12, "n_cr_en_species": 3, "effort_records": 876, "low_effort": false, "rl_record_share": 0.0091324200913242004 }, "geometry": { "type": "Polygon", "coordinates": [ [ [ 140.15, 35.591666666666676 ], [ 140.15, 35.6 ], [ 140.1375, 35.6 ], [ 140.1375, 35.591666666666669 ], [ 140.15, 35.591666666666676 ] ] ] } },
{ "type": "Feature", "properties": { "mesh": "53403112", "n_rl_records": 12, "n_rl_species": 1, "score_species_weighted": 1, "n_cr_en_species": 0, "effort_records": 70, "low_effort": false, "rl_record_share": 0.17142857142857143 }, "geometry": { "type": "Polygon", "coordinates": [ [ [ 140.1625, 35.591666666666669 ], [ 140.1625, 35.6 ], [ 140.15, 35.6 ], [ 140.15, 35.591666666666676 ], [ 140.1625, 35.591666666666669 ] ] ] } },
{ "type": "Feature", "properties": { "mesh": "53403113", "n_rl_records": 16, "n_rl_species": 1, "score_species_weighted": 1, "n_cr_en_species": 0, "effort_records": 211, "low_effort": false, "rl_record_share": 0.07582938388625593 }, "geometry": { "type": "Polygon", "coordinates": [ [ [ 140.175, 35.591666666666669 ], [ 140.175, 35.6 ], [ 140.1625, 35.6 ], [ 140.1625, 35.591666666666669 ], [ 140.175, 35.591666666666669 ] ] ] } },
{ "type": "Feature", "properties": { "mesh": "53403115", "n_rl_records": 2, "n_rl_species": 1, "score_species_weighted": 1, "n_cr_en_species": 0, "effort_records": 48, "low_effort": false, "rl_record_share": 0.041666666666666664 }, "geometry": { "type": "Polygon", "coordinates": [ [ [ 140.2, 35.591666666666669 ], [ 140.2, 35.6 ], [ 140.1875, 35.6 ], [ 140.1875, 35.591666666666661 ], [ 140.2, 35.591666666666669 ] ] ] } },
{ "type": "Feature", "properties": { "mesh": "53403116", "n_rl_records": 1, "n_rl_species": 1, "score_species_weighted": 1, "n_cr_en_species": 0, "effort_records": 68, "low_effort": false, "rl_record_share": 0.014705882352941176 }, "geometry": { "type": "Polygon", "coordinates": [ [ [ 140.2125, 35.591666666666669 ], [ 140.2125, 35.6 ], [ 140.2, 35.6 ], [ 140.2, 35.591666666666669 ], [ 140.2125, 35.591666666666669 ] ] ] } },
{ "type": "Feature", "properties": { "mesh": "53403120", "n_rl_records": 2, "n_rl_species": 2, "score_species_weighted": 8, "n_cr_en_species": 2, "effort_records": 60, "low_effort": false, "rl_record_share": 0.033333333333333333 }, "geometry": { "type": "Polygon", "coordinates": [ [ [ 140.1375, 35.6 ], [ 140.1375, 35.608333333333327 ], [ 140.125, 35.608333333333334 ], [ 140.125, 35.6 ], [ 140.1375, 35.6 ] ] ] } },
{ "type": "Feature", "properties": { "mesh": "53403121", "n_rl_records": 19, "n_rl_species": 2, "score_species_weighted": 4, "n_cr_en_species": 1, "effort_records": 907, "low_effort": false, "rl_record_share": 0.020948180815876516 }, "geometry": { "type": "Polygon", "coordinates": [ [ [ 140.15, 35.6 ], [ 140.15, 35.608333333333334 ], [ 140.1375, 35.608333333333327 ], [ 140.1375, 35.6 ], [ 140.15, 35.6 ] ] ] } },
{ "type": "Feature", "properties": { "mesh": "53403122", "n_rl_records": 1, "n_rl_species": 1, "score_species_weighted": 1, "n_cr_en_species": 0, "effort_records": 89, "low_effort": false, "rl_record_share": 0.011235955056179775 }, "geometry": { "type": "Polygon", "coordinates": [ [ [ 140.1625, 35.6 ], [ 140.1625, 35.608333333333334 ], [ 140.15, 35.608333333333334 ], [ 140.15, 35.6 ], [ 140.1625, 35.6 ] ] ] } },
{ "type": "Feature", "properties": { "mesh": "53403123", "n_rl_records": 3, "n_rl_species": 3, "score_species_weighted": 6, "n_cr_en_species": 1, "effort_records": 56, "low_effort": false, "rl_record_share": 0.053571428571428568 }, "geometry": { "type": "Polygon", "coordinates": [ [ [ 140.175, 35.6 ], [ 140.175, 35.608333333333341 ], [ 140.1625, 35.608333333333334 ], [ 140.1625, 35.6 ], [ 140.175, 35.6 ] ] ] } },
{ "type": "Feature", "properties": { "mesh": "53403124", "n_rl_records": 5, "n_rl_species": 1, "score_species_weighted": 1, "n_cr_en_species": 0, "effort_records": 105, "low_effort": false, "rl_record_share": 0.047619047619047616 }, "geometry": { "type": "Polygon", "coordinates": [ [ [ 140.1875, 35.6 ], [ 140.1875, 35.608333333333341 ], [ 140.175, 35.608333333333341 ], [ 140.175, 35.6 ], [ 140.1875, 35.6 ] ] ] } },
{ "type": "Feature", "properties": { "mesh": "53403125", "n_rl_records": 3, "n_rl_species": 2, "score_species_weighted": 2, "n_cr_en_species": 0, "effort_records": 50, "low_effort": false, "rl_record_share": 0.06 }, "geometry": { "type": "Polygon", "coordinates": [ [ [ 140.2, 35.6 ], [ 140.2, 35.608333333333334 ], [ 140.1875, 35.608333333333341 ], [ 140.1875, 35.6 ], [ 140.2, 35.6 ] ] ] } },
{ "type": "Feature", "properties": { "mesh": "53403126", "n_rl_records": 2, "n_rl_species": 2, "score_species_weighted": 5, "n_cr_en_species": 1, "effort_records": 56, "low_effort": false, "rl_record_share": 0.035714285714285712 }, "geometry": { "type": "Polygon", "coordinates": [ [ [ 140.2125, 35.6 ], [ 140.2125, 35.608333333333327 ], [ 140.2, 35.608333333333334 ], [ 140.2, 35.6 ], [ 140.2125, 35.6 ] ] ] } },
{ "type": "Feature", "properties": { "mesh": "53403135", "n_rl_records": 7, "n_rl_species": 3, "score_species_weighted": 8, "n_cr_en_species": 2, "effort_records": 95, "low_effort": false, "rl_record_share": 0.073684210526315783 }, "geometry": { "type": "Polygon", "coordinates": [ [ [ 140.2, 35.608333333333334 ], [ 140.2, 35.616666666666667 ], [ 140.1875, 35.61666666666666 ], [ 140.1875, 35.608333333333341 ], [ 140.2, 35.608333333333334 ] ] ] } },
{ "type": "Feature", "properties": { "mesh": "53403136", "n_rl_records": 1, "n_rl_species": 1, "score_species_weighted": 1, "n_cr_en_species": 0, "effort_records": 37, "low_effort": false, "rl_record_share": 0.027027027027027029 }, "geometry": { "type": "Polygon", "coordinates": [ [ [ 140.2125, 35.608333333333327 ], [ 140.2125, 35.61666666666666 ], [ 140.2, 35.616666666666667 ], [ 140.2, 35.608333333333334 ], [ 140.2125, 35.608333333333327 ] ] ] } },
{ "type": "Feature", "properties": { "mesh": "53403142", "n_rl_records": 2, "n_rl_species": 1, "score_species_weighted": 2, "n_cr_en_species": 0, "effort_records": 19, "low_effort": true, "rl_record_share": 0.10526315789473684 }, "geometry": { "type": "Polygon", "coordinates": [ [ [ 140.1625, 35.616666666666667 ], [ 140.1625, 35.625 ], [ 140.15, 35.625 ], [ 140.15, 35.61666666666666 ], [ 140.1625, 35.616666666666667 ] ] ] } },
{ "type": "Feature", "properties": { "mesh": "53403143", "n_rl_records": 9, "n_rl_species": 3, "score_species_weighted": 6, "n_cr_en_species": 1, "effort_records": 160, "low_effort": false, "rl_record_share": 0.05625 }, "geometry": { "type": "Polygon", "coordinates": [ [ [ 140.175, 35.616666666666667 ], [ 140.175, 35.625 ], [ 140.1625, 35.625 ], [ 140.1625, 35.616666666666667 ], [ 140.175, 35.616666666666667 ] ] ] } },
{ "type": "Feature", "properties": { "mesh": "53403150", "n_rl_records": 1, "n_rl_species": 1, "score_species_weighted": 4, "n_cr_en_species": 1, "effort_records": 119, "low_effort": false, "rl_record_share": 0.0084033613445378148 }, "geometry": { "type": "Polygon", "coordinates": [ [ [ 140.1375, 35.625 ], [ 140.1375, 35.633333333333333 ], [ 140.125, 35.633333333333333 ], [ 140.125, 35.625 ], [ 140.1375, 35.625 ] ] ] } },
{ "type": "Feature", "properties": { "mesh": "53403153", "n_rl_records": 1, "n_rl_species": 1, "score_species_weighted": 3, "n_cr_en_species": 1, "effort_records": 29, "low_effort": false, "rl_record_share": 0.034482758620689655 }, "geometry": { "type": "Polygon", "coordinates": [ [ [ 140.175, 35.625 ], [ 140.175, 35.63333333333334 ], [ 140.1625, 35.633333333333333 ], [ 140.1625, 35.625 ], [ 140.175, 35.625 ] ] ] } },
{ "type": "Feature", "properties": { "mesh": "53403159", "n_rl_records": 2, "n_rl_species": 2, "score_species_weighted": 3, "n_cr_en_species": 0, "effort_records": 560, "low_effort": false, "rl_record_share": 0.0035714285714285713 }, "geometry": { "type": "Polygon", "coordinates": [ [ [ 140.25, 35.625 ], [ 140.25, 35.63333333333334 ], [ 140.2375, 35.63333333333334 ], [ 140.2375, 35.625 ], [ 140.25, 35.625 ] ] ] } },
{ "type": "Feature", "properties": { "mesh": "53403168", "n_rl_records": 2, "n_rl_species": 2, "score_species_weighted": 4, "n_cr_en_species": 0, "effort_records": 1232, "low_effort": false, "rl_record_share": 0.0016233766233766235 }, "geometry": { "type": "Polygon", "coordinates": [ [ [ 140.2375, 35.63333333333334 ], [ 140.2375, 35.641666666666673 ], [ 140.225, 35.641666666666673 ], [ 140.225, 35.633333333333333 ], [ 140.2375, 35.63333333333334 ] ] ] } },
{ "type": "Feature", "properties": { "mesh": "53403170", "n_rl_records": 1, "n_rl_species": 1, "score_species_weighted": 3, "n_cr_en_species": 1, "effort_records": 46, "low_effort": false, "rl_record_share": 0.021739130434782608 }, "geometry": { "type": "Polygon", "coordinates": [ [ [ 140.1375, 35.641666666666666 ], [ 140.1375, 35.65 ], [ 140.125, 35.65 ], [ 140.125, 35.641666666666666 ], [ 140.1375, 35.641666666666666 ] ] ] } },
{ "type": "Feature", "properties": { "mesh": "53403175", "n_rl_records": 1, "n_rl_species": 1, "score_species_weighted": 1, "n_cr_en_species": 0, "effort_records": 4, "low_effort": true, "rl_record_share": 0.25 }, "geometry": { "type": "Polygon", "coordinates": [ [ [ 140.2, 35.641666666666666 ], [ 140.2, 35.65 ], [ 140.1875, 35.65 ], [ 140.1875, 35.641666666666666 ], [ 140.2, 35.641666666666666 ] ] ] } },
{ "type": "Feature", "properties": { "mesh": "53403177", "n_rl_records": 1, "n_rl_species": 1, "score_species_weighted": 1, "n_cr_en_species": 0, "effort_records": 43, "low_effort": false, "rl_record_share": 0.023255813953488372 }, "geometry": { "type": "Polygon", "coordinates": [ [ [ 140.225, 35.641666666666673 ], [ 140.225, 35.65 ], [ 140.2125, 35.65 ], [ 140.2125, 35.641666666666673 ], [ 140.225, 35.641666666666673 ] ] ] } },
{ "type": "Feature", "properties": { "mesh": "53403187", "n_rl_records": 23, "n_rl_species": 4, "score_species_weighted": 11, "n_cr_en_species": 2, "effort_records": 744, "low_effort": false, "rl_record_share": 0.030913978494623656 }, "geometry": { "type": "Polygon", "coordinates": [ [ [ 140.225, 35.65 ], [ 140.225, 35.658333333333331 ], [ 140.2125, 35.658333333333331 ], [ 140.2125, 35.65 ], [ 140.225, 35.65 ] ] ] } },
{ "type": "Feature", "properties": { "mesh": "53403190", "n_rl_records": 1, "n_rl_species": 1, "score_species_weighted": 1, "n_cr_en_species": 0, "effort_records": 86, "low_effort": false, "rl_record_share": 0.011627906976744186 }, "geometry": { "type": "Polygon", "coordinates": [ [ [ 140.1375, 35.658333333333331 ], [ 140.1375, 35.666666666666664 ], [ 140.125, 35.666666666666664 ], [ 140.125, 35.658333333333331 ], [ 140.1375, 35.658333333333331 ] ] ] } },
{ "type": "Feature", "properties": { "mesh": "53403196", "n_rl_records": 1, "n_rl_species": 1, "score_species_weighted": 2, "n_cr_en_species": 0, "effort_records": 47, "low_effort": false, "rl_record_share": 0.021276595744680851 }, "geometry": { "type": "Polygon", "coordinates": [ [ [ 140.2125, 35.658333333333331 ], [ 140.2125, 35.666666666666671 ], [ 140.2, 35.666666666666671 ], [ 140.2, 35.658333333333331 ], [ 140.2125, 35.658333333333331 ] ] ] } },
{ "type": "Feature", "properties": { "mesh": "53403227", "n_rl_records": 1, "n_rl_species": 1, "score_species_weighted": 1, "n_cr_en_species": 0, "effort_records": 9, "low_effort": true, "rl_record_share": 0.1111111111111111 }, "geometry": { "type": "Polygon", "coordinates": [ [ [ 140.35, 35.6 ], [ 140.35, 35.608333333333334 ], [ 140.3375, 35.608333333333334 ], [ 140.3375, 35.6 ], [ 140.35, 35.6 ] ] ] } },
{ "type": "Feature", "properties": { "mesh": "53403248", "n_rl_records": 2, "n_rl_species": 1, "score_species_weighted": 4, "n_cr_en_species": 1, "effort_records": 10, "low_effort": true, "rl_record_share": 0.2 }, "geometry": { "type": "Polygon", "coordinates": [ [ [ 140.3625, 35.616666666666667 ], [ 140.3625, 35.625 ], [ 140.35, 35.625 ], [ 140.35, 35.616666666666667 ], [ 140.3625, 35.616666666666667 ] ] ] } },
{ "type": "Feature", "properties": { "mesh": "53403250", "n_rl_records": 1, "n_rl_species": 1, "score_species_weighted": 1, "n_cr_en_species": 0, "effort_records": 8, "low_effort": true, "rl_record_share": 0.125 }, "geometry": { "type": "Polygon", "coordinates": [ [ [ 140.2625, 35.625 ], [ 140.2625, 35.63333333333334 ], [ 140.25, 35.63333333333334 ], [ 140.25, 35.625 ], [ 140.2625, 35.625 ] ] ] } },
{ "type": "Feature", "properties": { "mesh": "53403255", "n_rl_records": 1, "n_rl_species": 1, "score_species_weighted": 1, "n_cr_en_species": 0, "effort_records": 19, "low_effort": true, "rl_record_share": 0.052631578947368418 }, "geometry": { "type": "Polygon", "coordinates": [ [ [ 140.325, 35.625 ], [ 140.325, 35.633333333333333 ], [ 140.3125, 35.63333333333334 ], [ 140.3125, 35.625 ], [ 140.325, 35.625 ] ] ] } },
{ "type": "Feature", "properties": { "mesh": "53403259", "n_rl_records": 2, "n_rl_species": 1, "score_species_weighted": 4, "n_cr_en_species": 1, "effort_records": 53, "low_effort": false, "rl_record_share": 0.037735849056603772 }, "geometry": { "type": "Polygon", "coordinates": [ [ [ 140.375, 35.625 ], [ 140.375, 35.633333333333326 ], [ 140.3625, 35.633333333333333 ], [ 140.3625, 35.625 ], [ 140.375, 35.625 ] ] ] } },
{ "type": "Feature", "properties": { "mesh": "53403267", "n_rl_records": 1, "n_rl_species": 1, "score_species_weighted": 2, "n_cr_en_species": 0, "effort_records": 5, "low_effort": true, "rl_record_share": 0.2 }, "geometry": { "type": "Polygon", "coordinates": [ [ [ 140.35, 35.633333333333333 ], [ 140.35, 35.641666666666666 ], [ 140.3375, 35.641666666666666 ], [ 140.3375, 35.633333333333333 ], [ 140.35, 35.633333333333333 ] ] ] } },
{ "type": "Feature", "properties": { "mesh": "53403268", "n_rl_records": 3, "n_rl_species": 2, "score_species_weighted": 3, "n_cr_en_species": 0, "effort_records": 53, "low_effort": false, "rl_record_share": 0.056603773584905662 }, "geometry": { "type": "Polygon", "coordinates": [ [ [ 140.3625, 35.633333333333333 ], [ 140.3625, 35.641666666666673 ], [ 140.35, 35.641666666666666 ], [ 140.35, 35.633333333333333 ], [ 140.3625, 35.633333333333333 ] ] ] } },
{ "type": "Feature", "properties": { "mesh": "53403276", "n_rl_records": 1, "n_rl_species": 1, "score_species_weighted": 3, "n_cr_en_species": 1, "effort_records": 37, "low_effort": false, "rl_record_share": 0.027027027027027029 }, "geometry": { "type": "Polygon", "coordinates": [ [ [ 140.3375, 35.641666666666666 ], [ 140.3375, 35.65 ], [ 140.325, 35.65 ], [ 140.325, 35.641666666666666 ], [ 140.3375, 35.641666666666666 ] ] ] } },
{ "type": "Feature", "properties": { "mesh": "53403302", "n_rl_records": 11, "n_rl_species": 8, "score_species_weighted": 13, "n_cr_en_species": 1, "effort_records": 202, "low_effort": false, "rl_record_share": 0.054455445544554455 }, "geometry": { "type": "Polygon", "coordinates": [ [ [ 140.4125, 35.583333333333343 ], [ 140.4125, 35.591666666666669 ], [ 140.4, 35.591666666666669 ], [ 140.4, 35.583333333333336 ], [ 140.4125, 35.583333333333343 ] ] ] } },
{ "type": "Feature", "properties": { "mesh": "53403307", "n_rl_records": 1, "n_rl_species": 1, "score_species_weighted": 2, "n_cr_en_species": 0, "effort_records": 3, "low_effort": true, "rl_record_share": 0.33333333333333331 }, "geometry": { "type": "Polygon", "coordinates": [ [ [ 140.475, 35.583333333333336 ], [ 140.475, 35.591666666666669 ], [ 140.4625, 35.591666666666669 ], [ 140.4625, 35.583333333333336 ], [ 140.475, 35.583333333333336 ] ] ] } },
{ "type": "Feature", "properties": { "mesh": "53403310", "n_rl_records": 2, "n_rl_species": 1, "score_species_weighted": 1, "n_cr_en_species": 0, "effort_records": 6, "low_effort": true, "rl_record_share": 0.33333333333333331 }, "geometry": { "type": "Polygon", "coordinates": [ [ [ 140.3875, 35.591666666666661 ], [ 140.3875, 35.6 ], [ 140.375, 35.6 ], [ 140.375, 35.591666666666669 ], [ 140.3875, 35.591666666666661 ] ] ] } },
{ "type": "Feature", "properties": { "mesh": "53403313", "n_rl_records": 1, "n_rl_species": 1, "score_species_weighted": 1, "n_cr_en_species": 0, "effort_records": 91, "low_effort": false, "rl_record_share": 0.01098901098901099 }, "geometry": { "type": "Polygon", "coordinates": [ [ [ 140.425, 35.591666666666669 ], [ 140.425, 35.6 ], [ 140.4125, 35.6 ], [ 140.4125, 35.591666666666669 ], [ 140.425, 35.591666666666669 ] ] ] } },
{ "type": "Feature", "properties": { "mesh": "53403322", "n_rl_records": 1, "n_rl_species": 1, "score_species_weighted": 1, "n_cr_en_species": 0, "effort_records": 92, "low_effort": false, "rl_record_share": 0.010869565217391304 }, "geometry": { "type": "Polygon", "coordinates": [ [ [ 140.4125, 35.6 ], [ 140.4125, 35.608333333333327 ], [ 140.4, 35.608333333333334 ], [ 140.4, 35.6 ], [ 140.4125, 35.6 ] ] ] } },
{ "type": "Feature", "properties": { "mesh": "53403323", "n_rl_records": 1, "n_rl_species": 1, "score_species_weighted": 1, "n_cr_en_species": 0, "effort_records": 150, "low_effort": false, "rl_record_share": 0.0066666666666666671 }, "geometry": { "type": "Polygon", "coordinates": [ [ [ 140.425, 35.6 ], [ 140.425, 35.608333333333341 ], [ 140.4125, 35.608333333333327 ], [ 140.4125, 35.6 ], [ 140.425, 35.6 ] ] ] } },
{ "type": "Feature", "properties": { "mesh": "53403329", "n_rl_records": 1, "n_rl_species": 1, "score_species_weighted": 2, "n_cr_en_species": 0, "effort_records": 8, "low_effort": true, "rl_record_share": 0.125 }, "geometry": { "type": "Polygon", "coordinates": [ [ [ 140.5, 35.6 ], [ 140.5, 35.608333333333327 ], [ 140.4875, 35.608333333333327 ], [ 140.4875, 35.6 ], [ 140.5, 35.6 ] ] ] } },
{ "type": "Feature", "properties": { "mesh": "53403330", "n_rl_records": 2, "n_rl_species": 1, "score_species_weighted": 2, "n_cr_en_species": 0, "effort_records": 19, "low_effort": true, "rl_record_share": 0.10526315789473684 }, "geometry": { "type": "Polygon", "coordinates": [ [ [ 140.3875, 35.608333333333327 ], [ 140.3875, 35.616666666666653 ], [ 140.375, 35.61666666666666 ], [ 140.375, 35.608333333333334 ], [ 140.3875, 35.608333333333327 ] ] ] } },
{ "type": "Feature", "properties": { "mesh": "53403332", "n_rl_records": 1, "n_rl_species": 1, "score_species_weighted": 4, "n_cr_en_species": 1, "effort_records": 15, "low_effort": true, "rl_record_share": 0.066666666666666666 }, "geometry": { "type": "Polygon", "coordinates": [ [ [ 140.4125, 35.608333333333327 ], [ 140.4125, 35.61666666666666 ], [ 140.4, 35.61666666666666 ], [ 140.4, 35.608333333333334 ], [ 140.4125, 35.608333333333327 ] ] ] } },
{ "type": "Feature", "properties": { "mesh": "53403351", "n_rl_records": 1, "n_rl_species": 1, "score_species_weighted": 2, "n_cr_en_species": 0, "effort_records": 2, "low_effort": true, "rl_record_share": 0.5 }, "geometry": { "type": "Polygon", "coordinates": [ [ [ 140.4, 35.625 ], [ 140.4, 35.633333333333333 ], [ 140.3875, 35.633333333333333 ], [ 140.3875, 35.625 ], [ 140.4, 35.625 ] ] ] } },
{ "type": "Feature", "properties": { "mesh": "53403380", "n_rl_records": 1, "n_rl_species": 1, "score_species_weighted": 1, "n_cr_en_species": 0, "effort_records": 13, "low_effort": true, "rl_record_share": 0.076923076923076927 }, "geometry": { "type": "Polygon", "coordinates": [ [ [ 140.3875, 35.65 ], [ 140.3875, 35.658333333333339 ], [ 140.375, 35.658333333333331 ], [ 140.375, 35.65 ], [ 140.3875, 35.65 ] ] ] } },
{ "type": "Feature", "properties": { "mesh": "53403387", "n_rl_records": 5, "n_rl_species": 2, "score_species_weighted": 5, "n_cr_en_species": 1, "effort_records": 83, "low_effort": false, "rl_record_share": 0.060240963855421686 }, "geometry": { "type": "Polygon", "coordinates": [ [ [ 140.475, 35.65 ], [ 140.475, 35.658333333333331 ], [ 140.4625, 35.658333333333339 ], [ 140.4625, 35.65 ], [ 140.475, 35.65 ] ] ] } },
{ "type": "Feature", "properties": { "mesh": "53403391", "n_rl_records": 2, "n_rl_species": 1, "score_species_weighted": 1, "n_cr_en_species": 0, "effort_records": 6, "low_effort": true, "rl_record_share": 0.33333333333333331 }, "geometry": { "type": "Polygon", "coordinates": [ [ [ 140.4, 35.658333333333331 ], [ 140.4, 35.666666666666671 ], [ 140.3875, 35.666666666666671 ], [ 140.3875, 35.658333333333339 ], [ 140.4, 35.658333333333331 ] ] ] } },
{ "type": "Feature", "properties": { "mesh": "53403394", "n_rl_records": 2, "n_rl_species": 1, "score_species_weighted": 4, "n_cr_en_species": 1, "effort_records": 34, "low_effort": false, "rl_record_share": 0.058823529411764705 }, "geometry": { "type": "Polygon", "coordinates": [ [ [ 140.4375, 35.658333333333331 ], [ 140.4375, 35.666666666666671 ], [ 140.425, 35.666666666666671 ], [ 140.425, 35.658333333333331 ], [ 140.4375, 35.658333333333331 ] ] ] } },
{ "type": "Feature", "properties": { "mesh": "53403397", "n_rl_records": 4, "n_rl_species": 2, "score_species_weighted": 4, "n_cr_en_species": 1, "effort_records": 120, "low_effort": false, "rl_record_share": 0.033333333333333333 }, "geometry": { "type": "Polygon", "coordinates": [ [ [ 140.475, 35.658333333333331 ], [ 140.475, 35.666666666666664 ], [ 140.4625, 35.666666666666664 ], [ 140.4625, 35.658333333333339 ], [ 140.475, 35.658333333333331 ] ] ] } },
{ "type": "Feature", "properties": { "mesh": "53403410", "n_rl_records": 6, "n_rl_species": 2, "score_species_weighted": 6, "n_cr_en_species": 1, "effort_records": 195, "low_effort": false, "rl_record_share": 0.030769230769230771 }, "geometry": { "type": "Polygon", "coordinates": [ [ [ 140.5125, 35.591666666666669 ], [ 140.5125, 35.6 ], [ 140.5, 35.6 ], [ 140.5, 35.591666666666661 ], [ 140.5125, 35.591666666666669 ] ] ] } },
{ "type": "Feature", "properties": { "mesh": "53403411", "n_rl_records": 3, "n_rl_species": 3, "score_species_weighted": 8, "n_cr_en_species": 1, "effort_records": 27, "low_effort": false, "rl_record_share": 0.1111111111111111 }, "geometry": { "type": "Polygon", "coordinates": [ [ [ 140.525, 35.591666666666661 ], [ 140.525, 35.6 ], [ 140.5125, 35.6 ], [ 140.5125, 35.591666666666669 ], [ 140.525, 35.591666666666661 ] ] ] } },
{ "type": "Feature", "properties": { "mesh": "53403432", "n_rl_records": 1, "n_rl_species": 1, "score_species_weighted": 1, "n_cr_en_species": 0, "effort_records": 99, "low_effort": false, "rl_record_share": 0.010101010101010102 }, "geometry": { "type": "Polygon", "coordinates": [ [ [ 140.5375, 35.608333333333334 ], [ 140.5375, 35.61666666666666 ], [ 140.525, 35.61666666666666 ], [ 140.525, 35.608333333333327 ], [ 140.5375, 35.608333333333334 ] ] ] } },
{ "type": "Feature", "properties": { "mesh": "53403440", "n_rl_records": 1, "n_rl_species": 1, "score_species_weighted": 2, "n_cr_en_species": 0, "effort_records": 3, "low_effort": true, "rl_record_share": 0.33333333333333331 }, "geometry": { "type": "Polygon", "coordinates": [ [ [ 140.5125, 35.61666666666666 ], [ 140.5125, 35.625 ], [ 140.5, 35.625 ], [ 140.5, 35.616666666666667 ], [ 140.5125, 35.61666666666666 ] ] ] } },
{ "type": "Feature", "properties": { "mesh": "53403450", "n_rl_records": 1, "n_rl_species": 1, "score_species_weighted": 1, "n_cr_en_species": 0, "effort_records": 17, "low_effort": true, "rl_record_share": 0.058823529411764705 }, "geometry": { "type": "Polygon", "coordinates": [ [ [ 140.5125, 35.625 ], [ 140.5125, 35.633333333333326 ], [ 140.5, 35.633333333333333 ], [ 140.5, 35.625 ], [ 140.5125, 35.625 ] ] ] } },
{ "type": "Feature", "properties": { "mesh": "53403465", "n_rl_records": 2, "n_rl_species": 2, "score_species_weighted": 4, "n_cr_en_species": 0, "effort_records": 98, "low_effort": false, "rl_record_share": 0.020408163265306121 }, "geometry": { "type": "Polygon", "coordinates": [ [ [ 140.575, 35.633333333333333 ], [ 140.575, 35.641666666666673 ], [ 140.5625, 35.641666666666673 ], [ 140.5625, 35.63333333333334 ], [ 140.575, 35.633333333333333 ] ] ] } },
{ "type": "Feature", "properties": { "mesh": "53403475", "n_rl_records": 1, "n_rl_species": 1, "score_species_weighted": 2, "n_cr_en_species": 0, "effort_records": 16, "low_effort": true, "rl_record_share": 0.0625 }, "geometry": { "type": "Polygon", "coordinates": [ [ [ 140.575, 35.641666666666673 ], [ 140.575, 35.65 ], [ 140.5625, 35.65 ], [ 140.5625, 35.641666666666673 ], [ 140.575, 35.641666666666673 ] ] ] } },
{ "type": "Feature", "properties": { "mesh": "53403476", "n_rl_records": 1, "n_rl_species": 1, "score_species_weighted": 2, "n_cr_en_species": 0, "effort_records": 34, "low_effort": false, "rl_record_share": 0.029411764705882353 }, "geometry": { "type": "Polygon", "coordinates": [ [ [ 140.5875, 35.641666666666673 ], [ 140.5875, 35.65 ], [ 140.575, 35.65 ], [ 140.575, 35.641666666666673 ], [ 140.5875, 35.641666666666673 ] ] ] } },
{ "type": "Feature", "properties": { "mesh": "53403480", "n_rl_records": 7, "n_rl_species": 1, "score_species_weighted": 2, "n_cr_en_species": 0, "effort_records": 44, "low_effort": false, "rl_record_share": 0.15909090909090909 }, "geometry": { "type": "Polygon", "coordinates": [ [ [ 140.5125, 35.65 ], [ 140.5125, 35.658333333333331 ], [ 140.5, 35.658333333333331 ], [ 140.5, 35.65 ], [ 140.5125, 35.65 ] ] ] } },
{ "type": "Feature", "properties": { "mesh": "53403490", "n_rl_records": 7, "n_rl_species": 2, "score_species_weighted": 4, "n_cr_en_species": 0, "effort_records": 109, "low_effort": false, "rl_record_share": 0.064220183486238536 }, "geometry": { "type": "Polygon", "coordinates": [ [ [ 140.5125, 35.658333333333331 ], [ 140.5125, 35.666666666666664 ], [ 140.5, 35.666666666666664 ], [ 140.5, 35.658333333333331 ], [ 140.5125, 35.658333333333331 ] ] ] } },
{ "type": "Feature", "properties": { "mesh": "53403491", "n_rl_records": 1, "n_rl_species": 1, "score_species_weighted": 2, "n_cr_en_species": 0, "effort_records": 56, "low_effort": false, "rl_record_share": 0.017857142857142856 }, "geometry": { "type": "Polygon", "coordinates": [ [ [ 140.525, 35.658333333333331 ], [ 140.525, 35.666666666666671 ], [ 140.5125, 35.666666666666664 ], [ 140.5125, 35.658333333333331 ], [ 140.525, 35.658333333333331 ] ] ] } },
{ "type": "Feature", "properties": { "mesh": "53403494", "n_rl_records": 2, "n_rl_species": 1, "score_species_weighted": 4, "n_cr_en_species": 1, "effort_records": 18, "low_effort": true, "rl_record_share": 0.1111111111111111 }, "geometry": { "type": "Polygon", "coordinates": [ [ [ 140.5625, 35.658333333333331 ], [ 140.5625, 35.666666666666657 ], [ 140.55, 35.666666666666679 ], [ 140.55, 35.658333333333339 ], [ 140.5625, 35.658333333333331 ] ] ] } },
{ "type": "Feature", "properties": { "mesh": "53404000", "n_rl_records": 492, "n_rl_species": 9, "score_species_weighted": 20, "n_cr_en_species": 2, "effort_records": 2840, "low_effort": false, "rl_record_share": 0.1732394366197183 }, "geometry": { "type": "Polygon", "coordinates": [ [ [ 140.0125, 35.666666666666664 ], [ 140.0125, 35.675 ], [ 140.0, 35.675 ], [ 140.0, 35.666666666666671 ], [ 140.0125, 35.666666666666664 ] ] ] } },
{ "type": "Feature", "properties": { "mesh": "53404001", "n_rl_records": 2, "n_rl_species": 2, "score_species_weighted": 6, "n_cr_en_species": 1, "effort_records": 51, "low_effort": false, "rl_record_share": 0.039215686274509803 }, "geometry": { "type": "Polygon", "coordinates": [ [ [ 140.025, 35.666666666666664 ], [ 140.025, 35.675 ], [ 140.0125, 35.675 ], [ 140.0125, 35.666666666666664 ], [ 140.025, 35.666666666666664 ] ] ] } },
{ "type": "Feature", "properties": { "mesh": "53404005", "n_rl_records": 1, "n_rl_species": 1, "score_species_weighted": 3, "n_cr_en_species": 1, "effort_records": 228, "low_effort": false, "rl_record_share": 0.0043859649122807015 }, "geometry": { "type": "Polygon", "coordinates": [ [ [ 140.075, 35.666666666666664 ], [ 140.075, 35.675 ], [ 140.0625, 35.675 ], [ 140.0625, 35.666666666666664 ], [ 140.075, 35.666666666666664 ] ] ] } },
{ "type": "Feature", "properties": { "mesh": "53404006", "n_rl_records": 1, "n_rl_species": 1, "score_species_weighted": 1, "n_cr_en_species": 0, "effort_records": 222, "low_effort": false, "rl_record_share": 0.0045045045045045045 }, "geometry": { "type": "Polygon", "coordinates": [ [ [ 140.0875, 35.666666666666671 ], [ 140.0875, 35.675 ], [ 140.075, 35.675 ], [ 140.075, 35.666666666666664 ], [ 140.0875, 35.666666666666671 ] ] ] } },
{ "type": "Feature", "properties": { "mesh": "53404010", "n_rl_records": 1478, "n_rl_species": 18, "score_species_weighted": 39, "n_cr_en_species": 5, "effort_records": 18089, "low_effort": false, "rl_record_share": 0.081707114821162038 }, "geometry": { "type": "Polygon", "coordinates": [ [ [ 140.0125, 35.675 ], [ 140.0125, 35.683333333333337 ], [ 140.0, 35.68333333333333 ], [ 140.0, 35.675 ], [ 140.0125, 35.675 ] ] ] } },
{ "type": "Feature", "properties": { "mesh": "53404016", "n_rl_records": 2, "n_rl_species": 2, "score_species_weighted": 5, "n_cr_en_species": 1, "effort_records": 155, "low_effort": false, "rl_record_share": 0.012903225806451613 }, "geometry": { "type": "Polygon", "coordinates": [ [ [ 140.0875, 35.675 ], [ 140.0875, 35.683333333333323 ], [ 140.075, 35.683333333333323 ], [ 140.075, 35.675 ], [ 140.0875, 35.675 ] ] ] } },
{ "type": "Feature", "properties": { "mesh": "53404017", "n_rl_records": 1, "n_rl_species": 1, "score_species_weighted": 4, "n_cr_en_species": 1, "effort_records": 398, "low_effort": false, "rl_record_share": 0.0025125628140703518 }, "geometry": { "type": "Polygon", "coordinates": [ [ [ 140.1, 35.675 ], [ 140.1, 35.683333333333323 ], [ 140.0875, 35.683333333333323 ], [ 140.0875, 35.675 ], [ 140.1, 35.675 ] ] ] } },
{ "type": "Feature", "properties": { "mesh": "53404018", "n_rl_records": 1, "n_rl_species": 1, "score_species_weighted": 3, "n_cr_en_species": 1, "effort_records": 69, "low_effort": false, "rl_record_share": 0.014492753623188406 }, "geometry": { "type": "Polygon", "coordinates": [ [ [ 140.1125, 35.675 ], [ 140.1125, 35.68333333333333 ], [ 140.1, 35.683333333333323 ], [ 140.1, 35.675 ], [ 140.1125, 35.675 ] ] ] } },
{ "type": "Feature", "properties": { "mesh": "53404022", "n_rl_records": 1, "n_rl_species": 1, "score_species_weighted": 4, "n_cr_en_species": 1, "effort_records": 157, "low_effort": false, "rl_record_share": 0.006369426751592357 }, "geometry": { "type": "Polygon", "coordinates": [ [ [ 140.0375, 35.68333333333333 ], [ 140.0375, 35.691666666666663 ], [ 140.025, 35.691666666666663 ], [ 140.025, 35.68333333333333 ], [ 140.0375, 35.68333333333333 ] ] ] } },
{ "type": "Feature", "properties": { "mesh": "53404025", "n_rl_records": 2, "n_rl_species": 2, "score_species_weighted": 7, "n_cr_en_species": 2, "effort_records": 121, "low_effort": false, "rl_record_share": 0.016528925619834711 }, "geometry": { "type": "Polygon", "coordinates": [ [ [ 140.075, 35.683333333333323 ], [ 140.075, 35.691666666666663 ], [ 140.0625, 35.69166666666667 ], [ 140.0625, 35.68333333333333 ], [ 140.075, 35.683333333333323 ] ] ] } },
{ "type": "Feature", "properties": { "mesh": "53404026", "n_rl_records": 3, "n_rl_species": 3, "score_species_weighted": 9, "n_cr_en_species": 2, "effort_records": 20, "low_effort": false, "rl_record_share": 0.15 }, "geometry": { "type": "Polygon", "coordinates": [ [ [ 140.0875, 35.683333333333323 ], [ 140.0875, 35.691666666666663 ], [ 140.075, 35.691666666666663 ], [ 140.075, 35.683333333333323 ], [ 140.0875, 35.683333333333323 ] ] ] } },
{ "type": "Feature", "properties": { "mesh": "53404027", "n_rl_records": 12, "n_rl_species": 2, "score_species_weighted": 7, "n_cr_en_species": 2, "effort_records": 337, "low_effort": false, "rl_record_share": 0.035608308605341248 }, "geometry": { "type": "Polygon", "coordinates": [ [ [ 140.1, 35.683333333333323 ], [ 140.1, 35.691666666666656 ], [ 140.0875, 35.691666666666663 ], [ 140.0875, 35.683333333333323 ], [ 140.1, 35.683333333333323 ] ] ] } },
{ "type": "Feature", "properties": { "mesh": "53404033", "n_rl_records": 1, "n_rl_species": 1, "score_species_weighted": 4, "n_cr_en_species": 1, "effort_records": 11, "low_effort": true, "rl_record_share": 0.090909090909090912 }, "geometry": { "type": "Polygon", "coordinates": [ [ [ 140.05, 35.691666666666663 ], [ 140.05, 35.7 ], [ 140.0375, 35.7 ], [ 140.0375, 35.691666666666663 ], [ 140.05, 35.691666666666663 ] ] ] } },
{ "type": "Feature", "properties": { "mesh": "53404038", "n_rl_records": 1, "n_rl_species": 1, "score_species_weighted": 4, "n_cr_en_species": 1, "effort_records": 228, "low_effort": false, "rl_record_share": 0.0043859649122807015 }, "geometry": { "type": "Polygon", "coordinates": [ [ [ 140.1125, 35.691666666666656 ], [ 140.1125, 35.7 ], [ 140.1, 35.7 ], [ 140.1, 35.691666666666656 ], [ 140.1125, 35.691666666666656 ] ] ] } },
{ "type": "Feature", "properties": { "mesh": "53404046", "n_rl_records": 2, "n_rl_species": 1, "score_species_weighted": 3, "n_cr_en_species": 1, "effort_records": 73, "low_effort": false, "rl_record_share": 0.027397260273972601 }, "geometry": { "type": "Polygon", "coordinates": [ [ [ 140.0875, 35.7 ], [ 140.0875, 35.708333333333329 ], [ 140.075, 35.708333333333343 ], [ 140.075, 35.7 ], [ 140.0875, 35.7 ] ] ] } },
{ "type": "Feature", "properties": { "mesh": "53404048", "n_rl_records": 8, "n_rl_species": 2, "score_species_weighted": 3, "n_cr_en_species": 0, "effort_records": 154, "low_effort": false, "rl_record_share": 0.051948051948051951 }, "geometry": { "type": "Polygon", "coordinates": [ [ [ 140.1125, 35.7 ], [ 140.1125, 35.708333333333336 ], [ 140.1, 35.708333333333336 ], [ 140.1, 35.7 ], [ 140.1125, 35.7 ] ] ] } },
{ "type": "Feature", "properties": { "mesh": "53404049", "n_rl_records": 6, "n_rl_species": 2, "score_species_weighted": 7, "n_cr_en_species": 2, "effort_records": 56, "low_effort": false, "rl_record_share": 0.10714285714285714 }, "geometry": { "type": "Polygon", "coordinates": [ [ [ 140.125, 35.7 ], [ 140.125, 35.708333333333336 ], [ 140.1125, 35.708333333333336 ], [ 140.1125, 35.7 ], [ 140.125, 35.7 ] ] ] } },
{ "type": "Feature", "properties": { "mesh": "53404054", "n_rl_records": 13, "n_rl_species": 9, "score_species_weighted": 18, "n_cr_en_species": 2, "effort_records": 86, "low_effort": false, "rl_record_share": 0.15116279069767441 }, "geometry": { "type": "Polygon", "coordinates": [ [ [ 140.0625, 35.708333333333336 ], [ 140.0625, 35.716666666666661 ], [ 140.05, 35.716666666666661 ], [ 140.05, 35.708333333333336 ], [ 140.0625, 35.708333333333336 ] ] ] } },
{ "type": "Feature", "properties": { "mesh": "53404056", "n_rl_records": 2, "n_rl_species": 2, "score_species_weighted": 6, "n_cr_en_species": 1, "effort_records": 19, "low_effort": true, "rl_record_share": 0.10526315789473684 }, "geometry": { "type": "Polygon", "coordinates": [ [ [ 140.0875, 35.708333333333329 ], [ 140.0875, 35.716666666666669 ], [ 140.075, 35.716666666666661 ], [ 140.075, 35.708333333333343 ], [ 140.0875, 35.708333333333329 ] ] ] } },
{ "type": "Feature", "properties": { "mesh": "53404077", "n_rl_records": 1, "n_rl_species": 1, "score_species_weighted": 3, "n_cr_en_species": 1, "effort_records": 33, "low_effort": false, "rl_record_share": 0.030303030303030304 }, "geometry": { "type": "Polygon", "coordinates": [ [ [ 140.1, 35.725 ], [ 140.1, 35.733333333333327 ], [ 140.0875, 35.733333333333334 ], [ 140.0875, 35.725 ], [ 140.1, 35.725 ] ] ] } },
{ "type": "Feature", "properties": { "mesh": "53404078", "n_rl_records": 2, "n_rl_species": 2, "score_species_weighted": 4, "n_cr_en_species": 0, "effort_records": 61, "low_effort": false, "rl_record_share": 0.032786885245901641 }, "geometry": { "type": "Polygon", "coordinates": [ [ [ 140.1125, 35.725 ], [ 140.1125, 35.733333333333334 ], [ 140.1, 35.733333333333327 ], [ 140.1, 35.725 ], [ 140.1125, 35.725 ] ] ] } },
{ "type": "Feature", "properties": { "mesh": "53404089", "n_rl_records": 1, "n_rl_species": 1, "score_species_weighted": 2, "n_cr_en_species": 0, "effort_records": 8, "low_effort": true, "rl_record_share": 0.125 }, "geometry": { "type": "Polygon", "coordinates": [ [ [ 140.125, 35.733333333333334 ], [ 140.125, 35.741666666666667 ], [ 140.1125, 35.741666666666667 ], [ 140.1125, 35.733333333333334 ], [ 140.125, 35.733333333333334 ] ] ] } },
{ "type": "Feature", "properties": { "mesh": "53404096", "n_rl_records": 1, "n_rl_species": 1, "score_species_weighted": 2, "n_cr_en_species": 0, "effort_records": 18, "low_effort": true, "rl_record_share": 0.055555555555555552 }, "geometry": { "type": "Polygon", "coordinates": [ [ [ 140.0875, 35.741666666666667 ], [ 140.0875, 35.75 ], [ 140.075, 35.75 ], [ 140.075, 35.741666666666667 ], [ 140.0875, 35.741666666666667 ] ] ] } },
{ "type": "Feature", "properties": { "mesh": "53404103", "n_rl_records": 2, "n_rl_species": 1, "score_species_weighted": 2, "n_cr_en_species": 0, "effort_records": 64, "low_effort": false, "rl_record_share": 0.03125 }, "geometry": { "type": "Polygon", "coordinates": [ [ [ 140.175, 35.666666666666664 ], [ 140.175, 35.675 ], [ 140.1625, 35.675 ], [ 140.1625, 35.666666666666671 ], [ 140.175, 35.666666666666664 ] ] ] } },
{ "type": "Feature", "properties": { "mesh": "53404105", "n_rl_records": 3, "n_rl_species": 2, "score_species_weighted": 3, "n_cr_en_species": 0, "effort_records": 116, "low_effort": false, "rl_record_share": 0.025862068965517241 }, "geometry": { "type": "Polygon", "coordinates": [ [ [ 140.2, 35.666666666666671 ], [ 140.2, 35.675 ], [ 140.1875, 35.675 ], [ 140.1875, 35.666666666666664 ], [ 140.2, 35.666666666666671 ] ] ] } },
{ "type": "Feature", "properties": { "mesh": "53404106", "n_rl_records": 2, "n_rl_species": 2, "score_species_weighted": 6, "n_cr_en_species": 2, "effort_records": 36, "low_effort": false, "rl_record_share": 0.055555555555555552 }, "geometry": { "type": "Polygon", "coordinates": [ [ [ 140.2125, 35.666666666666671 ], [ 140.2125, 35.675 ], [ 140.2, 35.675 ], [ 140.2, 35.666666666666671 ], [ 140.2125, 35.666666666666671 ] ] ] } },
{ "type": "Feature", "properties": { "mesh": "53404108", "n_rl_records": 1, "n_rl_species": 1, "score_species_weighted": 3, "n_cr_en_species": 1, "effort_records": 4, "low_effort": true, "rl_record_share": 0.25 }, "geometry": { "type": "Polygon", "coordinates": [ [ [ 140.2375, 35.666666666666664 ], [ 140.2375, 35.675 ], [ 140.225, 35.675 ], [ 140.225, 35.666666666666671 ], [ 140.2375, 35.666666666666664 ] ] ] } },
{ "type": "Feature", "properties": { "mesh": "53404114", "n_rl_records": 44, "n_rl_species": 3, "score_species_weighted": 9, "n_cr_en_species": 2, "effort_records": 911, "low_effort": false, "rl_record_share": 0.048298572996706916 }, "geometry": { "type": "Polygon", "coordinates": [ [ [ 140.1875, 35.675 ], [ 140.1875, 35.68333333333333 ], [ 140.175, 35.68333333333333 ], [ 140.175, 35.675 ], [ 140.1875, 35.675 ] ] ] } },
{ "type": "Feature", "properties": { "mesh": "53404115", "n_rl_records": 12, "n_rl_species": 5, "score_species_weighted": 11, "n_cr_en_species": 1, "effort_records": 626, "low_effort": false, "rl_record_share": 0.019169329073482427 }, "geometry": { "type": "Polygon", "coordinates": [ [ [ 140.2, 35.675 ], [ 140.2, 35.683333333333337 ], [ 140.1875, 35.68333333333333 ], [ 140.1875, 35.675 ], [ 140.2, 35.675 ] ] ] } },
{ "type": "Feature", "properties": { "mesh": "53404116", "n_rl_records": 17, "n_rl_species": 6, "score_species_weighted": 12, "n_cr_en_species": 2, "effort_records": 896, "low_effort": false, "rl_record_share": 0.018973214285714284 }, "geometry": { "type": "Polygon", "coordinates": [ [ [ 140.2125, 35.675 ], [ 140.2125, 35.683333333333337 ], [ 140.2, 35.683333333333337 ], [ 140.2, 35.675 ], [ 140.2125, 35.675 ] ] ] } },
{ "type": "Feature", "properties": { "mesh": "53404117", "n_rl_records": 1, "n_rl_species": 1, "score_species_weighted": 3, "n_cr_en_species": 1, "effort_records": 1362, "low_effort": false, "rl_record_share": 0.00073421439060205576 }, "geometry": { "type": "Polygon", "coordinates": [ [ [ 140.225, 35.675 ], [ 140.225, 35.683333333333323 ], [ 140.2125, 35.683333333333337 ], [ 140.2125, 35.675 ], [ 140.225, 35.675 ] ] ] } },
{ "type": "Feature", "properties": { "mesh": "53404122", "n_rl_records": 1, "n_rl_species": 1, "score_species_weighted": 3, "n_cr_en_species": 1, "effort_records": 9, "low_effort": true, "rl_record_share": 0.1111111111111111 }, "geometry": { "type": "Polygon", "coordinates": [ [ [ 140.1625, 35.683333333333337 ], [ 140.1625, 35.691666666666663 ], [ 140.15, 35.69166666666667 ], [ 140.15, 35.68333333333333 ], [ 140.1625, 35.683333333333337 ] ] ] } },
{ "type": "Feature", "properties": { "mesh": "53404123", "n_rl_records": 5, "n_rl_species": 1, "score_species_weighted": 1, "n_cr_en_species": 0, "effort_records": 86, "low_effort": false, "rl_record_share": 0.058139534883720929 }, "geometry": { "type": "Polygon", "coordinates": [ [ [ 140.175, 35.68333333333333 ], [ 140.175, 35.691666666666663 ], [ 140.1625, 35.691666666666663 ], [ 140.1625, 35.683333333333337 ], [ 140.175, 35.68333333333333 ] ] ] } },
{ "type": "Feature", "properties": { "mesh": "53404124", "n_rl_records": 1, "n_rl_species": 1, "score_species_weighted": 2, "n_cr_en_species": 0, "effort_records": 488, "low_effort": false, "rl_record_share": 0.0020491803278688526 }, "geometry": { "type": "Polygon", "coordinates": [ [ [ 140.1875, 35.68333333333333 ], [ 140.1875, 35.69166666666667 ], [ 140.175, 35.691666666666663 ], [ 140.175, 35.68333333333333 ], [ 140.1875, 35.68333333333333 ] ] ] } },
{ "type": "Feature", "properties": { "mesh": "53404125", "n_rl_records": 2, "n_rl_species": 1, "score_species_weighted": 2, "n_cr_en_species": 0, "effort_records": 413, "low_effort": false, "rl_record_share": 0.0048426150121065378 }, "geometry": { "type": "Polygon", "coordinates": [ [ [ 140.2, 35.683333333333337 ], [ 140.2, 35.691666666666663 ], [ 140.1875, 35.69166666666667 ], [ 140.1875, 35.68333333333333 ], [ 140.2, 35.683333333333337 ] ] ] } },
{ "type": "Feature", "properties": { "mesh": "53404126", "n_rl_records": 3, "n_rl_species": 2, "score_species_weighted": 5, "n_cr_en_species": 1, "effort_records": 524, "low_effort": false, "rl_record_share": 0.0057251908396946565 }, "geometry": { "type": "Polygon", "coordinates": [ [ [ 140.2125, 35.683333333333337 ], [ 140.2125, 35.69166666666667 ], [ 140.2, 35.691666666666663 ], [ 140.2, 35.683333333333337 ], [ 140.2125, 35.683333333333337 ] ] ] } },
{ "type": "Feature", "properties": { "mesh": "53404129", "n_rl_records": 2, "n_rl_species": 2, "score_species_weighted": 8, "n_cr_en_species": 2, "effort_records": 51, "low_effort": false, "rl_record_share": 0.039215686274509803 }, "geometry": { "type": "Polygon", "coordinates": [ [ [ 140.25, 35.68333333333333 ], [ 140.25, 35.691666666666663 ], [ 140.2375, 35.691666666666663 ], [ 140.2375, 35.68333333333333 ], [ 140.25, 35.68333333333333 ] ] ] } },
{ "type": "Feature", "properties": { "mesh": "53404130", "n_rl_records": 2, "n_rl_species": 2, "score_species_weighted": 5, "n_cr_en_species": 1, "effort_records": 25, "low_effort": false, "rl_record_share": 0.08 }, "geometry": { "type": "Polygon", "coordinates": [ [ [ 140.1375, 35.691666666666663 ], [ 140.1375, 35.7 ], [ 140.125, 35.7 ], [ 140.125, 35.691666666666663 ], [ 140.1375, 35.691666666666663 ] ] ] } },
{ "type": "Feature", "properties": { "mesh": "53404131", "n_rl_records": 5, "n_rl_species": 5, "score_species_weighted": 14, "n_cr_en_species": 3, "effort_records": 849, "low_effort": false, "rl_record_share": 0.0058892815076560662 }, "geometry": { "type": "Polygon", "coordinates": [ [ [ 140.15, 35.69166666666667 ], [ 140.15, 35.7 ], [ 140.1375, 35.7 ], [ 140.1375, 35.691666666666663 ], [ 140.15, 35.69166666666667 ] ] ] } },
{ "type": "Feature", "properties": { "mesh": "53404132", "n_rl_records": 3, "n_rl_species": 3, "score_species_weighted": 9, "n_cr_en_species": 2, "effort_records": 93, "low_effort": false, "rl_record_share": 0.032258064516129031 }, "geometry": { "type": "Polygon", "coordinates": [ [ [ 140.1625, 35.691666666666663 ], [ 140.1625, 35.7 ], [ 140.15, 35.7 ], [ 140.15, 35.69166666666667 ], [ 140.1625, 35.691666666666663 ] ] ] } },
{ "type": "Feature", "properties": { "mesh": "53404133", "n_rl_records": 2, "n_rl_species": 2, "score_species_weighted": 6, "n_cr_en_species": 2, "effort_records": 55, "low_effort": false, "rl_record_share": 0.036363636363636362 }, "geometry": { "type": "Polygon", "coordinates": [ [ [ 140.175, 35.691666666666663 ], [ 140.175, 35.7 ], [ 140.1625, 35.7 ], [ 140.1625, 35.691666666666663 ], [ 140.175, 35.691666666666663 ] ] ] } },
{ "type": "Feature", "properties": { "mesh": "53404135", "n_rl_records": 4, "n_rl_species": 3, "score_species_weighted": 10, "n_cr_en_species": 2, "effort_records": 844, "low_effort": false, "rl_record_share": 0.0047393364928909956 }, "geometry": { "type": "Polygon", "coordinates": [ [ [ 140.2, 35.691666666666663 ], [ 140.2, 35.7 ], [ 140.1875, 35.7 ], [ 140.1875, 35.69166666666667 ], [ 140.2, 35.691666666666663 ] ] ] } },
{ "type": "Feature", "properties": { "mesh": "53404136", "n_rl_records": 1, "n_rl_species": 1, "score_species_weighted": 3, "n_cr_en_species": 1, "effort_records": 639, "low_effort": false, "rl_record_share": 0.0015649452269170579 }, "geometry": { "type": "Polygon", "coordinates": [ [ [ 140.2125, 35.69166666666667 ], [ 140.2125, 35.7 ], [ 140.2, 35.7 ], [ 140.2, 35.691666666666663 ], [ 140.2125, 35.69166666666667 ] ] ] } },
{ "type": "Feature", "properties": { "mesh": "53404138", "n_rl_records": 2, "n_rl_species": 1, "score_species_weighted": 4, "n_cr_en_species": 1, "effort_records": 58, "low_effort": false, "rl_record_share": 0.034482758620689655 }, "geometry": { "type": "Polygon", "coordinates": [ [ [ 140.2375, 35.691666666666663 ], [ 140.2375, 35.7 ], [ 140.225, 35.7 ], [ 140.225, 35.69166666666667 ], [ 140.2375, 35.691666666666663 ] ] ] } },
{ "type": "Feature", "properties": { "mesh": "53404139", "n_rl_records": 2, "n_rl_species": 2, "score_species_weighted": 4, "n_cr_en_species": 0, "effort_records": 48, "low_effort": false, "rl_record_share": 0.041666666666666664 }, "geometry": { "type": "Polygon", "coordinates": [ [ [ 140.25, 35.691666666666663 ], [ 140.25, 35.7 ], [ 140.2375, 35.7 ], [ 140.2375, 35.691666666666663 ], [ 140.25, 35.691666666666663 ] ] ] } },
{ "type": "Feature", "properties": { "mesh": "53404140", "n_rl_records": 1, "n_rl_species": 1, "score_species_weighted": 4, "n_cr_en_species": 1, "effort_records": 131, "low_effort": false, "rl_record_share": 0.0076335877862595417 }, "geometry": { "type": "Polygon", "coordinates": [ [ [ 140.1375, 35.7 ], [ 140.1375, 35.708333333333336 ], [ 140.125, 35.708333333333336 ], [ 140.125, 35.7 ], [ 140.1375, 35.7 ] ] ] } },
{ "type": "Feature", "properties": { "mesh": "53404141", "n_rl_records": 1, "n_rl_species": 1, "score_species_weighted": 4, "n_cr_en_species": 1, "effort_records": 255, "low_effort": false, "rl_record_share": 0.0039215686274509803 }, "geometry": { "type": "Polygon", "coordinates": [ [ [ 140.15, 35.7 ], [ 140.15, 35.708333333333343 ], [ 140.1375, 35.708333333333336 ], [ 140.1375, 35.7 ], [ 140.15, 35.7 ] ] ] } },
{ "type": "Feature", "properties": { "mesh": "53404142", "n_rl_records": 4, "n_rl_species": 3, "score_species_weighted": 6, "n_cr_en_species": 1, "effort_records": 272, "low_effort": false, "rl_record_share": 0.014705882352941176 }, "geometry": { "type": "Polygon", "coordinates": [ [ [ 140.1625, 35.7 ], [ 140.1625, 35.708333333333343 ], [ 140.15, 35.708333333333343 ], [ 140.15, 35.7 ], [ 140.1625, 35.7 ] ] ] } },
{ "type": "Feature", "properties": { "mesh": "53404144", "n_rl_records": 2, "n_rl_species": 2, "score_species_weighted": 4, "n_cr_en_species": 0, "effort_records": 489, "low_effort": false, "rl_record_share": 0.0040899795501022499 }, "geometry": { "type": "Polygon", "coordinates": [ [ [ 140.1875, 35.7 ], [ 140.1875, 35.708333333333336 ], [ 140.175, 35.708333333333336 ], [ 140.175, 35.7 ], [ 140.1875, 35.7 ] ] ] } },
{ "type": "Feature", "properties": { "mesh": "53404145", "n_rl_records": 1, "n_rl_species": 1, "score_species_weighted": 3, "n_cr_en_species": 1, "effort_records": 586, "low_effort": false, "rl_record_share": 0.0017064846416382253 }, "geometry": { "type": "Polygon", "coordinates": [ [ [ 140.2, 35.7 ], [ 140.2, 35.708333333333329 ], [ 140.1875, 35.708333333333336 ], [ 140.1875, 35.7 ], [ 140.2, 35.7 ] ] ] } },
{ "type": "Feature", "properties": { "mesh": "53404148", "n_rl_records": 1, "n_rl_species": 1, "score_species_weighted": 1, "n_cr_en_species": 0, "effort_records": 25, "low_effort": false, "rl_record_share": 0.04 }, "geometry": { "type": "Polygon", "coordinates": [ [ [ 140.2375, 35.7 ], [ 140.2375, 35.708333333333343 ], [ 140.225, 35.708333333333336 ], [ 140.225, 35.7 ], [ 140.2375, 35.7 ] ] ] } },
{ "type": "Feature", "properties": { "mesh": "53404149", "n_rl_records": 1, "n_rl_species": 1, "score_species_weighted": 1, "n_cr_en_species": 0, "effort_records": 13, "low_effort": true, "rl_record_share": 0.076923076923076927 }, "geometry": { "type": "Polygon", "coordinates": [ [ [ 140.25, 35.7 ], [ 140.25, 35.708333333333336 ], [ 140.2375, 35.708333333333343 ], [ 140.2375, 35.7 ], [ 140.25, 35.7 ] ] ] } },
{ "type": "Feature", "properties": { "mesh": "53404150", "n_rl_records": 1, "n_rl_species": 1, "score_species_weighted": 3, "n_cr_en_species": 1, "effort_records": 104, "low_effort": false, "rl_record_share": 0.0096153846153846159 }, "geometry": { "type": "Polygon", "coordinates": [ [ [ 140.1375, 35.708333333333336 ], [ 140.1375, 35.716666666666669 ], [ 140.125, 35.716666666666661 ], [ 140.125, 35.708333333333336 ], [ 140.1375, 35.708333333333336 ] ] ] } },
{ "type": "Feature", "properties": { "mesh": "53404151", "n_rl_records": 3, "n_rl_species": 3, "score_species_weighted": 9, "n_cr_en_species": 2, "effort_records": 294, "low_effort": false, "rl_record_share": 0.01020408163265306 }, "geometry": { "type": "Polygon", "coordinates": [ [ [ 140.15, 35.708333333333343 ], [ 140.15, 35.716666666666669 ], [ 140.1375, 35.716666666666669 ], [ 140.1375, 35.708333333333336 ], [ 140.15, 35.708333333333343 ] ] ] } },
{ "type": "Feature", "properties": { "mesh": "53404152", "n_rl_records": 4, "n_rl_species": 3, "score_species_weighted": 11, "n_cr_en_species": 3, "effort_records": 1713, "low_effort": false, "rl_record_share": 0.0023350846468184472 }, "geometry": { "type": "Polygon", "coordinates": [ [ [ 140.1625, 35.708333333333343 ], [ 140.1625, 35.716666666666669 ], [ 140.15, 35.716666666666669 ], [ 140.15, 35.708333333333343 ], [ 140.1625, 35.708333333333343 ] ] ] } },
{ "type": "Feature", "properties": { "mesh": "53404153", "n_rl_records": 3, "n_rl_species": 3, "score_species_weighted": 9, "n_cr_en_species": 2, "effort_records": 128, "low_effort": false, "rl_record_share": 0.0234375 }, "geometry": { "type": "Polygon", "coordinates": [ [ [ 140.175, 35.708333333333336 ], [ 140.175, 35.716666666666661 ], [ 140.1625, 35.716666666666669 ], [ 140.1625, 35.708333333333343 ], [ 140.175, 35.708333333333336 ] ] ] } },
{ "type": "Feature", "properties": { "mesh": "53404154", "n_rl_records": 3, "n_rl_species": 3, "score_species_weighted": 8, "n_cr_en_species": 1, "effort_records": 152, "low_effort": false, "rl_record_share": 0.019736842105263157 }, "geometry": { "type": "Polygon", "coordinates": [ [ [ 140.1875, 35.708333333333336 ], [ 140.1875, 35.716666666666669 ], [ 140.175, 35.716666666666661 ], [ 140.175, 35.708333333333336 ], [ 140.1875, 35.708333333333336 ] ] ] } },
{ "type": "Feature", "properties": { "mesh": "53404155", "n_rl_records": 1, "n_rl_species": 1, "score_species_weighted": 3, "n_cr_en_species": 1, "effort_records": 100, "low_effort": false, "rl_record_share": 0.01 }, "geometry": { "type": "Polygon", "coordinates": [ [ [ 140.2, 35.708333333333329 ], [ 140.2, 35.716666666666676 ], [ 140.1875, 35.716666666666669 ], [ 140.1875, 35.708333333333336 ], [ 140.2, 35.708333333333329 ] ] ] } },
{ "type": "Feature", "properties": { "mesh": "53404156", "n_rl_records": 11, "n_rl_species": 3, "score_species_weighted": 6, "n_cr_en_species": 1, "effort_records": 298, "low_effort": false, "rl_record_share": 0.036912751677852351 }, "geometry": { "type": "Polygon", "coordinates": [ [ [ 140.2125, 35.708333333333336 ], [ 140.2125, 35.716666666666669 ], [ 140.2, 35.716666666666676 ], [ 140.2, 35.708333333333329 ], [ 140.2125, 35.708333333333336 ] ] ] } },
{ "type": "Feature", "properties": { "mesh": "53404159", "n_rl_records": 1, "n_rl_species": 1, "score_species_weighted": 3, "n_cr_en_species": 1, "effort_records": 67, "low_effort": false, "rl_record_share": 0.014925373134328358 }, "geometry": { "type": "Polygon", "coordinates": [ [ [ 140.25, 35.708333333333336 ], [ 140.25, 35.716666666666669 ], [ 140.2375, 35.716666666666661 ], [ 140.2375, 35.708333333333343 ], [ 140.25, 35.708333333333336 ] ] ] } },
{ "type": "Feature", "properties": { "mesh": "53404161", "n_rl_records": 4, "n_rl_species": 3, "score_species_weighted": 8, "n_cr_en_species": 2, "effort_records": 170, "low_effort": false, "rl_record_share": 0.023529411764705882 }, "geometry": { "type": "Polygon", "coordinates": [ [ [ 140.15, 35.716666666666669 ], [ 140.15, 35.725 ], [ 140.1375, 35.725 ], [ 140.1375, 35.716666666666669 ], [ 140.15, 35.716666666666669 ] ] ] } },
{ "type": "Feature", "properties": { "mesh": "53404162", "n_rl_records": 3, "n_rl_species": 1, "score_species_weighted": 2, "n_cr_en_species": 0, "effort_records": 565, "low_effort": false, "rl_record_share": 0.0053097345132743362 }, "geometry": { "type": "Polygon", "coordinates": [ [ [ 140.1625, 35.716666666666669 ], [ 140.1625, 35.725 ], [ 140.15, 35.725 ], [ 140.15, 35.716666666666669 ], [ 140.1625, 35.716666666666669 ] ] ] } },
{ "type": "Feature", "properties": { "mesh": "53404163", "n_rl_records": 4, "n_rl_species": 3, "score_species_weighted": 9, "n_cr_en_species": 2, "effort_records": 126, "low_effort": false, "rl_record_share": 0.031746031746031744 }, "geometry": { "type": "Polygon", "coordinates": [ [ [ 140.175, 35.716666666666661 ], [ 140.175, 35.725 ], [ 140.1625, 35.725 ], [ 140.1625, 35.716666666666669 ], [ 140.175, 35.716666666666661 ] ] ] } },
{ "type": "Feature", "properties": { "mesh": "53404164", "n_rl_records": 4, "n_rl_species": 2, "score_species_weighted": 5, "n_cr_en_species": 1, "effort_records": 65, "low_effort": false, "rl_record_share": 0.061538461538461542 }, "geometry": { "type": "Polygon", "coordinates": [ [ [ 140.1875, 35.716666666666669 ], [ 140.1875, 35.725 ], [ 140.175, 35.725 ], [ 140.175, 35.716666666666661 ], [ 140.1875, 35.716666666666669 ] ] ] } },
{ "type": "Feature", "properties": { "mesh": "53404165", "n_rl_records": 4, "n_rl_species": 3, "score_species_weighted": 5, "n_cr_en_species": 0, "effort_records": 96, "low_effort": false, "rl_record_share": 0.041666666666666664 }, "geometry": { "type": "Polygon", "coordinates": [ [ [ 140.2, 35.716666666666676 ], [ 140.2, 35.725 ], [ 140.1875, 35.725 ], [ 140.1875, 35.716666666666669 ], [ 140.2, 35.716666666666676 ] ] ] } },
{ "type": "Feature", "properties": { "mesh": "53404166", "n_rl_records": 8, "n_rl_species": 4, "score_species_weighted": 8, "n_cr_en_species": 1, "effort_records": 324, "low_effort": false, "rl_record_share": 0.024691358024691357 }, "geometry": { "type": "Polygon", "coordinates": [ [ [ 140.2125, 35.716666666666669 ], [ 140.2125, 35.725 ], [ 140.2, 35.725 ], [ 140.2, 35.716666666666676 ], [ 140.2125, 35.716666666666669 ] ] ] } },
{ "type": "Feature", "properties": { "mesh": "53404167", "n_rl_records": 53, "n_rl_species": 10, "score_species_weighted": 24, "n_cr_en_species": 5, "effort_records": 2137, "low_effort": false, "rl_record_share": 0.024801123069723912 }, "geometry": { "type": "Polygon", "coordinates": [ [ [ 140.225, 35.716666666666669 ], [ 140.225, 35.725 ], [ 140.2125, 35.725 ], [ 140.2125, 35.716666666666669 ], [ 140.225, 35.716666666666669 ] ] ] } },
{ "type": "Feature", "properties": { "mesh": "53404168", "n_rl_records": 2, "n_rl_species": 2, "score_species_weighted": 6, "n_cr_en_species": 2, "effort_records": 58, "low_effort": false, "rl_record_share": 0.034482758620689655 }, "geometry": { "type": "Polygon", "coordinates": [ [ [ 140.2375, 35.716666666666661 ], [ 140.2375, 35.725 ], [ 140.225, 35.725 ], [ 140.225, 35.716666666666669 ], [ 140.2375, 35.716666666666661 ] ] ] } },
{ "type": "Feature", "properties": { "mesh": "53404169", "n_rl_records": 1, "n_rl_species": 1, "score_species_weighted": 4, "n_cr_en_species": 1, "effort_records": 52, "low_effort": false, "rl_record_share": 0.019230769230769232 }, "geometry": { "type": "Polygon", "coordinates": [ [ [ 140.25, 35.716666666666669 ], [ 140.25, 35.725 ], [ 140.2375, 35.725 ], [ 140.2375, 35.716666666666661 ], [ 140.25, 35.716666666666669 ] ] ] } },
{ "type": "Feature", "properties": { "mesh": "53404170", "n_rl_records": 4, "n_rl_species": 3, "score_species_weighted": 7, "n_cr_en_species": 1, "effort_records": 157, "low_effort": false, "rl_record_share": 0.025477707006369428 }, "geometry": { "type": "Polygon", "coordinates": [ [ [ 140.1375, 35.725 ], [ 140.1375, 35.733333333333327 ], [ 140.125, 35.733333333333334 ], [ 140.125, 35.725 ], [ 140.1375, 35.725 ] ] ] } },
{ "type": "Feature", "properties": { "mesh": "53404171", "n_rl_records": 3, "n_rl_species": 3, "score_species_weighted": 6, "n_cr_en_species": 1, "effort_records": 185, "low_effort": false, "rl_record_share": 0.016216216216216217 }, "geometry": { "type": "Polygon", "coordinates": [ [ [ 140.15, 35.725 ], [ 140.15, 35.733333333333334 ], [ 140.1375, 35.733333333333327 ], [ 140.1375, 35.725 ], [ 140.15, 35.725 ] ] ] } },
{ "type": "Feature", "properties": { "mesh": "53404172", "n_rl_records": 7, "n_rl_species": 2, "score_species_weighted": 5, "n_cr_en_species": 1, "effort_records": 1383, "low_effort": false, "rl_record_share": 0.0050614605929139552 }, "geometry": { "type": "Polygon", "coordinates": [ [ [ 140.1625, 35.725 ], [ 140.1625, 35.733333333333334 ], [ 140.15, 35.733333333333334 ], [ 140.15, 35.725 ], [ 140.1625, 35.725 ] ] ] } },
{ "type": "Feature", "properties": { "mesh": "53404173", "n_rl_records": 10, "n_rl_species": 5, "score_species_weighted": 16, "n_cr_en_species": 4, "effort_records": 317, "low_effort": false, "rl_record_share": 0.031545741324921134 }, "geometry": { "type": "Polygon", "coordinates": [ [ [ 140.175, 35.725 ], [ 140.175, 35.733333333333334 ], [ 140.1625, 35.733333333333334 ], [ 140.1625, 35.725 ], [ 140.175, 35.725 ] ] ] } },
{ "type": "Feature", "properties": { "mesh": "53404174", "n_rl_records": 5, "n_rl_species": 3, "score_species_weighted": 10, "n_cr_en_species": 3, "effort_records": 66, "low_effort": false, "rl_record_share": 0.07575757575757576 }, "geometry": { "type": "Polygon", "coordinates": [ [ [ 140.1875, 35.725 ], [ 140.1875, 35.733333333333334 ], [ 140.175, 35.733333333333334 ], [ 140.175, 35.725 ], [ 140.1875, 35.725 ] ] ] } },
{ "type": "Feature", "properties": { "mesh": "53404176", "n_rl_records": 1, "n_rl_species": 1, "score_species_weighted": 3, "n_cr_en_species": 1, "effort_records": 36, "low_effort": false, "rl_record_share": 0.027777777777777776 }, "geometry": { "type": "Polygon", "coordinates": [ [ [ 140.2125, 35.725 ], [ 140.2125, 35.733333333333334 ], [ 140.2, 35.733333333333327 ], [ 140.2, 35.725 ], [ 140.2125, 35.725 ] ] ] } },
{ "type": "Feature", "properties": { "mesh": "53404177", "n_rl_records": 10, "n_rl_species": 2, "score_species_weighted": 7, "n_cr_en_species": 2, "effort_records": 176, "low_effort": false, "rl_record_share": 0.056818181818181816 }, "geometry": { "type": "Polygon", "coordinates": [ [ [ 140.225, 35.725 ], [ 140.225, 35.733333333333327 ], [ 140.2125, 35.733333333333334 ], [ 140.2125, 35.725 ], [ 140.225, 35.725 ] ] ] } },
{ "type": "Feature", "properties": { "mesh": "53404180", "n_rl_records": 1, "n_rl_species": 1, "score_species_weighted": 4, "n_cr_en_species": 1, "effort_records": 157, "low_effort": false, "rl_record_share": 0.006369426751592357 }, "geometry": { "type": "Polygon", "coordinates": [ [ [ 140.1375, 35.733333333333327 ], [ 140.1375, 35.74166666666666 ], [ 140.125, 35.741666666666667 ], [ 140.125, 35.733333333333334 ], [ 140.1375, 35.733333333333327 ] ] ] } },
{ "type": "Feature", "properties": { "mesh": "53404181", "n_rl_records": 122, "n_rl_species": 11, "score_species_weighted": 29, "n_cr_en_species": 7, "effort_records": 3246, "low_effort": false, "rl_record_share": 0.03758471965495995 }, "geometry": { "type": "Polygon", "coordinates": [ [ [ 140.15, 35.733333333333334 ], [ 140.15, 35.741666666666667 ], [ 140.1375, 35.74166666666666 ], [ 140.1375, 35.733333333333327 ], [ 140.15, 35.733333333333334 ] ] ] } },
{ "type": "Feature", "properties": { "mesh": "53404182", "n_rl_records": 55, "n_rl_species": 3, "score_species_weighted": 9, "n_cr_en_species": 2, "effort_records": 1987, "low_effort": false, "rl_record_share": 0.027679919476597887 }, "geometry": { "type": "Polygon", "coordinates": [ [ [ 140.1625, 35.733333333333334 ], [ 140.1625, 35.741666666666667 ], [ 140.15, 35.741666666666667 ], [ 140.15, 35.733333333333334 ], [ 140.1625, 35.733333333333334 ] ] ] } },
{ "type": "Feature", "properties": { "mesh": "53404183", "n_rl_records": 6, "n_rl_species": 1, "score_species_weighted": 4, "n_cr_en_species": 1, "effort_records": 253, "low_effort": false, "rl_record_share": 0.023715415019762844 }, "geometry": { "type": "Polygon", "coordinates": [ [ [ 140.175, 35.733333333333334 ], [ 140.175, 35.741666666666667 ], [ 140.1625, 35.741666666666667 ], [ 140.1625, 35.733333333333334 ], [ 140.175, 35.733333333333334 ] ] ] } },
{ "type": "Feature", "properties": { "mesh": "53404184", "n_rl_records": 4, "n_rl_species": 4, "score_species_weighted": 13, "n_cr_en_species": 4, "effort_records": 88, "low_effort": false, "rl_record_share": 0.045454545454545456 }, "geometry": { "type": "Polygon", "coordinates": [ [ [ 140.1875, 35.733333333333334 ], [ 140.1875, 35.741666666666667 ], [ 140.175, 35.741666666666667 ], [ 140.175, 35.733333333333334 ], [ 140.1875, 35.733333333333334 ] ] ] } },
{ "type": "Feature", "properties": { "mesh": "53404185", "n_rl_records": 4, "n_rl_species": 3, "score_species_weighted": 4, "n_cr_en_species": 0, "effort_records": 114, "low_effort": false, "rl_record_share": 0.035087719298245612 }, "geometry": { "type": "Polygon", "coordinates": [ [ [ 140.2, 35.733333333333327 ], [ 140.2, 35.741666666666667 ], [ 140.1875, 35.741666666666667 ], [ 140.1875, 35.733333333333334 ], [ 140.2, 35.733333333333327 ] ] ] } },
{ "type": "Feature", "properties": { "mesh": "53404186", "n_rl_records": 2, "n_rl_species": 2, "score_species_weighted": 7, "n_cr_en_species": 2, "effort_records": 175, "low_effort": false, "rl_record_share": 0.011428571428571429 }, "geometry": { "type": "Polygon", "coordinates": [ [ [ 140.2125, 35.733333333333334 ], [ 140.2125, 35.741666666666667 ], [ 140.2, 35.741666666666667 ], [ 140.2, 35.733333333333327 ], [ 140.2125, 35.733333333333334 ] ] ] } },
{ "type": "Feature", "properties": { "mesh": "53404189", "n_rl_records": 1, "n_rl_species": 1, "score_species_weighted": 2, "n_cr_en_species": 0, "effort_records": 25, "low_effort": false, "rl_record_share": 0.04 }, "geometry": { "type": "Polygon", "coordinates": [ [ [ 140.25, 35.733333333333327 ], [ 140.25, 35.741666666666667 ], [ 140.2375, 35.74166666666666 ], [ 140.2375, 35.733333333333341 ], [ 140.25, 35.733333333333327 ] ] ] } },
{ "type": "Feature", "properties": { "mesh": "53404191", "n_rl_records": 1, "n_rl_species": 1, "score_species_weighted": 2, "n_cr_en_species": 0, "effort_records": 328, "low_effort": false, "rl_record_share": 0.0030487804878048782 }, "geometry": { "type": "Polygon", "coordinates": [ [ [ 140.15, 35.741666666666667 ], [ 140.15, 35.75 ], [ 140.1375, 35.75 ], [ 140.1375, 35.74166666666666 ], [ 140.15, 35.741666666666667 ] ] ] } },
{ "type": "Feature", "properties": { "mesh": "53404192", "n_rl_records": 44, "n_rl_species": 6, "score_species_weighted": 18, "n_cr_en_species": 4, "effort_records": 742, "low_effort": false, "rl_record_share": 0.059299191374663072 }, "geometry": { "type": "Polygon", "coordinates": [ [ [ 140.1625, 35.741666666666667 ], [ 140.1625, 35.75 ], [ 140.15, 35.75 ], [ 140.15, 35.741666666666667 ], [ 140.1625, 35.741666666666667 ] ] ] } },
{ "type": "Feature", "properties": { "mesh": "53404194", "n_rl_records": 3, "n_rl_species": 2, "score_species_weighted": 7, "n_cr_en_species": 2, "effort_records": 136, "low_effort": false, "rl_record_share": 0.022058823529411766 }, "geometry": { "type": "Polygon", "coordinates": [ [ [ 140.1875, 35.741666666666667 ], [ 140.1875, 35.75 ], [ 140.175, 35.75 ], [ 140.175, 35.741666666666667 ], [ 140.1875, 35.741666666666667 ] ] ] } },
{ "type": "Feature", "properties": { "mesh": "53404195", "n_rl_records": 84, "n_rl_species": 12, "score_species_weighted": 26, "n_cr_en_species": 4, "effort_records": 1746, "low_effort": false, "rl_record_share": 0.048109965635738834 }, "geometry": { "type": "Polygon", "coordinates": [ [ [ 140.2, 35.741666666666667 ], [ 140.2, 35.75 ], [ 140.1875, 35.75 ], [ 140.1875, 35.741666666666667 ], [ 140.2, 35.741666666666667 ] ] ] } },
{ "type": "Feature", "properties": { "mesh": "53404197", "n_rl_records": 1, "n_rl_species": 1, "score_species_weighted": 1, "n_cr_en_species": 0, "effort_records": 19, "low_effort": true, "rl_record_share": 0.052631578947368418 }, "geometry": { "type": "Polygon", "coordinates": [ [ [ 140.225, 35.741666666666667 ], [ 140.225, 35.75 ], [ 140.2125, 35.75 ], [ 140.2125, 35.741666666666667 ], [ 140.225, 35.741666666666667 ] ] ] } },
{ "type": "Feature", "properties": { "mesh": "53404198", "n_rl_records": 1, "n_rl_species": 1, "score_species_weighted": 2, "n_cr_en_species": 0, "effort_records": 4, "low_effort": true, "rl_record_share": 0.25 }, "geometry": { "type": "Polygon", "coordinates": [ [ [ 140.2375, 35.74166666666666 ], [ 140.2375, 35.75 ], [ 140.225, 35.75 ], [ 140.225, 35.741666666666667 ], [ 140.2375, 35.74166666666666 ] ] ] } },
{ "type": "Feature", "properties": { "mesh": "53404200", "n_rl_records": 2, "n_rl_species": 2, "score_species_weighted": 2, "n_cr_en_species": 0, "effort_records": 71, "low_effort": false, "rl_record_share": 0.028169014084507043 }, "geometry": { "type": "Polygon", "coordinates": [ [ [ 140.2625, 35.666666666666679 ], [ 140.2625, 35.675 ], [ 140.25, 35.675 ], [ 140.25, 35.666666666666671 ], [ 140.2625, 35.666666666666679 ] ] ] } },
{ "type": "Feature", "properties": { "mesh": "53404212", "n_rl_records": 1, "n_rl_species": 1, "score_species_weighted": 1, "n_cr_en_species": 0, "effort_records": 13, "low_effort": true, "rl_record_share": 0.076923076923076927 }, "geometry": { "type": "Polygon", "coordinates": [ [ [ 140.2875, 35.675 ], [ 140.2875, 35.68333333333333 ], [ 140.275, 35.683333333333323 ], [ 140.275, 35.675 ], [ 140.2875, 35.675 ] ] ] } },
{ "type": "Feature", "properties": { "mesh": "53404215", "n_rl_records": 2, "n_rl_species": 2, "score_species_weighted": 7, "n_cr_en_species": 2, "effort_records": 11, "low_effort": true, "rl_record_share": 0.18181818181818182 }, "geometry": { "type": "Polygon", "coordinates": [ [ [ 140.325, 35.675 ], [ 140.325, 35.68333333333333 ], [ 140.3125, 35.68333333333333 ], [ 140.3125, 35.675 ], [ 140.325, 35.675 ] ] ] } },
{ "type": "Feature", "properties": { "mesh": "53404226", "n_rl_records": 1, "n_rl_species": 1, "score_species_weighted": 4, "n_cr_en_species": 1, "effort_records": 23, "low_effort": false, "rl_record_share": 0.043478260869565216 }, "geometry": { "type": "Polygon", "coordinates": [ [ [ 140.3375, 35.68333333333333 ], [ 140.3375, 35.691666666666656 ], [ 140.325, 35.69166666666667 ], [ 140.325, 35.68333333333333 ], [ 140.3375, 35.68333333333333 ] ] ] } },
{ "type": "Feature", "properties": { "mesh": "53404229", "n_rl_records": 5, "n_rl_species": 4, "score_species_weighted": 10, "n_cr_en_species": 2, "effort_records": 63, "low_effort": false, "rl_record_share": 0.079365079365079361 }, "geometry": { "type": "Polygon", "coordinates": [ [ [ 140.375, 35.683333333333323 ], [ 140.375, 35.691666666666663 ], [ 140.3625, 35.691666666666663 ], [ 140.3625, 35.68333333333333 ], [ 140.375, 35.683333333333323 ] ] ] } },
{ "type": "Feature", "properties": { "mesh": "53404231", "n_rl_records": 3, "n_rl_species": 2, "score_species_weighted": 5, "n_cr_en_species": 1, "effort_records": 101, "low_effort": false, "rl_record_share": 0.029702970297029702 }, "geometry": { "type": "Polygon", "coordinates": [ [ [ 140.275, 35.691666666666656 ], [ 140.275, 35.7 ], [ 140.2625, 35.7 ], [ 140.2625, 35.691666666666663 ], [ 140.275, 35.691666666666656 ] ] ] } },
{ "type": "Feature", "properties": { "mesh": "53404232", "n_rl_records": 2, "n_rl_species": 2, "score_species_weighted": 5, "n_cr_en_species": 1, "effort_records": 49, "low_effort": false, "rl_record_share": 0.040816326530612242 }, "geometry": { "type": "Polygon", "coordinates": [ [ [ 140.2875, 35.69166666666667 ], [ 140.2875, 35.7 ], [ 140.275, 35.7 ], [ 140.275, 35.691666666666656 ], [ 140.2875, 35.69166666666667 ] ] ] } },
{ "type": "Feature", "properties": { "mesh": "53404235", "n_rl_records": 1, "n_rl_species": 1, "score_species_weighted": 1, "n_cr_en_species": 0, "effort_records": 36, "low_effort": false, "rl_record_share": 0.027777777777777776 }, "geometry": { "type": "Polygon", "coordinates": [ [ [ 140.325, 35.69166666666667 ], [ 140.325, 35.7 ], [ 140.3125, 35.7 ], [ 140.3125, 35.691666666666663 ], [ 140.325, 35.69166666666667 ] ] ] } },
{ "type": "Feature", "properties": { "mesh": "53404236", "n_rl_records": 4, "n_rl_species": 2, "score_species_weighted": 3, "n_cr_en_species": 0, "effort_records": 90, "low_effort": false, "rl_record_share": 0.044444444444444446 }, "geometry": { "type": "Polygon", "coordinates": [ [ [ 140.3375, 35.691666666666656 ], [ 140.3375, 35.7 ], [ 140.325, 35.7 ], [ 140.325, 35.69166666666667 ], [ 140.3375, 35.691666666666656 ] ] ] } },
{ "type": "Feature", "properties": { "mesh": "53404237", "n_rl_records": 1, "n_rl_species": 1, "score_species_weighted": 3, "n_cr_en_species": 1, "effort_records": 33, "low_effort": false, "rl_record_share": 0.030303030303030304 }, "geometry": { "type": "Polygon", "coordinates": [ [ [ 140.35, 35.691666666666663 ], [ 140.35, 35.7 ], [ 140.3375, 35.7 ], [ 140.3375, 35.691666666666656 ], [ 140.35, 35.691666666666663 ] ] ] } },
{ "type": "Feature", "properties": { "mesh": "53404239", "n_rl_records": 1, "n_rl_species": 1, "score_species_weighted": 4, "n_cr_en_species": 1, "effort_records": 71, "low_effort": false, "rl_record_share": 0.014084507042253521 }, "geometry": { "type": "Polygon", "coordinates": [ [ [ 140.375, 35.691666666666663 ], [ 140.375, 35.7 ], [ 140.3625, 35.7 ], [ 140.3625, 35.691666666666663 ], [ 140.375, 35.691666666666663 ] ] ] } },
{ "type": "Feature", "properties": { "mesh": "53404242", "n_rl_records": 3, "n_rl_species": 1, "score_species_weighted": 1, "n_cr_en_species": 0, "effort_records": 7, "low_effort": true, "rl_record_share": 0.42857142857142855 }, "geometry": { "type": "Polygon", "coordinates": [ [ [ 140.2875, 35.7 ], [ 140.2875, 35.708333333333336 ], [ 140.275, 35.708333333333336 ], [ 140.275, 35.7 ], [ 140.2875, 35.7 ] ] ] } },
{ "type": "Feature", "properties": { "mesh": "53404245", "n_rl_records": 6, "n_rl_species": 4, "score_species_weighted": 9, "n_cr_en_species": 1, "effort_records": 44, "low_effort": false, "rl_record_share": 0.13636363636363635 }, "geometry": { "type": "Polygon", "coordinates": [ [ [ 140.325, 35.7 ], [ 140.325, 35.708333333333336 ], [ 140.3125, 35.708333333333336 ], [ 140.3125, 35.7 ], [ 140.325, 35.7 ] ] ] } },
{ "type": "Feature", "properties": { "mesh": "53404246", "n_rl_records": 3, "n_rl_species": 3, "score_species_weighted": 9, "n_cr_en_species": 2, "effort_records": 41, "low_effort": false, "rl_record_share": 0.073170731707317069 }, "geometry": { "type": "Polygon", "coordinates": [ [ [ 140.3375, 35.7 ], [ 140.3375, 35.708333333333336 ], [ 140.325, 35.708333333333336 ], [ 140.325, 35.7 ], [ 140.3375, 35.7 ] ] ] } },
{ "type": "Feature", "properties": { "mesh": "53404247", "n_rl_records": 3, "n_rl_species": 1, "score_species_weighted": 2, "n_cr_en_species": 0, "effort_records": 34, "low_effort": false, "rl_record_share": 0.088235294117647065 }, "geometry": { "type": "Polygon", "coordinates": [ [ [ 140.35, 35.7 ], [ 140.35, 35.708333333333336 ], [ 140.3375, 35.708333333333336 ], [ 140.3375, 35.7 ], [ 140.35, 35.7 ] ] ] } },
{ "type": "Feature", "properties": { "mesh": "53404253", "n_rl_records": 2, "n_rl_species": 1, "score_species_weighted": 2, "n_cr_en_species": 0, "effort_records": 83, "low_effort": false, "rl_record_share": 0.024096385542168676 }, "geometry": { "type": "Polygon", "coordinates": [ [ [ 140.3, 35.708333333333336 ], [ 140.3, 35.716666666666661 ], [ 140.2875, 35.716666666666669 ], [ 140.2875, 35.708333333333336 ], [ 140.3, 35.708333333333336 ] ] ] } },
{ "type": "Feature", "properties": { "mesh": "53404254", "n_rl_records": 1, "n_rl_species": 1, "score_species_weighted": 2, "n_cr_en_species": 0, "effort_records": 28, "low_effort": false, "rl_record_share": 0.035714285714285712 }, "geometry": { "type": "Polygon", "coordinates": [ [ [ 140.3125, 35.708333333333336 ], [ 140.3125, 35.716666666666669 ], [ 140.3, 35.716666666666661 ], [ 140.3, 35.708333333333336 ], [ 140.3125, 35.708333333333336 ] ] ] } },
{ "type": "Feature", "properties": { "mesh": "53404255", "n_rl_records": 5, "n_rl_species": 3, "score_species_weighted": 9, "n_cr_en_species": 2, "effort_records": 70, "low_effort": false, "rl_record_share": 0.071428571428571425 }, "geometry": { "type": "Polygon", "coordinates": [ [ [ 140.325, 35.708333333333336 ], [ 140.325, 35.716666666666661 ], [ 140.3125, 35.716666666666669 ], [ 140.3125, 35.708333333333336 ], [ 140.325, 35.708333333333336 ] ] ] } },
{ "type": "Feature", "properties": { "mesh": "53404256", "n_rl_records": 1, "n_rl_species": 1, "score_species_weighted": 2, "n_cr_en_species": 0, "effort_records": 118, "low_effort": false, "rl_record_share": 0.0084745762711864406 }, "geometry": { "type": "Polygon", "coordinates": [ [ [ 140.3375, 35.708333333333336 ], [ 140.3375, 35.716666666666669 ], [ 140.325, 35.716666666666661 ], [ 140.325, 35.708333333333336 ], [ 140.3375, 35.708333333333336 ] ] ] } },
{ "type": "Feature", "properties": { "mesh": "53404261", "n_rl_records": 1, "n_rl_species": 1, "score_species_weighted": 2, "n_cr_en_species": 0, "effort_records": 26, "low_effort": false, "rl_record_share": 0.038461538461538464 }, "geometry": { "type": "Polygon", "coordinates": [ [ [ 140.275, 35.716666666666661 ], [ 140.275, 35.725 ], [ 140.2625, 35.725 ], [ 140.2625, 35.716666666666669 ], [ 140.275, 35.716666666666661 ] ] ] } },
{ "type": "Feature", "properties": { "mesh": "53404263", "n_rl_records": 2, "n_rl_species": 2, "score_species_weighted": 4, "n_cr_en_species": 0, "effort_records": 115, "low_effort": false, "rl_record_share": 0.017391304347826087 }, "geometry": { "type": "Polygon", "coordinates": [ [ [ 140.3, 35.716666666666661 ], [ 140.3, 35.725 ], [ 140.2875, 35.725 ], [ 140.2875, 35.716666666666669 ], [ 140.3, 35.716666666666661 ] ] ] } },
{ "type": "Feature", "properties": { "mesh": "53404264", "n_rl_records": 3, "n_rl_species": 3, "score_species_weighted": 7, "n_cr_en_species": 1, "effort_records": 46, "low_effort": false, "rl_record_share": 0.065217391304347824 }, "geometry": { "type": "Polygon", "coordinates": [ [ [ 140.3125, 35.716666666666669 ], [ 140.3125, 35.725 ], [ 140.3, 35.725 ], [ 140.3, 35.716666666666661 ], [ 140.3125, 35.716666666666669 ] ] ] } },
{ "type": "Feature", "properties": { "mesh": "53404265", "n_rl_records": 6, "n_rl_species": 5, "score_species_weighted": 13, "n_cr_en_species": 2, "effort_records": 92, "low_effort": false, "rl_record_share": 0.065217391304347824 }, "geometry": { "type": "Polygon", "coordinates": [ [ [ 140.325, 35.716666666666661 ], [ 140.325, 35.725 ], [ 140.3125, 35.725 ], [ 140.3125, 35.716666666666669 ], [ 140.325, 35.716666666666661 ] ] ] } },
{ "type": "Feature", "properties": { "mesh": "53404266", "n_rl_records": 5, "n_rl_species": 5, "score_species_weighted": 13, "n_cr_en_species": 3, "effort_records": 84, "low_effort": false, "rl_record_share": 0.059523809523809521 }, "geometry": { "type": "Polygon", "coordinates": [ [ [ 140.3375, 35.716666666666669 ], [ 140.3375, 35.725 ], [ 140.325, 35.725 ], [ 140.325, 35.716666666666661 ], [ 140.3375, 35.716666666666669 ] ] ] } },
{ "type": "Feature", "properties": { "mesh": "53404267", "n_rl_records": 1, "n_rl_species": 1, "score_species_weighted": 4, "n_cr_en_species": 1, "effort_records": 110, "low_effort": false, "rl_record_share": 0.0090909090909090905 }, "geometry": { "type": "Polygon", "coordinates": [ [ [ 140.35, 35.716666666666669 ], [ 140.35, 35.725 ], [ 140.3375, 35.725 ], [ 140.3375, 35.716666666666669 ], [ 140.35, 35.716666666666669 ] ] ] } },
{ "type": "Feature", "properties": { "mesh": "53404268", "n_rl_records": 2, "n_rl_species": 2, "score_species_weighted": 5, "n_cr_en_species": 1, "effort_records": 39, "low_effort": false, "rl_record_share": 0.05128205128205128 }, "geometry": { "type": "Polygon", "coordinates": [ [ [ 140.3625, 35.716666666666661 ], [ 140.3625, 35.725 ], [ 140.35, 35.725 ], [ 140.35, 35.716666666666669 ], [ 140.3625, 35.716666666666661 ] ] ] } },
{ "type": "Feature", "properties": { "mesh": "53404269", "n_rl_records": 2, "n_rl_species": 1, "score_species_weighted": 2, "n_cr_en_species": 0, "effort_records": 72, "low_effort": false, "rl_record_share": 0.027777777777777776 }, "geometry": { "type": "Polygon", "coordinates": [ [ [ 140.375, 35.716666666666669 ], [ 140.375, 35.725 ], [ 140.3625, 35.725 ], [ 140.3625, 35.716666666666661 ], [ 140.375, 35.716666666666669 ] ] ] } },
{ "type": "Feature", "properties": { "mesh": "53404270", "n_rl_records": 1, "n_rl_species": 1, "score_species_weighted": 2, "n_cr_en_species": 0, "effort_records": 6, "low_effort": true, "rl_record_share": 0.16666666666666666 }, "geometry": { "type": "Polygon", "coordinates": [ [ [ 140.2625, 35.725 ], [ 140.2625, 35.733333333333334 ], [ 140.25, 35.733333333333327 ], [ 140.25, 35.725 ], [ 140.2625, 35.725 ] ] ] } },
{ "type": "Feature", "properties": { "mesh": "53404272", "n_rl_records": 2, "n_rl_species": 1, "score_species_weighted": 2, "n_cr_en_species": 0, "effort_records": 21, "low_effort": false, "rl_record_share": 0.095238095238095233 }, "geometry": { "type": "Polygon", "coordinates": [ [ [ 140.2875, 35.725 ], [ 140.2875, 35.733333333333334 ], [ 140.275, 35.733333333333327 ], [ 140.275, 35.725 ], [ 140.2875, 35.725 ] ] ] } },
{ "type": "Feature", "properties": { "mesh": "53404276", "n_rl_records": 2, "n_rl_species": 2, "score_species_weighted": 6, "n_cr_en_species": 1, "effort_records": 72, "low_effort": false, "rl_record_share": 0.027777777777777776 }, "geometry": { "type": "Polygon", "coordinates": [ [ [ 140.3375, 35.725 ], [ 140.3375, 35.733333333333334 ], [ 140.325, 35.733333333333327 ], [ 140.325, 35.725 ], [ 140.3375, 35.725 ] ] ] } },
{ "type": "Feature", "properties": { "mesh": "53404279", "n_rl_records": 1, "n_rl_species": 1, "score_species_weighted": 3, "n_cr_en_species": 1, "effort_records": 40, "low_effort": false, "rl_record_share": 0.025 }, "geometry": { "type": "Polygon", "coordinates": [ [ [ 140.375, 35.725 ], [ 140.375, 35.733333333333334 ], [ 140.3625, 35.733333333333327 ], [ 140.3625, 35.725 ], [ 140.375, 35.725 ] ] ] } },
{ "type": "Feature", "properties": { "mesh": "53404280", "n_rl_records": 2, "n_rl_species": 1, "score_species_weighted": 2, "n_cr_en_species": 0, "effort_records": 10, "low_effort": true, "rl_record_share": 0.2 }, "geometry": { "type": "Polygon", "coordinates": [ [ [ 140.2625, 35.733333333333334 ], [ 140.2625, 35.74166666666666 ], [ 140.25, 35.741666666666667 ], [ 140.25, 35.733333333333327 ], [ 140.2625, 35.733333333333334 ] ] ] } },
{ "type": "Feature", "properties": { "mesh": "53404281", "n_rl_records": 5, "n_rl_species": 2, "score_species_weighted": 3, "n_cr_en_species": 0, "effort_records": 19, "low_effort": true, "rl_record_share": 0.26315789473684209 }, "geometry": { "type": "Polygon", "coordinates": [ [ [ 140.275, 35.733333333333327 ], [ 140.275, 35.741666666666667 ], [ 140.2625, 35.74166666666666 ], [ 140.2625, 35.733333333333334 ], [ 140.275, 35.733333333333327 ] ] ] } },
{ "type": "Feature", "properties": { "mesh": "53404283", "n_rl_records": 9, "n_rl_species": 3, "score_species_weighted": 6, "n_cr_en_species": 1, "effort_records": 128, "low_effort": false, "rl_record_share": 0.0703125 }, "geometry": { "type": "Polygon", "coordinates": [ [ [ 140.3, 35.733333333333327 ], [ 140.3, 35.74166666666666 ], [ 140.2875, 35.741666666666667 ], [ 140.2875, 35.733333333333334 ], [ 140.3, 35.733333333333327 ] ] ] } },
{ "type": "Feature", "properties": { "mesh": "53404286", "n_rl_records": 1, "n_rl_species": 1, "score_species_weighted": 2, "n_cr_en_species": 0, "effort_records": 63, "low_effort": false, "rl_record_share": 0.015873015873015872 }, "geometry": { "type": "Polygon", "coordinates": [ [ [ 140.3375, 35.733333333333334 ], [ 140.3375, 35.74166666666666 ], [ 140.325, 35.741666666666667 ], [ 140.325, 35.733333333333327 ], [ 140.3375, 35.733333333333334 ] ] ] } },
{ "type": "Feature", "properties": { "mesh": "53404287", "n_rl_records": 10, "n_rl_species": 6, "score_species_weighted": 13, "n_cr_en_species": 2, "effort_records": 66, "low_effort": false, "rl_record_share": 0.15151515151515152 }, "geometry": { "type": "Polygon", "coordinates": [ [ [ 140.35, 35.733333333333334 ], [ 140.35, 35.741666666666667 ], [ 140.3375, 35.74166666666666 ], [ 140.3375, 35.733333333333334 ], [ 140.35, 35.733333333333334 ] ] ] } },
{ "type": "Feature", "properties": { "mesh": "53404290", "n_rl_records": 1, "n_rl_species": 1, "score_species_weighted": 1, "n_cr_en_species": 0, "effort_records": 25, "low_effort": false, "rl_record_share": 0.04 }, "geometry": { "type": "Polygon", "coordinates": [ [ [ 140.2625, 35.74166666666666 ], [ 140.2625, 35.75 ], [ 140.25, 35.75 ], [ 140.25, 35.741666666666667 ], [ 140.2625, 35.74166666666666 ] ] ] } },
{ "type": "Feature", "properties": { "mesh": "53404292", "n_rl_records": 1, "n_rl_species": 1, "score_species_weighted": 1, "n_cr_en_species": 0, "effort_records": 24, "low_effort": false, "rl_record_share": 0.041666666666666664 }, "geometry": { "type": "Polygon", "coordinates": [ [ [ 140.2875, 35.741666666666667 ], [ 140.2875, 35.75 ], [ 140.275, 35.75 ], [ 140.275, 35.741666666666667 ], [ 140.2875, 35.741666666666667 ] ] ] } },
{ "type": "Feature", "properties": { "mesh": "53404294", "n_rl_records": 1, "n_rl_species": 1, "score_species_weighted": 2, "n_cr_en_species": 0, "effort_records": 8, "low_effort": true, "rl_record_share": 0.125 }, "geometry": { "type": "Polygon", "coordinates": [ [ [ 140.3125, 35.741666666666667 ], [ 140.3125, 35.75 ], [ 140.3, 35.75 ], [ 140.3, 35.74166666666666 ], [ 140.3125, 35.741666666666667 ] ] ] } },
{ "type": "Feature", "properties": { "mesh": "53404295", "n_rl_records": 2, "n_rl_species": 2, "score_species_weighted": 6, "n_cr_en_species": 1, "effort_records": 59, "low_effort": false, "rl_record_share": 0.033898305084745763 }, "geometry": { "type": "Polygon", "coordinates": [ [ [ 140.325, 35.741666666666667 ], [ 140.325, 35.75 ], [ 140.3125, 35.75 ], [ 140.3125, 35.741666666666667 ], [ 140.325, 35.741666666666667 ] ] ] } },
{ "type": "Feature", "properties": { "mesh": "53404296", "n_rl_records": 3, "n_rl_species": 2, "score_species_weighted": 5, "n_cr_en_species": 1, "effort_records": 37, "low_effort": false, "rl_record_share": 0.081081081081081086 }, "geometry": { "type": "Polygon", "coordinates": [ [ [ 140.3375, 35.74166666666666 ], [ 140.3375, 35.75 ], [ 140.325, 35.75 ], [ 140.325, 35.741666666666667 ], [ 140.3375, 35.74166666666666 ] ] ] } },
{ "type": "Feature", "properties": { "mesh": "53404297", "n_rl_records": 8, "n_rl_species": 3, "score_species_weighted": 8, "n_cr_en_species": 2, "effort_records": 218, "low_effort": false, "rl_record_share": 0.03669724770642202 }, "geometry": { "type": "Polygon", "coordinates": [ [ [ 140.35, 35.741666666666667 ], [ 140.35, 35.75 ], [ 140.3375, 35.75 ], [ 140.3375, 35.74166666666666 ], [ 140.35, 35.741666666666667 ] ] ] } },
{ "type": "Feature", "properties": { "mesh": "53404298", "n_rl_records": 3, "n_rl_species": 3, "score_species_weighted": 10, "n_cr_en_species": 3, "effort_records": 42, "low_effort": false, "rl_record_share": 0.071428571428571425 }, "geometry": { "type": "Polygon", "coordinates": [ [ [ 140.3625, 35.741666666666667 ], [ 140.3625, 35.75 ], [ 140.35, 35.75 ], [ 140.35, 35.741666666666667 ], [ 140.3625, 35.741666666666667 ] ] ] } },
{ "type": "Feature", "properties": { "mesh": "53404306", "n_rl_records": 1, "n_rl_species": 1, "score_species_weighted": 2, "n_cr_en_species": 0, "effort_records": 44, "low_effort": false, "rl_record_share": 0.022727272727272728 }, "geometry": { "type": "Polygon", "coordinates": [ [ [ 140.4625, 35.666666666666664 ], [ 140.4625, 35.675 ], [ 140.45, 35.675 ], [ 140.45, 35.666666666666671 ], [ 140.4625, 35.666666666666664 ] ] ] } },
{ "type": "Feature", "properties": { "mesh": "53404310", "n_rl_records": 1, "n_rl_species": 1, "score_species_weighted": 3, "n_cr_en_species": 1, "effort_records": 15, "low_effort": true, "rl_record_share": 0.066666666666666666 }, "geometry": { "type": "Polygon", "coordinates": [ [ [ 140.3875, 35.675 ], [ 140.3875, 35.683333333333323 ], [ 140.375, 35.683333333333323 ], [ 140.375, 35.675 ], [ 140.3875, 35.675 ] ] ] } },
{ "type": "Feature", "properties": { "mesh": "53404313", "n_rl_records": 1, "n_rl_species": 1, "score_species_weighted": 4, "n_cr_en_species": 1, "effort_records": 32, "low_effort": false, "rl_record_share": 0.03125 }, "geometry": { "type": "Polygon", "coordinates": [ [ [ 140.425, 35.675 ], [ 140.425, 35.683333333333337 ], [ 140.4125, 35.683333333333323 ], [ 140.4125, 35.675 ], [ 140.425, 35.675 ] ] ] } },
{ "type": "Feature", "properties": { "mesh": "53404316", "n_rl_records": 1, "n_rl_species": 1, "score_species_weighted": 2, "n_cr_en_species": 0, "effort_records": 45, "low_effort": false, "rl_record_share": 0.022222222222222223 }, "geometry": { "type": "Polygon", "coordinates": [ [ [ 140.4625, 35.675 ], [ 140.4625, 35.68333333333333 ], [ 140.45, 35.683333333333323 ], [ 140.45, 35.675 ], [ 140.4625, 35.675 ] ] ] } },
{ "type": "Feature", "properties": { "mesh": "53404317", "n_rl_records": 1, "n_rl_species": 1, "score_species_weighted": 4, "n_cr_en_species": 1, "effort_records": 9, "low_effort": true, "rl_record_share": 0.1111111111111111 }, "geometry": { "type": "Polygon", "coordinates": [ [ [ 140.475, 35.675 ], [ 140.475, 35.683333333333323 ], [ 140.4625, 35.68333333333333 ], [ 140.4625, 35.675 ], [ 140.475, 35.675 ] ] ] } },
{ "type": "Feature", "properties": { "mesh": "53404318", "n_rl_records": 1, "n_rl_species": 1, "score_species_weighted": 1, "n_cr_en_species": 0, "effort_records": 4, "low_effort": true, "rl_record_share": 0.25 }, "geometry": { "type": "Polygon", "coordinates": [ [ [ 140.4875, 35.675 ], [ 140.4875, 35.68333333333333 ], [ 140.475, 35.683333333333323 ], [ 140.475, 35.675 ], [ 140.4875, 35.675 ] ] ] } },
{ "type": "Feature", "properties": { "mesh": "53404320", "n_rl_records": 4, "n_rl_species": 4, "score_species_weighted": 11, "n_cr_en_species": 3, "effort_records": 156, "low_effort": false, "rl_record_share": 0.02564102564102564 }, "geometry": { "type": "Polygon", "coordinates": [ [ [ 140.3875, 35.683333333333323 ], [ 140.3875, 35.69166666666667 ], [ 140.375, 35.691666666666663 ], [ 140.375, 35.683333333333323 ], [ 140.3875, 35.683333333333323 ] ] ] } },
{ "type": "Feature", "properties": { "mesh": "53404321", "n_rl_records": 3, "n_rl_species": 3, "score_species_weighted": 7, "n_cr_en_species": 2, "effort_records": 148, "low_effort": false, "rl_record_share": 0.020270270270270271 }, "geometry": { "type": "Polygon", "coordinates": [ [ [ 140.4, 35.68333333333333 ], [ 140.4, 35.691666666666663 ], [ 140.3875, 35.69166666666667 ], [ 140.3875, 35.683333333333323 ], [ 140.4, 35.68333333333333 ] ] ] } },
{ "type": "Feature", "properties": { "mesh": "53404323", "n_rl_records": 1, "n_rl_species": 1, "score_species_weighted": 2, "n_cr_en_species": 0, "effort_records": 133, "low_effort": false, "rl_record_share": 0.0075187969924812026 }, "geometry": { "type": "Polygon", "coordinates": [ [ [ 140.425, 35.683333333333337 ], [ 140.425, 35.691666666666663 ], [ 140.4125, 35.691666666666663 ], [ 140.4125, 35.683333333333323 ], [ 140.425, 35.683333333333337 ] ] ] } },
{ "type": "Feature", "properties": { "mesh": "53404332", "n_rl_records": 2, "n_rl_species": 2, "score_species_weighted": 3, "n_cr_en_species": 0, "effort_records": 116, "low_effort": false, "rl_record_share": 0.017241379310344827 }, "geometry": { "type": "Polygon", "coordinates": [ [ [ 140.4125, 35.691666666666663 ], [ 140.4125, 35.7 ], [ 140.4, 35.7 ], [ 140.4, 35.691666666666663 ], [ 140.4125, 35.691666666666663 ] ] ] } },
{ "type": "Feature", "properties": { "mesh": "53404333", "n_rl_records": 1, "n_rl_species": 1, "score_species_weighted": 4, "n_cr_en_species": 1, "effort_records": 46, "low_effort": false, "rl_record_share": 0.021739130434782608 }, "geometry": { "type": "Polygon", "coordinates": [ [ [ 140.425, 35.691666666666663 ], [ 140.425, 35.7 ], [ 140.4125, 35.7 ], [ 140.4125, 35.691666666666663 ], [ 140.425, 35.691666666666663 ] ] ] } },
{ "type": "Feature", "properties": { "mesh": "53404334", "n_rl_records": 1, "n_rl_species": 1, "score_species_weighted": 2, "n_cr_en_species": 0, "effort_records": 61, "low_effort": false, "rl_record_share": 0.016393442622950821 }, "geometry": { "type": "Polygon", "coordinates": [ [ [ 140.4375, 35.691666666666663 ], [ 140.4375, 35.7 ], [ 140.425, 35.7 ], [ 140.425, 35.691666666666663 ], [ 140.4375, 35.691666666666663 ] ] ] } },
{ "type": "Feature", "properties": { "mesh": "53404338", "n_rl_records": 1, "n_rl_species": 1, "score_species_weighted": 1, "n_cr_en_species": 0, "effort_records": 56, "low_effort": false, "rl_record_share": 0.017857142857142856 }, "geometry": { "type": "Polygon", "coordinates": [ [ [ 140.4875, 35.69166666666667 ], [ 140.4875, 35.7 ], [ 140.475, 35.7 ], [ 140.475, 35.691666666666663 ], [ 140.4875, 35.69166666666667 ] ] ] } },
{ "type": "Feature", "properties": { "mesh": "53404341", "n_rl_records": 1, "n_rl_species": 1, "score_species_weighted": 1, "n_cr_en_species": 0, "effort_records": 48, "low_effort": false, "rl_record_share": 0.020833333333333332 }, "geometry": { "type": "Polygon", "coordinates": [ [ [ 140.4, 35.7 ], [ 140.4, 35.708333333333336 ], [ 140.3875, 35.708333333333329 ], [ 140.3875, 35.7 ], [ 140.4, 35.7 ] ] ] } },
{ "type": "Feature", "properties": { "mesh": "53404345", "n_rl_records": 1, "n_rl_species": 1, "score_species_weighted": 2, "n_cr_en_species": 0, "effort_records": 97, "low_effort": false, "rl_record_share": 0.010309278350515464 }, "geometry": { "type": "Polygon", "coordinates": [ [ [ 140.45, 35.7 ], [ 140.45, 35.708333333333336 ], [ 140.4375, 35.708333333333343 ], [ 140.4375, 35.7 ], [ 140.45, 35.7 ] ] ] } },
{ "type": "Feature", "properties": { "mesh": "53404349", "n_rl_records": 5, "n_rl_species": 4, "score_species_weighted": 8, "n_cr_en_species": 1, "effort_records": 51, "low_effort": false, "rl_record_share": 0.098039215686274508 }, "geometry": { "type": "Polygon", "coordinates": [ [ [ 140.5, 35.7 ], [ 140.5, 35.708333333333329 ], [ 140.4875, 35.708333333333336 ], [ 140.4875, 35.7 ], [ 140.5, 35.7 ] ] ] } },
{ "type": "Feature", "properties": { "mesh": "53404350", "n_rl_records": 1, "n_rl_species": 1, "score_species_weighted": 3, "n_cr_en_species": 1, "effort_records": 49, "low_effort": false, "rl_record_share": 0.020408163265306121 }, "geometry": { "type": "Polygon", "coordinates": [ [ [ 140.3875, 35.708333333333329 ], [ 140.3875, 35.716666666666661 ], [ 140.375, 35.716666666666669 ], [ 140.375, 35.708333333333336 ], [ 140.3875, 35.708333333333329 ] ] ] } },
{ "type": "Feature", "properties": { "mesh": "53404357", "n_rl_records": 2, "n_rl_species": 1, "score_species_weighted": 1, "n_cr_en_species": 0, "effort_records": 36, "low_effort": false, "rl_record_share": 0.055555555555555552 }, "geometry": { "type": "Polygon", "coordinates": [ [ [ 140.475, 35.708333333333336 ], [ 140.475, 35.716666666666661 ], [ 140.4625, 35.716666666666661 ], [ 140.4625, 35.708333333333336 ], [ 140.475, 35.708333333333336 ] ] ] } },
{ "type": "Feature", "properties": { "mesh": "53404360", "n_rl_records": 3, "n_rl_species": 2, "score_species_weighted": 5, "n_cr_en_species": 1, "effort_records": 19, "low_effort": true, "rl_record_share": 0.15789473684210525 }, "geometry": { "type": "Polygon", "coordinates": [ [ [ 140.3875, 35.716666666666661 ], [ 140.3875, 35.725 ], [ 140.375, 35.725 ], [ 140.375, 35.716666666666669 ], [ 140.3875, 35.716666666666661 ] ] ] } },
{ "type": "Feature", "properties": { "mesh": "53404361", "n_rl_records": 1, "n_rl_species": 1, "score_species_weighted": 4, "n_cr_en_species": 1, "effort_records": 103, "low_effort": false, "rl_record_share": 0.0097087378640776691 }, "geometry": { "type": "Polygon", "coordinates": [ [ [ 140.4, 35.716666666666661 ], [ 140.4, 35.725 ], [ 140.3875, 35.725 ], [ 140.3875, 35.716666666666661 ], [ 140.4, 35.716666666666661 ] ] ] } },
{ "type": "Feature", "properties": { "mesh": "53404365", "n_rl_records": 1, "n_rl_species": 1, "score_species_weighted": 1, "n_cr_en_species": 0, "effort_records": 47, "low_effort": false, "rl_record_share": 0.021276595744680851 }, "geometry": { "type": "Polygon", "coordinates": [ [ [ 140.45, 35.716666666666669 ], [ 140.45, 35.725 ], [ 140.4375, 35.725 ], [ 140.4375, 35.716666666666661 ], [ 140.45, 35.716666666666669 ] ] ] } },
{ "type": "Feature", "properties": { "mesh": "53404366", "n_rl_records": 1, "n_rl_species": 1, "score_species_weighted": 3, "n_cr_en_species": 1, "effort_records": 37, "low_effort": false, "rl_record_share": 0.027027027027027029 }, "geometry": { "type": "Polygon", "coordinates": [ [ [ 140.4625, 35.716666666666661 ], [ 140.4625, 35.725 ], [ 140.45, 35.725 ], [ 140.45, 35.716666666666669 ], [ 140.4625, 35.716666666666661 ] ] ] } },
{ "type": "Feature", "properties": { "mesh": "53404367", "n_rl_records": 12, "n_rl_species": 5, "score_species_weighted": 8, "n_cr_en_species": 1, "effort_records": 99, "low_effort": false, "rl_record_share": 0.12121212121212122 }, "geometry": { "type": "Polygon", "coordinates": [ [ [ 140.475, 35.716666666666661 ], [ 140.475, 35.725 ], [ 140.4625, 35.725 ], [ 140.4625, 35.716666666666661 ], [ 140.475, 35.716666666666661 ] ] ] } },
{ "type": "Feature", "properties": { "mesh": "53404368", "n_rl_records": 5, "n_rl_species": 2, "score_species_weighted": 5, "n_cr_en_species": 1, "effort_records": 91, "low_effort": false, "rl_record_share": 0.054945054945054944 }, "geometry": { "type": "Polygon", "coordinates": [ [ [ 140.4875, 35.716666666666669 ], [ 140.4875, 35.725 ], [ 140.475, 35.725 ], [ 140.475, 35.716666666666661 ], [ 140.4875, 35.716666666666669 ] ] ] } },
{ "type": "Feature", "properties": { "mesh": "53404369", "n_rl_records": 1, "n_rl_species": 1, "score_species_weighted": 2, "n_cr_en_species": 0, "effort_records": 20, "low_effort": false, "rl_record_share": 0.05 }, "geometry": { "type": "Polygon", "coordinates": [ [ [ 140.5, 35.716666666666661 ], [ 140.5, 35.725 ], [ 140.4875, 35.725 ], [ 140.4875, 35.716666666666669 ], [ 140.5, 35.716666666666661 ] ] ] } },
{ "type": "Feature", "properties": { "mesh": "53404371", "n_rl_records": 3, "n_rl_species": 3, "score_species_weighted": 10, "n_cr_en_species": 3, "effort_records": 95, "low_effort": false, "rl_record_share": 0.031578947368421054 }, "geometry": { "type": "Polygon", "coordinates": [ [ [ 140.4, 35.725 ], [ 140.4, 35.733333333333334 ], [ 140.3875, 35.733333333333334 ], [ 140.3875, 35.725 ], [ 140.4, 35.725 ] ] ] } },
{ "type": "Feature", "properties": { "mesh": "53404372", "n_rl_records": 3, "n_rl_species": 3, "score_species_weighted": 6, "n_cr_en_species": 1, "effort_records": 83, "low_effort": false, "rl_record_share": 0.03614457831325301 }, "geometry": { "type": "Polygon", "coordinates": [ [ [ 140.4125, 35.725 ], [ 140.4125, 35.733333333333327 ], [ 140.4, 35.733333333333327 ], [ 140.4, 35.725 ], [ 140.4125, 35.725 ] ] ] } },
{ "type": "Feature", "properties": { "mesh": "53404374", "n_rl_records": 2, "n_rl_species": 1, "score_species_weighted": 3, "n_cr_en_species": 1, "effort_records": 107, "low_effort": false, "rl_record_share": 0.018691588785046728 }, "geometry": { "type": "Polygon", "coordinates": [ [ [ 140.4375, 35.725 ], [ 140.4375, 35.733333333333327 ], [ 140.425, 35.733333333333334 ], [ 140.425, 35.725 ], [ 140.4375, 35.725 ] ] ] } },
{ "type": "Feature", "properties": { "mesh": "53404375", "n_rl_records": 2, "n_rl_species": 1, "score_species_weighted": 2, "n_cr_en_species": 0, "effort_records": 120, "low_effort": false, "rl_record_share": 0.016666666666666666 }, "geometry": { "type": "Polygon", "coordinates": [ [ [ 140.45, 35.725 ], [ 140.45, 35.733333333333334 ], [ 140.4375, 35.733333333333327 ], [ 140.4375, 35.725 ], [ 140.45, 35.725 ] ] ] } },
{ "type": "Feature", "properties": { "mesh": "53404376", "n_rl_records": 6, "n_rl_species": 1, "score_species_weighted": 3, "n_cr_en_species": 1, "effort_records": 45, "low_effort": false, "rl_record_share": 0.13333333333333333 }, "geometry": { "type": "Polygon", "coordinates": [ [ [ 140.4625, 35.725 ], [ 140.4625, 35.733333333333334 ], [ 140.45, 35.733333333333334 ], [ 140.45, 35.725 ], [ 140.4625, 35.725 ] ] ] } },
{ "type": "Feature", "properties": { "mesh": "53404377", "n_rl_records": 9, "n_rl_species": 4, "score_species_weighted": 8, "n_cr_en_species": 1, "effort_records": 193, "low_effort": false, "rl_record_share": 0.046632124352331605 }, "geometry": { "type": "Polygon", "coordinates": [ [ [ 140.475, 35.725 ], [ 140.475, 35.733333333333327 ], [ 140.4625, 35.733333333333334 ], [ 140.4625, 35.725 ], [ 140.475, 35.725 ] ] ] } },
{ "type": "Feature", "properties": { "mesh": "53404378", "n_rl_records": 4, "n_rl_species": 2, "score_species_weighted": 6, "n_cr_en_species": 1, "effort_records": 106, "low_effort": false, "rl_record_share": 0.037735849056603772 }, "geometry": { "type": "Polygon", "coordinates": [ [ [ 140.4875, 35.725 ], [ 140.4875, 35.733333333333327 ], [ 140.475, 35.733333333333327 ], [ 140.475, 35.725 ], [ 140.4875, 35.725 ] ] ] } },
{ "type": "Feature", "properties": { "mesh": "53404382", "n_rl_records": 1, "n_rl_species": 1, "score_species_weighted": 3, "n_cr_en_species": 1, "effort_records": 108, "low_effort": false, "rl_record_share": 0.0092592592592592587 }, "geometry": { "type": "Polygon", "coordinates": [ [ [ 140.4125, 35.733333333333327 ], [ 140.4125, 35.741666666666653 ], [ 140.4, 35.741666666666667 ], [ 140.4, 35.733333333333327 ], [ 140.4125, 35.733333333333327 ] ] ] } },
{ "type": "Feature", "properties": { "mesh": "53404383", "n_rl_records": 3, "n_rl_species": 3, "score_species_weighted": 9, "n_cr_en_species": 2, "effort_records": 98, "low_effort": false, "rl_record_share": 0.030612244897959183 }, "geometry": { "type": "Polygon", "coordinates": [ [ [ 140.425, 35.733333333333334 ], [ 140.425, 35.74166666666666 ], [ 140.4125, 35.741666666666653 ], [ 140.4125, 35.733333333333327 ], [ 140.425, 35.733333333333334 ] ] ] } },
{ "type": "Feature", "properties": { "mesh": "53404384", "n_rl_records": 8, "n_rl_species": 1, "score_species_weighted": 2, "n_cr_en_species": 0, "effort_records": 58, "low_effort": false, "rl_record_share": 0.13793103448275862 }, "geometry": { "type": "Polygon", "coordinates": [ [ [ 140.4375, 35.733333333333327 ], [ 140.4375, 35.741666666666667 ], [ 140.425, 35.74166666666666 ], [ 140.425, 35.733333333333334 ], [ 140.4375, 35.733333333333327 ] ] ] } },
{ "type": "Feature", "properties": { "mesh": "53404390", "n_rl_records": 1, "n_rl_species": 1, "score_species_weighted": 4, "n_cr_en_species": 1, "effort_records": 30, "low_effort": false, "rl_record_share": 0.033333333333333333 }, "geometry": { "type": "Polygon", "coordinates": [ [ [ 140.3875, 35.741666666666667 ], [ 140.3875, 35.75 ], [ 140.375, 35.75 ], [ 140.375, 35.741666666666667 ], [ 140.3875, 35.741666666666667 ] ] ] } },
{ "type": "Feature", "properties": { "mesh": "53404392", "n_rl_records": 2, "n_rl_species": 2, "score_species_weighted": 3, "n_cr_en_species": 0, "effort_records": 150, "low_effort": false, "rl_record_share": 0.013333333333333334 }, "geometry": { "type": "Polygon", "coordinates": [ [ [ 140.4125, 35.741666666666653 ], [ 140.4125, 35.75 ], [ 140.4, 35.75 ], [ 140.4, 35.741666666666667 ], [ 140.4125, 35.741666666666653 ] ] ] } },
{ "type": "Feature", "properties": { "mesh": "53404393", "n_rl_records": 1, "n_rl_species": 1, "score_species_weighted": 2, "n_cr_en_species": 0, "effort_records": 122, "low_effort": false, "rl_record_share": 0.0081967213114754103 }, "geometry": { "type": "Polygon", "coordinates": [ [ [ 140.425, 35.74166666666666 ], [ 140.425, 35.75 ], [ 140.4125, 35.75 ], [ 140.4125, 35.741666666666653 ], [ 140.425, 35.74166666666666 ] ] ] } },
{ "type": "Feature", "properties": { "mesh": "53404394", "n_rl_records": 8, "n_rl_species": 5, "score_species_weighted": 15, "n_cr_en_species": 3, "effort_records": 98, "low_effort": false, "rl_record_share": 0.081632653061224483 }, "geometry": { "type": "Polygon", "coordinates": [ [ [ 140.4375, 35.741666666666667 ], [ 140.4375, 35.75 ], [ 140.425, 35.75 ], [ 140.425, 35.74166666666666 ], [ 140.4375, 35.741666666666667 ] ] ] } },
{ "type": "Feature", "properties": { "mesh": "53404400", "n_rl_records": 10, "n_rl_species": 5, "score_species_weighted": 10, "n_cr_en_species": 1, "effort_records": 85, "low_effort": false, "rl_record_share": 0.11764705882352941 }, "geometry": { "type": "Polygon", "coordinates": [ [ [ 140.5125, 35.666666666666664 ], [ 140.5125, 35.675 ], [ 140.5, 35.675 ], [ 140.5, 35.666666666666664 ], [ 140.5125, 35.666666666666664 ] ] ] } },
{ "type": "Feature", "properties": { "mesh": "53404401", "n_rl_records": 13, "n_rl_species": 6, "score_species_weighted": 19, "n_cr_en_species": 4, "effort_records": 86, "low_effort": false, "rl_record_share": 0.15116279069767441 }, "geometry": { "type": "Polygon", "coordinates": [ [ [ 140.525, 35.666666666666671 ], [ 140.525, 35.675 ], [ 140.5125, 35.675 ], [ 140.5125, 35.666666666666664 ], [ 140.525, 35.666666666666671 ] ] ] } },
{ "type": "Feature", "properties": { "mesh": "53404439", "n_rl_records": 1, "n_rl_species": 1, "score_species_weighted": 3, "n_cr_en_species": 1, "effort_records": 8, "low_effort": true, "rl_record_share": 0.125 }, "geometry": { "type": "Polygon", "coordinates": [ [ [ 140.625, 35.691666666666663 ], [ 140.625, 35.7 ], [ 140.6125, 35.7 ], [ 140.6125, 35.691666666666656 ], [ 140.625, 35.691666666666663 ] ] ] } },
{ "type": "Feature", "properties": { "mesh": "53404451", "n_rl_records": 4, "n_rl_species": 1, "score_species_weighted": 2, "n_cr_en_species": 0, "effort_records": 40, "low_effort": false, "rl_record_share": 0.1 }, "geometry": { "type": "Polygon", "coordinates": [ [ [ 140.525, 35.708333333333336 ], [ 140.525, 35.716666666666669 ], [ 140.5125, 35.716666666666669 ], [ 140.5125, 35.708333333333336 ], [ 140.525, 35.708333333333336 ] ] ] } },
{ "type": "Feature", "properties": { "mesh": "53404481", "n_rl_records": 5, "n_rl_species": 1, "score_species_weighted": 2, "n_cr_en_species": 0, "effort_records": 46, "low_effort": false, "rl_record_share": 0.10869565217391304 }, "geometry": { "type": "Polygon", "coordinates": [ [ [ 140.525, 35.733333333333334 ], [ 140.525, 35.74166666666666 ], [ 140.5125, 35.74166666666666 ], [ 140.5125, 35.733333333333334 ], [ 140.525, 35.733333333333334 ] ] ] } },
{ "type": "Feature", "properties": { "mesh": "53404486", "n_rl_records": 1, "n_rl_species": 1, "score_species_weighted": 2, "n_cr_en_species": 0, "effort_records": 5, "low_effort": true, "rl_record_share": 0.2 }, "geometry": { "type": "Polygon", "coordinates": [ [ [ 140.5875, 35.733333333333334 ], [ 140.5875, 35.74166666666666 ], [ 140.575, 35.741666666666667 ], [ 140.575, 35.733333333333334 ], [ 140.5875, 35.733333333333334 ] ] ] } },
{ "type": "Feature", "properties": { "mesh": "53404493", "n_rl_records": 11, "n_rl_species": 1, "score_species_weighted": 2, "n_cr_en_species": 0, "effort_records": 24, "low_effort": false, "rl_record_share": 0.45833333333333331 }, "geometry": { "type": "Polygon", "coordinates": [ [ [ 140.55, 35.741666666666667 ], [ 140.55, 35.75 ], [ 140.5375, 35.75 ], [ 140.5375, 35.741666666666667 ], [ 140.55, 35.741666666666667 ] ] ] } },
{ "type": "Feature", "properties": { "mesh": "53404497", "n_rl_records": 1, "n_rl_species": 1, "score_species_weighted": 2, "n_cr_en_species": 0, "effort_records": 1, "low_effort": true, "rl_record_share": 1.0 }, "geometry": { "type": "Polygon", "coordinates": [ [ [ 140.6, 35.741666666666667 ], [ 140.6, 35.75 ], [ 140.5875, 35.75 ], [ 140.5875, 35.74166666666666 ], [ 140.6, 35.741666666666667 ] ] ] } },
{ "type": "Feature", "properties": { "mesh": "53404521", "n_rl_records": 2, "n_rl_species": 2, "score_species_weighted": 3, "n_cr_en_species": 0, "effort_records": 6, "low_effort": true, "rl_record_share": 0.33333333333333331 }, "geometry": { "type": "Polygon", "coordinates": [ [ [ 140.65, 35.68333333333333 ], [ 140.65, 35.69166666666667 ], [ 140.6375, 35.69166666666667 ], [ 140.6375, 35.683333333333323 ], [ 140.65, 35.68333333333333 ] ] ] } },
{ "type": "Feature", "properties": { "mesh": "53404522", "n_rl_records": 6, "n_rl_species": 4, "score_species_weighted": 11, "n_cr_en_species": 2, "effort_records": 109, "low_effort": false, "rl_record_share": 0.055045871559633031 }, "geometry": { "type": "Polygon", "coordinates": [ [ [ 140.6625, 35.68333333333333 ], [ 140.6625, 35.691666666666663 ], [ 140.65, 35.69166666666667 ], [ 140.65, 35.68333333333333 ], [ 140.6625, 35.68333333333333 ] ] ] } },
{ "type": "Feature", "properties": { "mesh": "53404533", "n_rl_records": 5, "n_rl_species": 3, "score_species_weighted": 6, "n_cr_en_species": 1, "effort_records": 45, "low_effort": false, "rl_record_share": 0.1111111111111111 }, "geometry": { "type": "Polygon", "coordinates": [ [ [ 140.675, 35.691666666666656 ], [ 140.675, 35.7 ], [ 140.6625, 35.7 ], [ 140.6625, 35.691666666666663 ], [ 140.675, 35.691666666666656 ] ] ] } },
{ "type": "Feature", "properties": { "mesh": "53404534", "n_rl_records": 1, "n_rl_species": 1, "score_species_weighted": 2, "n_cr_en_species": 0, "effort_records": 51, "low_effort": false, "rl_record_share": 0.019607843137254902 }, "geometry": { "type": "Polygon", "coordinates": [ [ [ 140.6875, 35.691666666666656 ], [ 140.6875, 35.7 ], [ 140.675, 35.7 ], [ 140.675, 35.691666666666656 ], [ 140.6875, 35.691666666666656 ] ] ] } },
{ "type": "Feature", "properties": { "mesh": "53404538", "n_rl_records": 3, "n_rl_species": 2, "score_species_weighted": 3, "n_cr_en_species": 0, "effort_records": 62, "low_effort": false, "rl_record_share": 0.048387096774193547 }, "geometry": { "type": "Polygon", "coordinates": [ [ [ 140.7375, 35.691666666666663 ], [ 140.7375, 35.7 ], [ 140.725, 35.7 ], [ 140.725, 35.691666666666663 ], [ 140.7375, 35.691666666666663 ] ] ] } },
{ "type": "Feature", "properties": { "mesh": "53404546", "n_rl_records": 48, "n_rl_species": 7, "score_species_weighted": 16, "n_cr_en_species": 2, "effort_records": 423, "low_effort": false, "rl_record_share": 0.11347517730496454 }, "geometry": { "type": "Polygon", "coordinates": [ [ [ 140.7125, 35.7 ], [ 140.7125, 35.708333333333336 ], [ 140.7, 35.708333333333336 ], [ 140.7, 35.7 ], [ 140.7125, 35.7 ] ] ] } },
{ "type": "Feature", "properties": { "mesh": "53404548", "n_rl_records": 1, "n_rl_species": 1, "score_species_weighted": 2, "n_cr_en_species": 0, "effort_records": 12, "low_effort": true, "rl_record_share": 0.083333333333333329 }, "geometry": { "type": "Polygon", "coordinates": [ [ [ 140.7375, 35.7 ], [ 140.7375, 35.708333333333336 ], [ 140.725, 35.708333333333329 ], [ 140.725, 35.7 ], [ 140.7375, 35.7 ] ] ] } },
{ "type": "Feature", "properties": { "mesh": "53404551", "n_rl_records": 2, "n_rl_species": 2, "score_species_weighted": 4, "n_cr_en_species": 0, "effort_records": 111, "low_effort": false, "rl_record_share": 0.018018018018018018 }, "geometry": { "type": "Polygon", "coordinates": [ [ [ 140.65, 35.708333333333336 ], [ 140.65, 35.716666666666669 ], [ 140.6375, 35.716666666666661 ], [ 140.6375, 35.708333333333336 ], [ 140.65, 35.708333333333336 ] ] ] } },
{ "type": "Feature", "properties": { "mesh": "53404558", "n_rl_records": 6, "n_rl_species": 3, "score_species_weighted": 3, "n_cr_en_species": 0, "effort_records": 56, "low_effort": false, "rl_record_share": 0.10714285714285714 }, "geometry": { "type": "Polygon", "coordinates": [ [ [ 140.7375, 35.708333333333336 ], [ 140.7375, 35.716666666666661 ], [ 140.725, 35.716666666666669 ], [ 140.725, 35.708333333333329 ], [ 140.7375, 35.708333333333336 ] ] ] } },
{ "type": "Feature", "properties": { "mesh": "53404559", "n_rl_records": 3, "n_rl_species": 2, "score_species_weighted": 3, "n_cr_en_species": 0, "effort_records": 9, "low_effort": true, "rl_record_share": 0.33333333333333331 }, "geometry": { "type": "Polygon", "coordinates": [ [ [ 140.75, 35.708333333333336 ], [ 140.75, 35.716666666666661 ], [ 140.7375, 35.716666666666661 ], [ 140.7375, 35.708333333333336 ], [ 140.75, 35.708333333333336 ] ] ] } },
{ "type": "Feature", "properties": { "mesh": "53404564", "n_rl_records": 1, "n_rl_species": 1, "score_species_weighted": 3, "n_cr_en_species": 1, "effort_records": 27, "low_effort": false, "rl_record_share": 0.037037037037037035 }, "geometry": { "type": "Polygon", "coordinates": [ [ [ 140.6875, 35.716666666666669 ], [ 140.6875, 35.725 ], [ 140.675, 35.725 ], [ 140.675, 35.716666666666669 ], [ 140.6875, 35.716666666666669 ] ] ] } },
{ "type": "Feature", "properties": { "mesh": "53404565", "n_rl_records": 4, "n_rl_species": 1, "score_species_weighted": 2, "n_cr_en_species": 0, "effort_records": 116, "low_effort": false, "rl_record_share": 0.034482758620689655 }, "geometry": { "type": "Polygon", "coordinates": [ [ [ 140.7, 35.716666666666661 ], [ 140.7, 35.725 ], [ 140.6875, 35.725 ], [ 140.6875, 35.716666666666669 ], [ 140.7, 35.716666666666661 ] ] ] } },
{ "type": "Feature", "properties": { "mesh": "53404566", "n_rl_records": 1, "n_rl_species": 1, "score_species_weighted": 1, "n_cr_en_species": 0, "effort_records": 42, "low_effort": false, "rl_record_share": 0.023809523809523808 }, "geometry": { "type": "Polygon", "coordinates": [ [ [ 140.7125, 35.716666666666669 ], [ 140.7125, 35.725 ], [ 140.7, 35.725 ], [ 140.7, 35.716666666666661 ], [ 140.7125, 35.716666666666669 ] ] ] } },
{ "type": "Feature", "properties": { "mesh": "53404567", "n_rl_records": 3, "n_rl_species": 1, "score_species_weighted": 1, "n_cr_en_species": 0, "effort_records": 23, "low_effort": false, "rl_record_share": 0.13043478260869565 }, "geometry": { "type": "Polygon", "coordinates": [ [ [ 140.725, 35.716666666666669 ], [ 140.725, 35.725 ], [ 140.7125, 35.725 ], [ 140.7125, 35.716666666666669 ], [ 140.725, 35.716666666666669 ] ] ] } },
{ "type": "Feature", "properties": { "mesh": "53404572", "n_rl_records": 1, "n_rl_species": 1, "score_species_weighted": 2, "n_cr_en_species": 0, "effort_records": 23, "low_effort": false, "rl_record_share": 0.043478260869565216 }, "geometry": { "type": "Polygon", "coordinates": [ [ [ 140.6625, 35.725 ], [ 140.6625, 35.733333333333334 ], [ 140.65, 35.733333333333334 ], [ 140.65, 35.725 ], [ 140.6625, 35.725 ] ] ] } },
{ "type": "Feature", "properties": { "mesh": "53404587", "n_rl_records": 2, "n_rl_species": 1, "score_species_weighted": 2, "n_cr_en_species": 0, "effort_records": 5, "low_effort": true, "rl_record_share": 0.4 }, "geometry": { "type": "Polygon", "coordinates": [ [ [ 140.725, 35.733333333333327 ], [ 140.725, 35.74166666666666 ], [ 140.7125, 35.741666666666674 ], [ 140.7125, 35.733333333333327 ], [ 140.725, 35.733333333333327 ] ] ] } },
{ "type": "Feature", "properties": { "mesh": "53404588", "n_rl_records": 1, "n_rl_species": 1, "score_species_weighted": 2, "n_cr_en_species": 0, "effort_records": 1, "low_effort": true, "rl_record_share": 1.0 }, "geometry": { "type": "Polygon", "coordinates": [ [ [ 140.7375, 35.733333333333334 ], [ 140.7375, 35.741666666666667 ], [ 140.725, 35.74166666666666 ], [ 140.725, 35.733333333333327 ], [ 140.7375, 35.733333333333334 ] ] ] } },
{ "type": "Feature", "properties": { "mesh": "53404589", "n_rl_records": 2, "n_rl_species": 2, "score_species_weighted": 2, "n_cr_en_species": 0, "effort_records": 35, "low_effort": false, "rl_record_share": 0.057142857142857141 }, "geometry": { "type": "Polygon", "coordinates": [ [ [ 140.75, 35.733333333333334 ], [ 140.75, 35.741666666666667 ], [ 140.7375, 35.741666666666667 ], [ 140.7375, 35.733333333333334 ], [ 140.75, 35.733333333333334 ] ] ] } },
{ "type": "Feature", "properties": { "mesh": "53404597", "n_rl_records": 6, "n_rl_species": 3, "score_species_weighted": 6, "n_cr_en_species": 1, "effort_records": 85, "low_effort": false, "rl_record_share": 0.070588235294117646 }, "geometry": { "type": "Polygon", "coordinates": [ [ [ 140.725, 35.74166666666666 ], [ 140.725, 35.75 ], [ 140.7125, 35.75 ], [ 140.7125, 35.741666666666674 ], [ 140.725, 35.74166666666666 ] ] ] } },
{ "type": "Feature", "properties": { "mesh": "53404598", "n_rl_records": 1, "n_rl_species": 1, "score_species_weighted": 2, "n_cr_en_species": 0, "effort_records": 41, "low_effort": false, "rl_record_share": 0.024390243902439025 }, "geometry": { "type": "Polygon", "coordinates": [ [ [ 140.7375, 35.741666666666667 ], [ 140.7375, 35.75 ], [ 140.725, 35.75 ], [ 140.725, 35.74166666666666 ], [ 140.7375, 35.741666666666667 ] ] ] } },
{ "type": "Feature", "properties": { "mesh": "53404638", "n_rl_records": 3, "n_rl_species": 3, "score_species_weighted": 5, "n_cr_en_species": 0, "effort_records": 411, "low_effort": false, "rl_record_share": 0.0072992700729927005 }, "geometry": { "type": "Polygon", "coordinates": [ [ [ 140.8625, 35.691666666666663 ], [ 140.8625, 35.7 ], [ 140.85, 35.7 ], [ 140.85, 35.691666666666663 ], [ 140.8625, 35.691666666666663 ] ] ] } },
{ "type": "Feature", "properties": { "mesh": "53404639", "n_rl_records": 22, "n_rl_species": 5, "score_species_weighted": 12, "n_cr_en_species": 2, "effort_records": 262, "low_effort": false, "rl_record_share": 0.083969465648854963 }, "geometry": { "type": "Polygon", "coordinates": [ [ [ 140.875, 35.691666666666663 ], [ 140.875, 35.7 ], [ 140.8625, 35.7 ], [ 140.8625, 35.691666666666663 ], [ 140.875, 35.691666666666663 ] ] ] } },
{ "type": "Feature", "properties": { "mesh": "53404641", "n_rl_records": 1, "n_rl_species": 1, "score_species_weighted": 2, "n_cr_en_species": 0, "effort_records": 9, "low_effort": true, "rl_record_share": 0.1111111111111111 }, "geometry": { "type": "Polygon", "coordinates": [ [ [ 140.775, 35.7 ], [ 140.775, 35.708333333333336 ], [ 140.7625, 35.708333333333343 ], [ 140.7625, 35.7 ], [ 140.775, 35.7 ] ] ] } },
{ "type": "Feature", "properties": { "mesh": "53404647", "n_rl_records": 8, "n_rl_species": 4, "score_species_weighted": 9, "n_cr_en_species": 1, "effort_records": 247, "low_effort": false, "rl_record_share": 0.032388663967611336 }, "geometry": { "type": "Polygon", "coordinates": [ [ [ 140.85, 35.7 ], [ 140.85, 35.708333333333329 ], [ 140.8375, 35.708333333333336 ], [ 140.8375, 35.7 ], [ 140.85, 35.7 ] ] ] } },
{ "type": "Feature", "properties": { "mesh": "53404648", "n_rl_records": 11, "n_rl_species": 3, "score_species_weighted": 6, "n_cr_en_species": 1, "effort_records": 162, "low_effort": false, "rl_record_share": 0.067901234567901231 }, "geometry": { "type": "Polygon", "coordinates": [ [ [ 140.8625, 35.7 ], [ 140.8625, 35.708333333333336 ], [ 140.85, 35.708333333333329 ], [ 140.85, 35.7 ], [ 140.8625, 35.7 ] ] ] } },
{ "type": "Feature", "properties": { "mesh": "53404649", "n_rl_records": 20, "n_rl_species": 4, "score_species_weighted": 9, "n_cr_en_species": 2, "effort_records": 326, "low_effort": false, "rl_record_share": 0.061349693251533742 }, "geometry": { "type": "Polygon", "coordinates": [ [ [ 140.875, 35.7 ], [ 140.875, 35.708333333333336 ], [ 140.8625, 35.708333333333336 ], [ 140.8625, 35.7 ], [ 140.875, 35.7 ] ] ] } },
{ "type": "Feature", "properties": { "mesh": "53404657", "n_rl_records": 5, "n_rl_species": 1, "score_species_weighted": 1, "n_cr_en_species": 0, "effort_records": 38, "low_effort": false, "rl_record_share": 0.13157894736842105 }, "geometry": { "type": "Polygon", "coordinates": [ [ [ 140.85, 35.708333333333329 ], [ 140.85, 35.716666666666661 ], [ 140.8375, 35.716666666666661 ], [ 140.8375, 35.708333333333336 ], [ 140.85, 35.708333333333329 ] ] ] } },
{ "type": "Feature", "properties": { "mesh": "53404658", "n_rl_records": 6, "n_rl_species": 6, "score_species_weighted": 14, "n_cr_en_species": 3, "effort_records": 108, "low_effort": false, "rl_record_share": 0.055555555555555552 }, "geometry": { "type": "Polygon", "coordinates": [ [ [ 140.8625, 35.708333333333336 ], [ 140.8625, 35.716666666666669 ], [ 140.85, 35.716666666666661 ], [ 140.85, 35.708333333333329 ], [ 140.8625, 35.708333333333336 ] ] ] } },
{ "type": "Feature", "properties": { "mesh": "53404659", "n_rl_records": 37, "n_rl_species": 8, "score_species_weighted": 19, "n_cr_en_species": 4, "effort_records": 574, "low_effort": false, "rl_record_share": 0.064459930313588848 }, "geometry": { "type": "Polygon", "coordinates": [ [ [ 140.875, 35.708333333333336 ], [ 140.875, 35.716666666666669 ], [ 140.8625, 35.716666666666669 ], [ 140.8625, 35.708333333333336 ], [ 140.875, 35.708333333333336 ] ] ] } },
{ "type": "Feature", "properties": { "mesh": "53404662", "n_rl_records": 2, "n_rl_species": 2, "score_species_weighted": 6, "n_cr_en_species": 2, "effort_records": 25, "low_effort": false, "rl_record_share": 0.08 }, "geometry": { "type": "Polygon", "coordinates": [ [ [ 140.7875, 35.716666666666669 ], [ 140.7875, 35.725 ], [ 140.775, 35.725 ], [ 140.775, 35.716666666666669 ], [ 140.7875, 35.716666666666669 ] ] ] } },
{ "type": "Feature", "properties": { "mesh": "53404663", "n_rl_records": 4, "n_rl_species": 3, "score_species_weighted": 5, "n_cr_en_species": 1, "effort_records": 69, "low_effort": false, "rl_record_share": 0.057971014492753624 }, "geometry": { "type": "Polygon", "coordinates": [ [ [ 140.8, 35.716666666666661 ], [ 140.8, 35.725 ], [ 140.7875, 35.725 ], [ 140.7875, 35.716666666666669 ], [ 140.8, 35.716666666666661 ] ] ] } },
{ "type": "Feature", "properties": { "mesh": "53404668", "n_rl_records": 2, "n_rl_species": 2, "score_species_weighted": 5, "n_cr_en_species": 1, "effort_records": 19, "low_effort": true, "rl_record_share": 0.10526315789473684 }, "geometry": { "type": "Polygon", "coordinates": [ [ [ 140.8625, 35.716666666666669 ], [ 140.8625, 35.725 ], [ 140.85, 35.725 ], [ 140.85, 35.716666666666661 ], [ 140.8625, 35.716666666666669 ] ] ] } },
{ "type": "Feature", "properties": { "mesh": "53404669", "n_rl_records": 1, "n_rl_species": 1, "score_species_weighted": 2, "n_cr_en_species": 0, "effort_records": 96, "low_effort": false, "rl_record_share": 0.010416666666666666 }, "geometry": { "type": "Polygon", "coordinates": [ [ [ 140.875, 35.716666666666669 ], [ 140.875, 35.725 ], [ 140.8625, 35.725 ], [ 140.8625, 35.716666666666669 ], [ 140.875, 35.716666666666669 ] ] ] } },
{ "type": "Feature", "properties": { "mesh": "53404671", "n_rl_records": 1, "n_rl_species": 1, "score_species_weighted": 2, "n_cr_en_species": 0, "effort_records": 2, "low_effort": true, "rl_record_share": 0.5 }, "geometry": { "type": "Polygon", "coordinates": [ [ [ 140.775, 35.725 ], [ 140.775, 35.733333333333334 ], [ 140.7625, 35.733333333333327 ], [ 140.7625, 35.725 ], [ 140.775, 35.725 ] ] ] } },
{ "type": "Feature", "properties": { "mesh": "53404674", "n_rl_records": 3, "n_rl_species": 3, "score_species_weighted": 6, "n_cr_en_species": 1, "effort_records": 189, "low_effort": false, "rl_record_share": 0.015873015873015872 }, "geometry": { "type": "Polygon", "coordinates": [ [ [ 140.8125, 35.725 ], [ 140.8125, 35.733333333333327 ], [ 140.8, 35.733333333333334 ], [ 140.8, 35.725 ], [ 140.8125, 35.725 ] ] ] } },
{ "type": "Feature", "properties": { "mesh": "53404675", "n_rl_records": 1, "n_rl_species": 1, "score_species_weighted": 1, "n_cr_en_species": 0, "effort_records": 2, "low_effort": true, "rl_record_share": 0.5 }, "geometry": { "type": "Polygon", "coordinates": [ [ [ 140.825, 35.725 ], [ 140.825, 35.733333333333341 ], [ 140.8125, 35.733333333333327 ], [ 140.8125, 35.725 ], [ 140.825, 35.725 ] ] ] } },
{ "type": "Feature", "properties": { "mesh": "53404676", "n_rl_records": 13, "n_rl_species": 5, "score_species_weighted": 12, "n_cr_en_species": 2, "effort_records": 134, "low_effort": false, "rl_record_share": 0.097014925373134331 }, "geometry": { "type": "Polygon", "coordinates": [ [ [ 140.8375, 35.725 ], [ 140.8375, 35.733333333333327 ], [ 140.825, 35.733333333333341 ], [ 140.825, 35.725 ], [ 140.8375, 35.725 ] ] ] } },
{ "type": "Feature", "properties": { "mesh": "53404684", "n_rl_records": 3, "n_rl_species": 2, "score_species_weighted": 3, "n_cr_en_species": 0, "effort_records": 72, "low_effort": false, "rl_record_share": 0.041666666666666664 }, "geometry": { "type": "Polygon", "coordinates": [ [ [ 140.8125, 35.733333333333327 ], [ 140.8125, 35.741666666666674 ], [ 140.8, 35.741666666666667 ], [ 140.8, 35.733333333333334 ], [ 140.8125, 35.733333333333327 ] ] ] } },
{ "type": "Feature", "properties": { "mesh": "53404686", "n_rl_records": 78, "n_rl_species": 7, "score_species_weighted": 15, "n_cr_en_species": 2, "effort_records": 605, "low_effort": false, "rl_record_share": 0.12892561983471074 }, "geometry": { "type": "Polygon", "coordinates": [ [ [ 140.8375, 35.733333333333327 ], [ 140.8375, 35.74166666666666 ], [ 140.825, 35.741666666666667 ], [ 140.825, 35.733333333333341 ], [ 140.8375, 35.733333333333327 ] ] ] } },
{ "type": "Feature", "properties": { "mesh": "53404690", "n_rl_records": 1, "n_rl_species": 1, "score_species_weighted": 1, "n_cr_en_species": 0, "effort_records": 7, "low_effort": true, "rl_record_share": 0.14285714285714285 }, "geometry": { "type": "Polygon", "coordinates": [ [ [ 140.7625, 35.741666666666667 ], [ 140.7625, 35.75 ], [ 140.75, 35.75 ], [ 140.75, 35.741666666666667 ], [ 140.7625, 35.741666666666667 ] ] ] } },
{ "type": "Feature", "properties": { "mesh": "53405002", "n_rl_records": 1, "n_rl_species": 1, "score_species_weighted": 2, "n_cr_en_species": 0, "effort_records": 8, "low_effort": true, "rl_record_share": 0.125 }, "geometry": { "type": "Polygon", "coordinates": [ [ [ 140.0375, 35.75 ], [ 140.0375, 35.758333333333326 ], [ 140.025, 35.758333333333326 ], [ 140.025, 35.75 ], [ 140.0375, 35.75 ] ] ] } },
{ "type": "Feature", "properties": { "mesh": "53405007", "n_rl_records": 1, "n_rl_species": 1, "score_species_weighted": 2, "n_cr_en_species": 0, "effort_records": 13, "low_effort": true, "rl_record_share": 0.076923076923076927 }, "geometry": { "type": "Polygon", "coordinates": [ [ [ 140.1, 35.75 ], [ 140.1, 35.758333333333333 ], [ 140.0875, 35.75833333333334 ], [ 140.0875, 35.75 ], [ 140.1, 35.75 ] ] ] } },
{ "type": "Feature", "properties": { "mesh": "53405008", "n_rl_records": 1, "n_rl_species": 1, "score_species_weighted": 4, "n_cr_en_species": 1, "effort_records": 49, "low_effort": false, "rl_record_share": 0.020408163265306121 }, "geometry": { "type": "Polygon", "coordinates": [ [ [ 140.1125, 35.75 ], [ 140.1125, 35.758333333333333 ], [ 140.1, 35.758333333333333 ], [ 140.1, 35.75 ], [ 140.1125, 35.75 ] ] ] } },
{ "type": "Feature", "properties": { "mesh": "53405010", "n_rl_records": 12, "n_rl_species": 1, "score_species_weighted": 2, "n_cr_en_species": 0, "effort_records": 82, "low_effort": false, "rl_record_share": 0.14634146341463414 }, "geometry": { "type": "Polygon", "coordinates": [ [ [ 140.0125, 35.758333333333333 ], [ 140.0125, 35.766666666666666 ], [ 140.0, 35.766666666666659 ], [ 140.0, 35.758333333333333 ], [ 140.0125, 35.758333333333333 ] ] ] } },
{ "type": "Feature", "properties": { "mesh": "53405014", "n_rl_records": 10, "n_rl_species": 3, "score_species_weighted": 10, "n_cr_en_species": 3, "effort_records": 184, "low_effort": false, "rl_record_share": 0.05434782608695652 }, "geometry": { "type": "Polygon", "coordinates": [ [ [ 140.0625, 35.758333333333333 ], [ 140.0625, 35.766666666666666 ], [ 140.05, 35.766666666666659 ], [ 140.05, 35.758333333333333 ], [ 140.0625, 35.758333333333333 ] ] ] } },
{ "type": "Feature", "properties": { "mesh": "53405018", "n_rl_records": 1, "n_rl_species": 1, "score_species_weighted": 1, "n_cr_en_species": 0, "effort_records": 11, "low_effort": true, "rl_record_share": 0.090909090909090912 }, "geometry": { "type": "Polygon", "coordinates": [ [ [ 140.1125, 35.758333333333333 ], [ 140.1125, 35.766666666666659 ], [ 140.1, 35.766666666666666 ], [ 140.1, 35.758333333333333 ], [ 140.1125, 35.758333333333333 ] ] ] } },
{ "type": "Feature", "properties": { "mesh": "53405034", "n_rl_records": 1, "n_rl_species": 1, "score_species_weighted": 4, "n_cr_en_species": 1, "effort_records": 20, "low_effort": false, "rl_record_share": 0.05 }, "geometry": { "type": "Polygon", "coordinates": [ [ [ 140.0625, 35.775 ], [ 140.0625, 35.783333333333331 ], [ 140.05, 35.783333333333331 ], [ 140.05, 35.775 ], [ 140.0625, 35.775 ] ] ] } },
{ "type": "Feature", "properties": { "mesh": "53405043", "n_rl_records": 7, "n_rl_species": 1, "score_species_weighted": 1, "n_cr_en_species": 0, "effort_records": 65, "low_effort": false, "rl_record_share": 0.1076923076923077 }, "geometry": { "type": "Polygon", "coordinates": [ [ [ 140.05, 35.783333333333331 ], [ 140.05, 35.791666666666657 ], [ 140.0375, 35.791666666666657 ], [ 140.0375, 35.783333333333331 ], [ 140.05, 35.783333333333331 ] ] ] } },
{ "type": "Feature", "properties": { "mesh": "53405044", "n_rl_records": 1, "n_rl_species": 1, "score_species_weighted": 1, "n_cr_en_species": 0, "effort_records": 63, "low_effort": false, "rl_record_share": 0.015873015873015872 }, "geometry": { "type": "Polygon", "coordinates": [ [ [ 140.0625, 35.783333333333331 ], [ 140.0625, 35.791666666666657 ], [ 140.05, 35.791666666666657 ], [ 140.05, 35.783333333333331 ], [ 140.0625, 35.783333333333331 ] ] ] } },
{ "type": "Feature", "properties": { "mesh": "53405057", "n_rl_records": 2, "n_rl_species": 1, "score_species_weighted": 4, "n_cr_en_species": 1, "effort_records": 27, "low_effort": false, "rl_record_share": 0.07407407407407407 }, "geometry": { "type": "Polygon", "coordinates": [ [ [ 140.1, 35.791666666666657 ], [ 140.1, 35.8 ], [ 140.0875, 35.8 ], [ 140.0875, 35.791666666666657 ], [ 140.1, 35.791666666666657 ] ] ] } },
{ "type": "Feature", "properties": { "mesh": "53405059", "n_rl_records": 10, "n_rl_species": 4, "score_species_weighted": 10, "n_cr_en_species": 2, "effort_records": 264, "low_effort": false, "rl_record_share": 0.03787878787878788 }, "geometry": { "type": "Polygon", "coordinates": [ [ [ 140.125, 35.791666666666657 ], [ 140.125, 35.8 ], [ 140.1125, 35.8 ], [ 140.1125, 35.791666666666664 ], [ 140.125, 35.791666666666657 ] ] ] } },
{ "type": "Feature", "properties": { "mesh": "53405065", "n_rl_records": 2, "n_rl_species": 1, "score_species_weighted": 4, "n_cr_en_species": 1, "effort_records": 3, "low_effort": true, "rl_record_share": 0.66666666666666663 }, "geometry": { "type": "Polygon", "coordinates": [ [ [ 140.075, 35.8 ], [ 140.075, 35.808333333333337 ], [ 140.0625, 35.80833333333333 ], [ 140.0625, 35.8 ], [ 140.075, 35.8 ] ] ] } },
{ "type": "Feature", "properties": { "mesh": "53405067", "n_rl_records": 2, "n_rl_species": 2, "score_species_weighted": 5, "n_cr_en_species": 1, "effort_records": 58, "low_effort": false, "rl_record_share": 0.034482758620689655 }, "geometry": { "type": "Polygon", "coordinates": [ [ [ 140.1, 35.8 ], [ 140.1, 35.808333333333323 ], [ 140.0875, 35.80833333333333 ], [ 140.0875, 35.8 ], [ 140.1, 35.8 ] ] ] } },
{ "type": "Feature", "properties": { "mesh": "53405068", "n_rl_records": 2, "n_rl_species": 1, "score_species_weighted": 3, "n_cr_en_species": 1, "effort_records": 37, "low_effort": false, "rl_record_share": 0.054054054054054057 }, "geometry": { "type": "Polygon", "coordinates": [ [ [ 140.1125, 35.8 ], [ 140.1125, 35.80833333333333 ], [ 140.1, 35.808333333333323 ], [ 140.1, 35.8 ], [ 140.1125, 35.8 ] ] ] } },
{ "type": "Feature", "properties": { "mesh": "53405069", "n_rl_records": 2, "n_rl_species": 2, "score_species_weighted": 6, "n_cr_en_species": 1, "effort_records": 66, "low_effort": false, "rl_record_share": 0.030303030303030304 }, "geometry": { "type": "Polygon", "coordinates": [ [ [ 140.125, 35.8 ], [ 140.125, 35.80833333333333 ], [ 140.1125, 35.80833333333333 ], [ 140.1125, 35.8 ], [ 140.125, 35.8 ] ] ] } },
{ "type": "Feature", "properties": { "mesh": "53405075", "n_rl_records": 6, "n_rl_species": 1, "score_species_weighted": 4, "n_cr_en_species": 1, "effort_records": 51, "low_effort": false, "rl_record_share": 0.11764705882352941 }, "geometry": { "type": "Polygon", "coordinates": [ [ [ 140.075, 35.808333333333337 ], [ 140.075, 35.816666666666663 ], [ 140.0625, 35.81666666666667 ], [ 140.0625, 35.80833333333333 ], [ 140.075, 35.808333333333337 ] ] ] } },
{ "type": "Feature", "properties": { "mesh": "53405076", "n_rl_records": 1, "n_rl_species": 1, "score_species_weighted": 4, "n_cr_en_species": 1, "effort_records": 12, "low_effort": true, "rl_record_share": 0.083333333333333329 }, "geometry": { "type": "Polygon", "coordinates": [ [ [ 140.0875, 35.80833333333333 ], [ 140.0875, 35.816666666666663 ], [ 140.075, 35.816666666666663 ], [ 140.075, 35.808333333333337 ], [ 140.0875, 35.80833333333333 ] ] ] } },
{ "type": "Feature", "properties": { "mesh": "53405085", "n_rl_records": 1, "n_rl_species": 1, "score_species_weighted": 1, "n_cr_en_species": 0, "effort_records": 48, "low_effort": false, "rl_record_share": 0.020833333333333332 }, "geometry": { "type": "Polygon", "coordinates": [ [ [ 140.075, 35.816666666666663 ], [ 140.075, 35.825 ], [ 140.0625, 35.825 ], [ 140.0625, 35.81666666666667 ], [ 140.075, 35.816666666666663 ] ] ] } },
{ "type": "Feature", "properties": { "mesh": "53405099", "n_rl_records": 3, "n_rl_species": 3, "score_species_weighted": 9, "n_cr_en_species": 2, "effort_records": 29, "low_effort": false, "rl_record_share": 0.10344827586206896 }, "geometry": { "type": "Polygon", "coordinates": [ [ [ 140.125, 35.825 ], [ 140.125, 35.833333333333336 ], [ 140.1125, 35.833333333333329 ], [ 140.1125, 35.825 ], [ 140.125, 35.825 ] ] ] } },
{ "type": "Feature", "properties": { "mesh": "53405104", "n_rl_records": 3, "n_rl_species": 1, "score_species_weighted": 4, "n_cr_en_species": 1, "effort_records": 46, "low_effort": false, "rl_record_share": 0.065217391304347824 }, "geometry": { "type": "Polygon", "coordinates": [ [ [ 140.1875, 35.75 ], [ 140.1875, 35.758333333333333 ], [ 140.175, 35.758333333333326 ], [ 140.175, 35.75 ], [ 140.1875, 35.75 ] ] ] } },
{ "type": "Feature", "properties": { "mesh": "53405105", "n_rl_records": 7, "n_rl_species": 6, "score_species_weighted": 13, "n_cr_en_species": 2, "effort_records": 140, "low_effort": false, "rl_record_share": 0.05 }, "geometry": { "type": "Polygon", "coordinates": [ [ [ 140.2, 35.75 ], [ 140.2, 35.758333333333333 ], [ 140.1875, 35.758333333333333 ], [ 140.1875, 35.75 ], [ 140.2, 35.75 ] ] ] } },
{ "type": "Feature", "properties": { "mesh": "53405106", "n_rl_records": 2, "n_rl_species": 1, "score_species_weighted": 3, "n_cr_en_species": 1, "effort_records": 179, "low_effort": false, "rl_record_share": 0.0111731843575419 }, "geometry": { "type": "Polygon", "coordinates": [ [ [ 140.2125, 35.75 ], [ 140.2125, 35.758333333333333 ], [ 140.2, 35.758333333333333 ], [ 140.2, 35.75 ], [ 140.2125, 35.75 ] ] ] } },
{ "type": "Feature", "properties": { "mesh": "53405110", "n_rl_records": 1, "n_rl_species": 1, "score_species_weighted": 2, "n_cr_en_species": 0, "effort_records": 20, "low_effort": false, "rl_record_share": 0.05 }, "geometry": { "type": "Polygon", "coordinates": [ [ [ 140.1375, 35.758333333333333 ], [ 140.1375, 35.766666666666666 ], [ 140.125, 35.766666666666659 ], [ 140.125, 35.758333333333333 ], [ 140.1375, 35.758333333333333 ] ] ] } },
{ "type": "Feature", "properties": { "mesh": "53405118", "n_rl_records": 1, "n_rl_species": 1, "score_species_weighted": 3, "n_cr_en_species": 1, "effort_records": 93, "low_effort": false, "rl_record_share": 0.010752688172043012 }, "geometry": { "type": "Polygon", "coordinates": [ [ [ 140.2375, 35.758333333333333 ], [ 140.2375, 35.766666666666659 ], [ 140.225, 35.766666666666666 ], [ 140.225, 35.758333333333333 ], [ 140.2375, 35.758333333333333 ] ] ] } },
{ "type": "Feature", "properties": { "mesh": "53405124", "n_rl_records": 1, "n_rl_species": 1, "score_species_weighted": 2, "n_cr_en_species": 0, "effort_records": 56, "low_effort": false, "rl_record_share": 0.017857142857142856 }, "geometry": { "type": "Polygon", "coordinates": [ [ [ 140.1875, 35.766666666666659 ], [ 140.1875, 35.775 ], [ 140.175, 35.775 ], [ 140.175, 35.766666666666666 ], [ 140.1875, 35.766666666666659 ] ] ] } },
{ "type": "Feature", "properties": { "mesh": "53405126", "n_rl_records": 1, "n_rl_species": 1, "score_species_weighted": 2, "n_cr_en_species": 0, "effort_records": 43, "low_effort": false, "rl_record_share": 0.023255813953488372 }, "geometry": { "type": "Polygon", "coordinates": [ [ [ 140.2125, 35.766666666666659 ], [ 140.2125, 35.775 ], [ 140.2, 35.775 ], [ 140.2, 35.766666666666666 ], [ 140.2125, 35.766666666666659 ] ] ] } },
{ "type": "Feature", "properties": { "mesh": "53405136", "n_rl_records": 1, "n_rl_species": 1, "score_species_weighted": 1, "n_cr_en_species": 0, "effort_records": 9, "low_effort": true, "rl_record_share": 0.1111111111111111 }, "geometry": { "type": "Polygon", "coordinates": [ [ [ 140.2125, 35.775 ], [ 140.2125, 35.783333333333324 ], [ 140.2, 35.783333333333339 ], [ 140.2, 35.775 ], [ 140.2125, 35.775 ] ] ] } },
{ "type": "Feature", "properties": { "mesh": "53405137", "n_rl_records": 1, "n_rl_species": 1, "score_species_weighted": 3, "n_cr_en_species": 1, "effort_records": 12, "low_effort": true, "rl_record_share": 0.083333333333333329 }, "geometry": { "type": "Polygon", "coordinates": [ [ [ 140.225, 35.775 ], [ 140.225, 35.783333333333331 ], [ 140.2125, 35.783333333333324 ], [ 140.2125, 35.775 ], [ 140.225, 35.775 ] ] ] } },
{ "type": "Feature", "properties": { "mesh": "53405139", "n_rl_records": 3, "n_rl_species": 2, "score_species_weighted": 2, "n_cr_en_species": 0, "effort_records": 59, "low_effort": false, "rl_record_share": 0.050847457627118647 }, "geometry": { "type": "Polygon", "coordinates": [ [ [ 140.25, 35.775 ], [ 140.25, 35.783333333333331 ], [ 140.2375, 35.783333333333331 ], [ 140.2375, 35.775 ], [ 140.25, 35.775 ] ] ] } },
{ "type": "Feature", "properties": { "mesh": "53405146", "n_rl_records": 5, "n_rl_species": 3, "score_species_weighted": 9, "n_cr_en_species": 2, "effort_records": 78, "low_effort": false, "rl_record_share": 0.064102564102564097 }, "geometry": { "type": "Polygon", "coordinates": [ [ [ 140.2125, 35.783333333333324 ], [ 140.2125, 35.791666666666664 ], [ 140.2, 35.791666666666664 ], [ 140.2, 35.783333333333339 ], [ 140.2125, 35.783333333333324 ] ] ] } },
{ "type": "Feature", "properties": { "mesh": "53405148", "n_rl_records": 3, "n_rl_species": 2, "score_species_weighted": 5, "n_cr_en_species": 1, "effort_records": 77, "low_effort": false, "rl_record_share": 0.03896103896103896 }, "geometry": { "type": "Polygon", "coordinates": [ [ [ 140.2375, 35.783333333333331 ], [ 140.2375, 35.791666666666664 ], [ 140.225, 35.791666666666664 ], [ 140.225, 35.783333333333331 ], [ 140.2375, 35.783333333333331 ] ] ] } },
{ "type": "Feature", "properties": { "mesh": "53405149", "n_rl_records": 2, "n_rl_species": 1, "score_species_weighted": 3, "n_cr_en_species": 1, "effort_records": 15, "low_effort": true, "rl_record_share": 0.13333333333333333 }, "geometry": { "type": "Polygon", "coordinates": [ [ [ 140.25, 35.783333333333331 ], [ 140.25, 35.791666666666657 ], [ 140.2375, 35.791666666666664 ], [ 140.2375, 35.783333333333331 ], [ 140.25, 35.783333333333331 ] ] ] } },
{ "type": "Feature", "properties": { "mesh": "53405155", "n_rl_records": 1, "n_rl_species": 1, "score_species_weighted": 1, "n_cr_en_species": 0, "effort_records": 91, "low_effort": false, "rl_record_share": 0.01098901098901099 }, "geometry": { "type": "Polygon", "coordinates": [ [ [ 140.2, 35.791666666666664 ], [ 140.2, 35.8 ], [ 140.1875, 35.8 ], [ 140.1875, 35.791666666666664 ], [ 140.2, 35.791666666666664 ] ] ] } },
{ "type": "Feature", "properties": { "mesh": "53405158", "n_rl_records": 1, "n_rl_species": 1, "score_species_weighted": 4, "n_cr_en_species": 1, "effort_records": 173, "low_effort": false, "rl_record_share": 0.0057803468208092483 }, "geometry": { "type": "Polygon", "coordinates": [ [ [ 140.2375, 35.791666666666664 ], [ 140.2375, 35.8 ], [ 140.225, 35.8 ], [ 140.225, 35.791666666666664 ], [ 140.2375, 35.791666666666664 ] ] ] } },
{ "type": "Feature", "properties": { "mesh": "53405159", "n_rl_records": 32, "n_rl_species": 4, "score_species_weighted": 10, "n_cr_en_species": 2, "effort_records": 631, "low_effort": false, "rl_record_share": 0.050713153724247229 }, "geometry": { "type": "Polygon", "coordinates": [ [ [ 140.25, 35.791666666666657 ], [ 140.25, 35.8 ], [ 140.2375, 35.8 ], [ 140.2375, 35.791666666666664 ], [ 140.25, 35.791666666666657 ] ] ] } },
{ "type": "Feature", "properties": { "mesh": "53405163", "n_rl_records": 2, "n_rl_species": 1, "score_species_weighted": 1, "n_cr_en_species": 0, "effort_records": 34, "low_effort": false, "rl_record_share": 0.058823529411764705 }, "geometry": { "type": "Polygon", "coordinates": [ [ [ 140.175, 35.8 ], [ 140.175, 35.80833333333333 ], [ 140.1625, 35.80833333333333 ], [ 140.1625, 35.8 ], [ 140.175, 35.8 ] ] ] } },
{ "type": "Feature", "properties": { "mesh": "53405167", "n_rl_records": 1, "n_rl_species": 1, "score_species_weighted": 4, "n_cr_en_species": 1, "effort_records": 51, "low_effort": false, "rl_record_share": 0.019607843137254902 }, "geometry": { "type": "Polygon", "coordinates": [ [ [ 140.225, 35.8 ], [ 140.225, 35.808333333333323 ], [ 140.2125, 35.80833333333333 ], [ 140.2125, 35.8 ], [ 140.225, 35.8 ] ] ] } },
{ "type": "Feature", "properties": { "mesh": "53405168", "n_rl_records": 37, "n_rl_species": 4, "score_species_weighted": 10, "n_cr_en_species": 2, "effort_records": 956, "low_effort": false, "rl_record_share": 0.038702928870292884 }, "geometry": { "type": "Polygon", "coordinates": [ [ [ 140.2375, 35.8 ], [ 140.2375, 35.808333333333323 ], [ 140.225, 35.808333333333323 ], [ 140.225, 35.8 ], [ 140.2375, 35.8 ] ] ] } },
{ "type": "Feature", "properties": { "mesh": "53405169", "n_rl_records": 409, "n_rl_species": 13, "score_species_weighted": 29, "n_cr_en_species": 5, "effort_records": 6879, "low_effort": false, "rl_record_share": 0.059456316325047248 }, "geometry": { "type": "Polygon", "coordinates": [ [ [ 140.25, 35.8 ], [ 140.25, 35.808333333333337 ], [ 140.2375, 35.808333333333323 ], [ 140.2375, 35.8 ], [ 140.25, 35.8 ] ] ] } },
{ "type": "Feature", "properties": { "mesh": "53405170", "n_rl_records": 1, "n_rl_species": 1, "score_species_weighted": 1, "n_cr_en_species": 0, "effort_records": 6, "low_effort": true, "rl_record_share": 0.16666666666666666 }, "geometry": { "type": "Polygon", "coordinates": [ [ [ 140.1375, 35.80833333333333 ], [ 140.1375, 35.816666666666663 ], [ 140.125, 35.816666666666663 ], [ 140.125, 35.80833333333333 ], [ 140.1375, 35.80833333333333 ] ] ] } },
{ "type": "Feature", "properties": { "mesh": "53405171", "n_rl_records": 2, "n_rl_species": 2, "score_species_weighted": 6, "n_cr_en_species": 1, "effort_records": 8, "low_effort": true, "rl_record_share": 0.25 }, "geometry": { "type": "Polygon", "coordinates": [ [ [ 140.15, 35.80833333333333 ], [ 140.15, 35.816666666666663 ], [ 140.1375, 35.816666666666663 ], [ 140.1375, 35.80833333333333 ], [ 140.15, 35.80833333333333 ] ] ] } },
{ "type": "Feature", "properties": { "mesh": "53405173", "n_rl_records": 1, "n_rl_species": 1, "score_species_weighted": 1, "n_cr_en_species": 0, "effort_records": 48, "low_effort": false, "rl_record_share": 0.020833333333333332 }, "geometry": { "type": "Polygon", "coordinates": [ [ [ 140.175, 35.80833333333333 ], [ 140.175, 35.81666666666667 ], [ 140.1625, 35.816666666666663 ], [ 140.1625, 35.80833333333333 ], [ 140.175, 35.80833333333333 ] ] ] } },
{ "type": "Feature", "properties": { "mesh": "53405175", "n_rl_records": 2, "n_rl_species": 2, "score_species_weighted": 8, "n_cr_en_species": 2, "effort_records": 8, "low_effort": true, "rl_record_share": 0.25 }, "geometry": { "type": "Polygon", "coordinates": [ [ [ 140.2, 35.808333333333337 ], [ 140.2, 35.81666666666667 ], [ 140.1875, 35.816666666666663 ], [ 140.1875, 35.80833333333333 ], [ 140.2, 35.808333333333337 ] ] ] } },
{ "type": "Feature", "properties": { "mesh": "53405177", "n_rl_records": 3, "n_rl_species": 1, "score_species_weighted": 4, "n_cr_en_species": 1, "effort_records": 43, "low_effort": false, "rl_record_share": 0.069767441860465115 }, "geometry": { "type": "Polygon", "coordinates": [ [ [ 140.225, 35.808333333333323 ], [ 140.225, 35.816666666666663 ], [ 140.2125, 35.816666666666663 ], [ 140.2125, 35.80833333333333 ], [ 140.225, 35.808333333333323 ] ] ] } },
{ "type": "Feature", "properties": { "mesh": "53405179", "n_rl_records": 6, "n_rl_species": 2, "score_species_weighted": 7, "n_cr_en_species": 2, "effort_records": 350, "low_effort": false, "rl_record_share": 0.017142857142857144 }, "geometry": { "type": "Polygon", "coordinates": [ [ [ 140.25, 35.808333333333337 ], [ 140.25, 35.81666666666667 ], [ 140.2375, 35.816666666666663 ], [ 140.2375, 35.808333333333323 ], [ 140.25, 35.808333333333337 ] ] ] } },
{ "type": "Feature", "properties": { "mesh": "53405183", "n_rl_records": 1, "n_rl_species": 1, "score_species_weighted": 4, "n_cr_en_species": 1, "effort_records": 4, "low_effort": true, "rl_record_share": 0.25 }, "geometry": { "type": "Polygon", "coordinates": [ [ [ 140.175, 35.81666666666667 ], [ 140.175, 35.825 ], [ 140.1625, 35.825 ], [ 140.1625, 35.816666666666663 ], [ 140.175, 35.81666666666667 ] ] ] } },
{ "type": "Feature", "properties": { "mesh": "53405187", "n_rl_records": 20, "n_rl_species": 6, "score_species_weighted": 16, "n_cr_en_species": 3, "effort_records": 786, "low_effort": false, "rl_record_share": 0.025445292620865138 }, "geometry": { "type": "Polygon", "coordinates": [ [ [ 140.225, 35.816666666666663 ], [ 140.225, 35.825 ], [ 140.2125, 35.825 ], [ 140.2125, 35.816666666666663 ], [ 140.225, 35.816666666666663 ] ] ] } },
{ "type": "Feature", "properties": { "mesh": "53405199", "n_rl_records": 1, "n_rl_species": 1, "score_species_weighted": 1, "n_cr_en_species": 0, "effort_records": 28, "low_effort": false, "rl_record_share": 0.035714285714285712 }, "geometry": { "type": "Polygon", "coordinates": [ [ [ 140.25, 35.825 ], [ 140.25, 35.833333333333336 ], [ 140.2375, 35.833333333333329 ], [ 140.2375, 35.825 ], [ 140.25, 35.825 ] ] ] } },
{ "type": "Feature", "properties": { "mesh": "53405205", "n_rl_records": 2, "n_rl_species": 2, "score_species_weighted": 5, "n_cr_en_species": 1, "effort_records": 17, "low_effort": true, "rl_record_share": 0.11764705882352941 }, "geometry": { "type": "Polygon", "coordinates": [ [ [ 140.325, 35.75 ], [ 140.325, 35.758333333333333 ], [ 140.3125, 35.75833333333334 ], [ 140.3125, 35.75 ], [ 140.325, 35.75 ] ] ] } },
{ "type": "Feature", "properties": { "mesh": "53405206", "n_rl_records": 9, "n_rl_species": 9, "score_species_weighted": 25, "n_cr_en_species": 5, "effort_records": 125, "low_effort": false, "rl_record_share": 0.072 }, "geometry": { "type": "Polygon", "coordinates": [ [ [ 140.3375, 35.75 ], [ 140.3375, 35.758333333333333 ], [ 140.325, 35.758333333333333 ], [ 140.325, 35.75 ], [ 140.3375, 35.75 ] ] ] } },
{ "type": "Feature", "properties": { "mesh": "53405214", "n_rl_records": 1, "n_rl_species": 1, "score_species_weighted": 3, "n_cr_en_species": 1, "effort_records": 35, "low_effort": false, "rl_record_share": 0.028571428571428571 }, "geometry": { "type": "Polygon", "coordinates": [ [ [ 140.3125, 35.75833333333334 ], [ 140.3125, 35.766666666666666 ], [ 140.3, 35.766666666666666 ], [ 140.3, 35.758333333333333 ], [ 140.3125, 35.75833333333334 ] ] ] } },
{ "type": "Feature", "properties": { "mesh": "53405215", "n_rl_records": 1, "n_rl_species": 1, "score_species_weighted": 2, "n_cr_en_species": 0, "effort_records": 35, "low_effort": false, "rl_record_share": 0.028571428571428571 }, "geometry": { "type": "Polygon", "coordinates": [ [ [ 140.325, 35.758333333333333 ], [ 140.325, 35.766666666666659 ], [ 140.3125, 35.766666666666666 ], [ 140.3125, 35.75833333333334 ], [ 140.325, 35.758333333333333 ] ] ] } },
{ "type": "Feature", "properties": { "mesh": "53405221", "n_rl_records": 8, "n_rl_species": 1, "score_species_weighted": 2, "n_cr_en_species": 0, "effort_records": 37, "low_effort": false, "rl_record_share": 0.21621621621621623 }, "geometry": { "type": "Polygon", "coordinates": [ [ [ 140.275, 35.766666666666659 ], [ 140.275, 35.775 ], [ 140.2625, 35.775 ], [ 140.2625, 35.766666666666666 ], [ 140.275, 35.766666666666659 ] ] ] } },
{ "type": "Feature", "properties": { "mesh": "53405222", "n_rl_records": 1, "n_rl_species": 1, "score_species_weighted": 2, "n_cr_en_species": 0, "effort_records": 95, "low_effort": false, "rl_record_share": 0.010526315789473684 }, "geometry": { "type": "Polygon", "coordinates": [ [ [ 140.2875, 35.766666666666666 ], [ 140.2875, 35.775 ], [ 140.275, 35.775 ], [ 140.275, 35.766666666666659 ], [ 140.2875, 35.766666666666666 ] ] ] } },
{ "type": "Feature", "properties": { "mesh": "53405224", "n_rl_records": 2, "n_rl_species": 1, "score_species_weighted": 2, "n_cr_en_species": 0, "effort_records": 13, "low_effort": true, "rl_record_share": 0.15384615384615385 }, "geometry": { "type": "Polygon", "coordinates": [ [ [ 140.3125, 35.766666666666666 ], [ 140.3125, 35.775 ], [ 140.3, 35.775 ], [ 140.3, 35.766666666666666 ], [ 140.3125, 35.766666666666666 ] ] ] } },
{ "type": "Feature", "properties": { "mesh": "53405226", "n_rl_records": 2, "n_rl_species": 2, "score_species_weighted": 4, "n_cr_en_species": 0, "effort_records": 42, "low_effort": false, "rl_record_share": 0.047619047619047616 }, "geometry": { "type": "Polygon", "coordinates": [ [ [ 140.3375, 35.766666666666659 ], [ 140.3375, 35.775 ], [ 140.325, 35.775 ], [ 140.325, 35.766666666666659 ], [ 140.3375, 35.766666666666659 ] ] ] } },
{ "type": "Feature", "properties": { "mesh": "53405229", "n_rl_records": 2, "n_rl_species": 2, "score_species_weighted": 6, "n_cr_en_species": 1, "effort_records": 6, "low_effort": true, "rl_record_share": 0.33333333333333331 }, "geometry": { "type": "Polygon", "coordinates": [ [ [ 140.375, 35.766666666666666 ], [ 140.375, 35.775 ], [ 140.3625, 35.775 ], [ 140.3625, 35.766666666666659 ], [ 140.375, 35.766666666666666 ] ] ] } },
{ "type": "Feature", "properties": { "mesh": "53405230", "n_rl_records": 81, "n_rl_species": 5, "score_species_weighted": 7, "n_cr_en_species": 0, "effort_records": 925, "low_effort": false, "rl_record_share": 0.087567567567567561 }, "geometry": { "type": "Polygon", "coordinates": [ [ [ 140.2625, 35.775 ], [ 140.2625, 35.783333333333331 ], [ 140.25, 35.783333333333331 ], [ 140.25, 35.775 ], [ 140.2625, 35.775 ] ] ] } },
{ "type": "Feature", "properties": { "mesh": "53405232", "n_rl_records": 1, "n_rl_species": 1, "score_species_weighted": 1, "n_cr_en_species": 0, "effort_records": 48, "low_effort": false, "rl_record_share": 0.020833333333333332 }, "geometry": { "type": "Polygon", "coordinates": [ [ [ 140.2875, 35.775 ], [ 140.2875, 35.783333333333331 ], [ 140.275, 35.783333333333339 ], [ 140.275, 35.775 ], [ 140.2875, 35.775 ] ] ] } },
{ "type": "Feature", "properties": { "mesh": "53405235", "n_rl_records": 7, "n_rl_species": 3, "score_species_weighted": 9, "n_cr_en_species": 2, "effort_records": 268, "low_effort": false, "rl_record_share": 0.026119402985074626 }, "geometry": { "type": "Polygon", "coordinates": [ [ [ 140.325, 35.775 ], [ 140.325, 35.783333333333331 ], [ 140.3125, 35.783333333333339 ], [ 140.3125, 35.775 ], [ 140.325, 35.775 ] ] ] } },
{ "type": "Feature", "properties": { "mesh": "53405236", "n_rl_records": 26, "n_rl_species": 6, "score_species_weighted": 14, "n_cr_en_species": 2, "effort_records": 336, "low_effort": false, "rl_record_share": 0.077380952380952384 }, "geometry": { "type": "Polygon", "coordinates": [ [ [ 140.3375, 35.775 ], [ 140.3375, 35.783333333333331 ], [ 140.325, 35.783333333333331 ], [ 140.325, 35.775 ], [ 140.3375, 35.775 ] ] ] } },
{ "type": "Feature", "properties": { "mesh": "53405238", "n_rl_records": 15, "n_rl_species": 2, "score_species_weighted": 7, "n_cr_en_species": 2, "effort_records": 574, "low_effort": false, "rl_record_share": 0.026132404181184669 }, "geometry": { "type": "Polygon", "coordinates": [ [ [ 140.3625, 35.775 ], [ 140.3625, 35.783333333333324 ], [ 140.35, 35.783333333333331 ], [ 140.35, 35.775 ], [ 140.3625, 35.775 ] ] ] } },
{ "type": "Feature", "properties": { "mesh": "53405239", "n_rl_records": 7, "n_rl_species": 3, "score_species_weighted": 9, "n_cr_en_species": 2, "effort_records": 414, "low_effort": false, "rl_record_share": 0.016908212560386472 }, "geometry": { "type": "Polygon", "coordinates": [ [ [ 140.375, 35.775 ], [ 140.375, 35.783333333333331 ], [ 140.3625, 35.783333333333324 ], [ 140.3625, 35.775 ], [ 140.375, 35.775 ] ] ] } },
{ "type": "Feature", "properties": { "mesh": "53405240", "n_rl_records": 7, "n_rl_species": 4, "score_species_weighted": 10, "n_cr_en_species": 2, "effort_records": 149, "low_effort": false, "rl_record_share": 0.046979865771812082 }, "geometry": { "type": "Polygon", "coordinates": [ [ [ 140.2625, 35.783333333333331 ], [ 140.2625, 35.791666666666657 ], [ 140.25, 35.791666666666657 ], [ 140.25, 35.783333333333331 ], [ 140.2625, 35.783333333333331 ] ] ] } },
{ "type": "Feature", "properties": { "mesh": "53405242", "n_rl_records": 1, "n_rl_species": 1, "score_species_weighted": 2, "n_cr_en_species": 0, "effort_records": 59, "low_effort": false, "rl_record_share": 0.016949152542372881 }, "geometry": { "type": "Polygon", "coordinates": [ [ [ 140.2875, 35.783333333333331 ], [ 140.2875, 35.791666666666657 ], [ 140.275, 35.791666666666664 ], [ 140.275, 35.783333333333339 ], [ 140.2875, 35.783333333333331 ] ] ] } },
{ "type": "Feature", "properties": { "mesh": "53405245", "n_rl_records": 103, "n_rl_species": 4, "score_species_weighted": 11, "n_cr_en_species": 2, "effort_records": 1595, "low_effort": false, "rl_record_share": 0.064576802507836997 }, "geometry": { "type": "Polygon", "coordinates": [ [ [ 140.325, 35.783333333333331 ], [ 140.325, 35.791666666666671 ], [ 140.3125, 35.791666666666664 ], [ 140.3125, 35.783333333333339 ], [ 140.325, 35.783333333333331 ] ] ] } },
{ "type": "Feature", "properties": { "mesh": "53405246", "n_rl_records": 4, "n_rl_species": 2, "score_species_weighted": 7, "n_cr_en_species": 2, "effort_records": 112, "low_effort": false, "rl_record_share": 0.035714285714285712 }, "geometry": { "type": "Polygon", "coordinates": [ [ [ 140.3375, 35.783333333333331 ], [ 140.3375, 35.791666666666664 ], [ 140.325, 35.791666666666671 ], [ 140.325, 35.783333333333331 ], [ 140.3375, 35.783333333333331 ] ] ] } },
{ "type": "Feature", "properties": { "mesh": "53405247", "n_rl_records": 3, "n_rl_species": 3, "score_species_weighted": 9, "n_cr_en_species": 2, "effort_records": 58, "low_effort": false, "rl_record_share": 0.051724137931034482 }, "geometry": { "type": "Polygon", "coordinates": [ [ [ 140.35, 35.783333333333331 ], [ 140.35, 35.791666666666664 ], [ 140.3375, 35.791666666666664 ], [ 140.3375, 35.783333333333331 ], [ 140.35, 35.783333333333331 ] ] ] } },
{ "type": "Feature", "properties": { "mesh": "53405248", "n_rl_records": 79, "n_rl_species": 4, "score_species_weighted": 10, "n_cr_en_species": 2, "effort_records": 1758, "low_effort": false, "rl_record_share": 0.044937428896473265 }, "geometry": { "type": "Polygon", "coordinates": [ [ [ 140.3625, 35.783333333333324 ], [ 140.3625, 35.791666666666664 ], [ 140.35, 35.791666666666664 ], [ 140.35, 35.783333333333331 ], [ 140.3625, 35.783333333333324 ] ] ] } },
{ "type": "Feature", "properties": { "mesh": "53405249", "n_rl_records": 42, "n_rl_species": 3, "score_species_weighted": 9, "n_cr_en_species": 2, "effort_records": 709, "low_effort": false, "rl_record_share": 0.059238363892806768 }, "geometry": { "type": "Polygon", "coordinates": [ [ [ 140.375, 35.783333333333331 ], [ 140.375, 35.791666666666664 ], [ 140.3625, 35.791666666666664 ], [ 140.3625, 35.783333333333324 ], [ 140.375, 35.783333333333331 ] ] ] } },
{ "type": "Feature", "properties": { "mesh": "53405250", "n_rl_records": 3, "n_rl_species": 3, "score_species_weighted": 10, "n_cr_en_species": 3, "effort_records": 408, "low_effort": false, "rl_record_share": 0.0073529411764705881 }, "geometry": { "type": "Polygon", "coordinates": [ [ [ 140.2625, 35.791666666666657 ], [ 140.2625, 35.8 ], [ 140.25, 35.8 ], [ 140.25, 35.791666666666657 ], [ 140.2625, 35.791666666666657 ] ] ] } },
{ "type": "Feature", "properties": { "mesh": "53405255", "n_rl_records": 3, "n_rl_species": 3, "score_species_weighted": 5, "n_cr_en_species": 0, "effort_records": 178, "low_effort": false, "rl_record_share": 0.016853932584269662 }, "geometry": { "type": "Polygon", "coordinates": [ [ [ 140.325, 35.791666666666671 ], [ 140.325, 35.8 ], [ 140.3125, 35.8 ], [ 140.3125, 35.791666666666664 ], [ 140.325, 35.791666666666671 ] ] ] } },
{ "type": "Feature", "properties": { "mesh": "53405256", "n_rl_records": 1, "n_rl_species": 1, "score_species_weighted": 4, "n_cr_en_species": 1, "effort_records": 96, "low_effort": false, "rl_record_share": 0.010416666666666666 }, "geometry": { "type": "Polygon", "coordinates": [ [ [ 140.3375, 35.791666666666664 ], [ 140.3375, 35.8 ], [ 140.325, 35.8 ], [ 140.325, 35.791666666666671 ], [ 140.3375, 35.791666666666664 ] ] ] } },
{ "type": "Feature", "properties": { "mesh": "53405257", "n_rl_records": 3, "n_rl_species": 2, "score_species_weighted": 7, "n_cr_en_species": 2, "effort_records": 53, "low_effort": false, "rl_record_share": 0.056603773584905662 }, "geometry": { "type": "Polygon", "coordinates": [ [ [ 140.35, 35.791666666666664 ], [ 140.35, 35.8 ], [ 140.3375, 35.8 ], [ 140.3375, 35.791666666666664 ], [ 140.35, 35.791666666666664 ] ] ] } },
{ "type": "Feature", "properties": { "mesh": "53405258", "n_rl_records": 1, "n_rl_species": 1, "score_species_weighted": 4, "n_cr_en_species": 1, "effort_records": 34, "low_effort": false, "rl_record_share": 0.029411764705882353 }, "geometry": { "type": "Polygon", "coordinates": [ [ [ 140.3625, 35.791666666666664 ], [ 140.3625, 35.8 ], [ 140.35, 35.8 ], [ 140.35, 35.791666666666664 ], [ 140.3625, 35.791666666666664 ] ] ] } },
{ "type": "Feature", "properties": { "mesh": "53405260", "n_rl_records": 65, "n_rl_species": 9, "score_species_weighted": 16, "n_cr_en_species": 1, "effort_records": 304, "low_effort": false, "rl_record_share": 0.21381578947368421 }, "geometry": { "type": "Polygon", "coordinates": [ [ [ 140.2625, 35.8 ], [ 140.2625, 35.80833333333333 ], [ 140.25, 35.808333333333337 ], [ 140.25, 35.8 ], [ 140.2625, 35.8 ] ] ] } },
{ "type": "Feature", "properties": { "mesh": "53405261", "n_rl_records": 2, "n_rl_species": 2, "score_species_weighted": 7, "n_cr_en_species": 2, "effort_records": 45, "low_effort": false, "rl_record_share": 0.044444444444444446 }, "geometry": { "type": "Polygon", "coordinates": [ [ [ 140.275, 35.8 ], [ 140.275, 35.808333333333337 ], [ 140.2625, 35.80833333333333 ], [ 140.2625, 35.8 ], [ 140.275, 35.8 ] ] ] } },
{ "type": "Feature", "properties": { "mesh": "53405262", "n_rl_records": 2, "n_rl_species": 2, "score_species_weighted": 2, "n_cr_en_species": 0, "effort_records": 64, "low_effort": false, "rl_record_share": 0.03125 }, "geometry": { "type": "Polygon", "coordinates": [ [ [ 140.2875, 35.8 ], [ 140.2875, 35.80833333333333 ], [ 140.275, 35.808333333333337 ], [ 140.275, 35.8 ], [ 140.2875, 35.8 ] ] ] } },
{ "type": "Feature", "properties": { "mesh": "53405263", "n_rl_records": 1, "n_rl_species": 1, "score_species_weighted": 4, "n_cr_en_species": 1, "effort_records": 86, "low_effort": false, "rl_record_share": 0.011627906976744186 }, "geometry": { "type": "Polygon", "coordinates": [ [ [ 140.3, 35.8 ], [ 140.3, 35.80833333333333 ], [ 140.2875, 35.80833333333333 ], [ 140.2875, 35.8 ], [ 140.3, 35.8 ] ] ] } },
{ "type": "Feature", "properties": { "mesh": "53405265", "n_rl_records": 2, "n_rl_species": 2, "score_species_weighted": 7, "n_cr_en_species": 2, "effort_records": 48, "low_effort": false, "rl_record_share": 0.041666666666666664 }, "geometry": { "type": "Polygon", "coordinates": [ [ [ 140.325, 35.8 ], [ 140.325, 35.80833333333333 ], [ 140.3125, 35.80833333333333 ], [ 140.3125, 35.8 ], [ 140.325, 35.8 ] ] ] } },
{ "type": "Feature", "properties": { "mesh": "53405266", "n_rl_records": 1, "n_rl_species": 1, "score_species_weighted": 2, "n_cr_en_species": 0, "effort_records": 80, "low_effort": false, "rl_record_share": 0.0125 }, "geometry": { "type": "Polygon", "coordinates": [ [ [ 140.3375, 35.8 ], [ 140.3375, 35.80833333333333 ], [ 140.325, 35.80833333333333 ], [ 140.325, 35.8 ], [ 140.3375, 35.8 ] ] ] } },
{ "type": "Feature", "properties": { "mesh": "53405268", "n_rl_records": 3, "n_rl_species": 1, "score_species_weighted": 1, "n_cr_en_species": 0, "effort_records": 18, "low_effort": true, "rl_record_share": 0.16666666666666666 }, "geometry": { "type": "Polygon", "coordinates": [ [ [ 140.3625, 35.8 ], [ 140.3625, 35.80833333333333 ], [ 140.35, 35.80833333333333 ], [ 140.35, 35.8 ], [ 140.3625, 35.8 ] ] ] } },
{ "type": "Feature", "properties": { "mesh": "53405271", "n_rl_records": 1, "n_rl_species": 1, "score_species_weighted": 3, "n_cr_en_species": 1, "effort_records": 88, "low_effort": false, "rl_record_share": 0.011363636363636364 }, "geometry": { "type": "Polygon", "coordinates": [ [ [ 140.275, 35.808333333333337 ], [ 140.275, 35.81666666666667 ], [ 140.2625, 35.816666666666663 ], [ 140.2625, 35.80833333333333 ], [ 140.275, 35.808333333333337 ] ] ] } },
{ "type": "Feature", "properties": { "mesh": "53405272", "n_rl_records": 90, "n_rl_species": 6, "score_species_weighted": 15, "n_cr_en_species": 3, "effort_records": 1051, "low_effort": false, "rl_record_share": 0.085632730732635581 }, "geometry": { "type": "Polygon", "coordinates": [ [ [ 140.2875, 35.80833333333333 ], [ 140.2875, 35.81666666666667 ], [ 140.275, 35.81666666666667 ], [ 140.275, 35.808333333333337 ], [ 140.2875, 35.80833333333333 ] ] ] } },
{ "type": "Feature", "properties": { "mesh": "53405275", "n_rl_records": 2, "n_rl_species": 1, "score_species_weighted": 2, "n_cr_en_species": 0, "effort_records": 26, "low_effort": false, "rl_record_share": 0.076923076923076927 }, "geometry": { "type": "Polygon", "coordinates": [ [ [ 140.325, 35.80833333333333 ], [ 140.325, 35.816666666666663 ], [ 140.3125, 35.81666666666667 ], [ 140.3125, 35.80833333333333 ], [ 140.325, 35.80833333333333 ] ] ] } },
{ "type": "Feature", "properties": { "mesh": "53405278", "n_rl_records": 1, "n_rl_species": 1, "score_species_weighted": 4, "n_cr_en_species": 1, "effort_records": 29, "low_effort": false, "rl_record_share": 0.034482758620689655 }, "geometry": { "type": "Polygon", "coordinates": [ [ [ 140.3625, 35.80833333333333 ], [ 140.3625, 35.816666666666663 ], [ 140.35, 35.816666666666663 ], [ 140.35, 35.80833333333333 ], [ 140.3625, 35.80833333333333 ] ] ] } },
{ "type": "Feature", "properties": { "mesh": "53405280", "n_rl_records": 5, "n_rl_species": 3, "score_species_weighted": 9, "n_cr_en_species": 2, "effort_records": 247, "low_effort": false, "rl_record_share": 0.020242914979757085 }, "geometry": { "type": "Polygon", "coordinates": [ [ [ 140.2625, 35.816666666666663 ], [ 140.2625, 35.825 ], [ 140.25, 35.825 ], [ 140.25, 35.81666666666667 ], [ 140.2625, 35.816666666666663 ] ] ] } },
{ "type": "Feature", "properties": { "mesh": "53405281", "n_rl_records": 445, "n_rl_species": 16, "score_species_weighted": 27, "n_cr_en_species": 3, "effort_records": 10728, "low_effort": false, "rl_record_share": 0.041480238627889632 }, "geometry": { "type": "Polygon", "coordinates": [ [ [ 140.275, 35.81666666666667 ], [ 140.275, 35.825 ], [ 140.2625, 35.825 ], [ 140.2625, 35.816666666666663 ], [ 140.275, 35.81666666666667 ] ] ] } },
{ "type": "Feature", "properties": { "mesh": "53405282", "n_rl_records": 13, "n_rl_species": 3, "score_species_weighted": 7, "n_cr_en_species": 1, "effort_records": 256, "low_effort": false, "rl_record_share": 0.05078125 }, "geometry": { "type": "Polygon", "coordinates": [ [ [ 140.2875, 35.81666666666667 ], [ 140.2875, 35.825 ], [ 140.275, 35.825 ], [ 140.275, 35.81666666666667 ], [ 140.2875, 35.81666666666667 ] ] ] } },
{ "type": "Feature", "properties": { "mesh": "53405286", "n_rl_records": 3, "n_rl_species": 3, "score_species_weighted": 11, "n_cr_en_species": 3, "effort_records": 95, "low_effort": false, "rl_record_share": 0.031578947368421054 }, "geometry": { "type": "Polygon", "coordinates": [ [ [ 140.3375, 35.816666666666663 ], [ 140.3375, 35.825 ], [ 140.325, 35.825 ], [ 140.325, 35.816666666666663 ], [ 140.3375, 35.816666666666663 ] ] ] } },
{ "type": "Feature", "properties": { "mesh": "53405291", "n_rl_records": 55, "n_rl_species": 4, "score_species_weighted": 9, "n_cr_en_species": 2, "effort_records": 1820, "low_effort": false, "rl_record_share": 0.03021978021978022 }, "geometry": { "type": "Polygon", "coordinates": [ [ [ 140.275, 35.825 ], [ 140.275, 35.833333333333329 ], [ 140.2625, 35.833333333333329 ], [ 140.2625, 35.825 ], [ 140.275, 35.825 ] ] ] } },
{ "type": "Feature", "properties": { "mesh": "53405293", "n_rl_records": 1, "n_rl_species": 1, "score_species_weighted": 4, "n_cr_en_species": 1, "effort_records": 8, "low_effort": true, "rl_record_share": 0.125 }, "geometry": { "type": "Polygon", "coordinates": [ [ [ 140.3, 35.825 ], [ 140.3, 35.833333333333329 ], [ 140.2875, 35.833333333333329 ], [ 140.2875, 35.825 ], [ 140.3, 35.825 ] ] ] } },
{ "type": "Feature", "properties": { "mesh": "53405302", "n_rl_records": 2, "n_rl_species": 2, "score_species_weighted": 3, "n_cr_en_species": 0, "effort_records": 88, "low_effort": false, "rl_record_share": 0.022727272727272728 }, "geometry": { "type": "Polygon", "coordinates": [ [ [ 140.4125, 35.75 ], [ 140.4125, 35.758333333333326 ], [ 140.4, 35.758333333333333 ], [ 140.4, 35.75 ], [ 140.4125, 35.75 ] ] ] } },
{ "type": "Feature", "properties": { "mesh": "53405303", "n_rl_records": 2, "n_rl_species": 2, "score_species_weighted": 4, "n_cr_en_species": 1, "effort_records": 500, "low_effort": false, "rl_record_share": 0.004 }, "geometry": { "type": "Polygon", "coordinates": [ [ [ 140.425, 35.75 ], [ 140.425, 35.75833333333334 ], [ 140.4125, 35.758333333333326 ], [ 140.4125, 35.75 ], [ 140.425, 35.75 ] ] ] } },
{ "type": "Feature", "properties": { "mesh": "53405304", "n_rl_records": 9, "n_rl_species": 2, "score_species_weighted": 3, "n_cr_en_species": 0, "effort_records": 89, "low_effort": false, "rl_record_share": 0.10112359550561797 }, "geometry": { "type": "Polygon", "coordinates": [ [ [ 140.4375, 35.75 ], [ 140.4375, 35.758333333333333 ], [ 140.425, 35.75833333333334 ], [ 140.425, 35.75 ], [ 140.4375, 35.75 ] ] ] } },
{ "type": "Feature", "properties": { "mesh": "53405305", "n_rl_records": 1, "n_rl_species": 1, "score_species_weighted": 4, "n_cr_en_species": 1, "effort_records": 16, "low_effort": true, "rl_record_share": 0.0625 }, "geometry": { "type": "Polygon", "coordinates": [ [ [ 140.45, 35.75 ], [ 140.45, 35.758333333333333 ], [ 140.4375, 35.758333333333333 ], [ 140.4375, 35.75 ], [ 140.45, 35.75 ] ] ] } },
{ "type": "Feature", "properties": { "mesh": "53405310", "n_rl_records": 1, "n_rl_species": 1, "score_species_weighted": 4, "n_cr_en_species": 1, "effort_records": 257, "low_effort": false, "rl_record_share": 0.0038910505836575876 }, "geometry": { "type": "Polygon", "coordinates": [ [ [ 140.3875, 35.758333333333333 ], [ 140.3875, 35.766666666666666 ], [ 140.375, 35.766666666666666 ], [ 140.375, 35.75833333333334 ], [ 140.3875, 35.758333333333333 ] ] ] } },
{ "type": "Feature", "properties": { "mesh": "53405311", "n_rl_records": 7, "n_rl_species": 3, "score_species_weighted": 9, "n_cr_en_species": 2, "effort_records": 71, "low_effort": false, "rl_record_share": 0.098591549295774641 }, "geometry": { "type": "Polygon", "coordinates": [ [ [ 140.4, 35.758333333333333 ], [ 140.4, 35.766666666666666 ], [ 140.3875, 35.766666666666666 ], [ 140.3875, 35.758333333333333 ], [ 140.4, 35.758333333333333 ] ] ] } },
{ "type": "Feature", "properties": { "mesh": "53405312", "n_rl_records": 5, "n_rl_species": 4, "score_species_weighted": 11, "n_cr_en_species": 2, "effort_records": 182, "low_effort": false, "rl_record_share": 0.027472527472527472 }, "geometry": { "type": "Polygon", "coordinates": [ [ [ 140.4125, 35.758333333333326 ], [ 140.4125, 35.766666666666659 ], [ 140.4, 35.766666666666666 ], [ 140.4, 35.758333333333333 ], [ 140.4125, 35.758333333333326 ] ] ] } },
{ "type": "Feature", "properties": { "mesh": "53405313", "n_rl_records": 2, "n_rl_species": 2, "score_species_weighted": 7, "n_cr_en_species": 2, "effort_records": 65, "low_effort": false, "rl_record_share": 0.030769230769230771 }, "geometry": { "type": "Polygon", "coordinates": [ [ [ 140.425, 35.75833333333334 ], [ 140.425, 35.766666666666666 ], [ 140.4125, 35.766666666666659 ], [ 140.4125, 35.758333333333326 ], [ 140.425, 35.75833333333334 ] ] ] } },
{ "type": "Feature", "properties": { "mesh": "53405315", "n_rl_records": 2, "n_rl_species": 2, "score_species_weighted": 8, "n_cr_en_species": 2, "effort_records": 55, "low_effort": false, "rl_record_share": 0.036363636363636362 }, "geometry": { "type": "Polygon", "coordinates": [ [ [ 140.45, 35.758333333333333 ], [ 140.45, 35.766666666666659 ], [ 140.4375, 35.766666666666666 ], [ 140.4375, 35.758333333333333 ], [ 140.45, 35.758333333333333 ] ] ] } },
{ "type": "Feature", "properties": { "mesh": "53405316", "n_rl_records": 2, "n_rl_species": 2, "score_species_weighted": 5, "n_cr_en_species": 1, "effort_records": 112, "low_effort": false, "rl_record_share": 0.017857142857142856 }, "geometry": { "type": "Polygon", "coordinates": [ [ [ 140.4625, 35.75833333333334 ], [ 140.4625, 35.766666666666659 ], [ 140.45, 35.766666666666659 ], [ 140.45, 35.758333333333333 ], [ 140.4625, 35.75833333333334 ] ] ] } },
{ "type": "Feature", "properties": { "mesh": "53405321", "n_rl_records": 12, "n_rl_species": 3, "score_species_weighted": 10, "n_cr_en_species": 3, "effort_records": 1200, "low_effort": false, "rl_record_share": 0.01 }, "geometry": { "type": "Polygon", "coordinates": [ [ [ 140.4, 35.766666666666666 ], [ 140.4, 35.775 ], [ 140.3875, 35.775 ], [ 140.3875, 35.766666666666666 ], [ 140.4, 35.766666666666666 ] ] ] } },
{ "type": "Feature", "properties": { "mesh": "53405322", "n_rl_records": 2, "n_rl_species": 2, "score_species_weighted": 5, "n_cr_en_species": 1, "effort_records": 72, "low_effort": false, "rl_record_share": 0.027777777777777776 }, "geometry": { "type": "Polygon", "coordinates": [ [ [ 140.4125, 35.766666666666659 ], [ 140.4125, 35.775 ], [ 140.4, 35.775 ], [ 140.4, 35.766666666666666 ], [ 140.4125, 35.766666666666659 ] ] ] } },
{ "type": "Feature", "properties": { "mesh": "53405323", "n_rl_records": 2, "n_rl_species": 1, "score_species_weighted": 1, "n_cr_en_species": 0, "effort_records": 16, "low_effort": true, "rl_record_share": 0.125 }, "geometry": { "type": "Polygon", "coordinates": [ [ [ 140.425, 35.766666666666666 ], [ 140.425, 35.775 ], [ 140.4125, 35.775 ], [ 140.4125, 35.766666666666659 ], [ 140.425, 35.766666666666666 ] ] ] } },
{ "type": "Feature", "properties": { "mesh": "53405325", "n_rl_records": 9, "n_rl_species": 4, "score_species_weighted": 13, "n_cr_en_species": 3, "effort_records": 179, "low_effort": false, "rl_record_share": 0.05027932960893855 }, "geometry": { "type": "Polygon", "coordinates": [ [ [ 140.45, 35.766666666666659 ], [ 140.45, 35.775 ], [ 140.4375, 35.775 ], [ 140.4375, 35.766666666666666 ], [ 140.45, 35.766666666666659 ] ] ] } },
{ "type": "Feature", "properties": { "mesh": "53405330", "n_rl_records": 33, "n_rl_species": 5, "score_species_weighted": 12, "n_cr_en_species": 2, "effort_records": 1023, "low_effort": false, "rl_record_share": 0.032258064516129031 }, "geometry": { "type": "Polygon", "coordinates": [ [ [ 140.3875, 35.775 ], [ 140.3875, 35.783333333333331 ], [ 140.375, 35.783333333333331 ], [ 140.375, 35.775 ], [ 140.3875, 35.775 ] ] ] } },
{ "type": "Feature", "properties": { "mesh": "53405331", "n_rl_records": 8, "n_rl_species": 2, "score_species_weighted": 6, "n_cr_en_species": 1, "effort_records": 46, "low_effort": false, "rl_record_share": 0.17391304347826086 }, "geometry": { "type": "Polygon", "coordinates": [ [ [ 140.4, 35.775 ], [ 140.4, 35.783333333333324 ], [ 140.3875, 35.783333333333331 ], [ 140.3875, 35.775 ], [ 140.4, 35.775 ] ] ] } },
{ "type": "Feature", "properties": { "mesh": "53405332", "n_rl_records": 2, "n_rl_species": 2, "score_species_weighted": 7, "n_cr_en_species": 2, "effort_records": 37, "low_effort": false, "rl_record_share": 0.054054054054054057 }, "geometry": { "type": "Polygon", "coordinates": [ [ [ 140.4125, 35.775 ], [ 140.4125, 35.783333333333331 ], [ 140.4, 35.783333333333324 ], [ 140.4, 35.775 ], [ 140.4125, 35.775 ] ] ] } },
{ "type": "Feature", "properties": { "mesh": "53405333", "n_rl_records": 2, "n_rl_species": 2, "score_species_weighted": 2, "n_cr_en_species": 0, "effort_records": 19, "low_effort": true, "rl_record_share": 0.10526315789473684 }, "geometry": { "type": "Polygon", "coordinates": [ [ [ 140.425, 35.775 ], [ 140.425, 35.783333333333324 ], [ 140.4125, 35.783333333333331 ], [ 140.4125, 35.775 ], [ 140.425, 35.775 ] ] ] } },
{ "type": "Feature", "properties": { "mesh": "53405334", "n_rl_records": 1, "n_rl_species": 1, "score_species_weighted": 2, "n_cr_en_species": 0, "effort_records": 11, "low_effort": true, "rl_record_share": 0.090909090909090912 }, "geometry": { "type": "Polygon", "coordinates": [ [ [ 140.4375, 35.775 ], [ 140.4375, 35.783333333333331 ], [ 140.425, 35.783333333333324 ], [ 140.425, 35.775 ], [ 140.4375, 35.775 ] ] ] } },
{ "type": "Feature", "properties": { "mesh": "53405337", "n_rl_records": 1, "n_rl_species": 1, "score_species_weighted": 2, "n_cr_en_species": 0, "effort_records": 6, "low_effort": true, "rl_record_share": 0.16666666666666666 }, "geometry": { "type": "Polygon", "coordinates": [ [ [ 140.475, 35.775 ], [ 140.475, 35.783333333333324 ], [ 140.4625, 35.783333333333339 ], [ 140.4625, 35.775 ], [ 140.475, 35.775 ] ] ] } },
{ "type": "Feature", "properties": { "mesh": "53405338", "n_rl_records": 6, "n_rl_species": 1, "score_species_weighted": 2, "n_cr_en_species": 0, "effort_records": 39, "low_effort": false, "rl_record_share": 0.15384615384615385 }, "geometry": { "type": "Polygon", "coordinates": [ [ [ 140.4875, 35.775 ], [ 140.4875, 35.783333333333331 ], [ 140.475, 35.783333333333324 ], [ 140.475, 35.775 ], [ 140.4875, 35.775 ] ] ] } },
{ "type": "Feature", "properties": { "mesh": "53405340", "n_rl_records": 26, "n_rl_species": 4, "score_species_weighted": 11, "n_cr_en_species": 2, "effort_records": 698, "low_effort": false, "rl_record_share": 0.037249283667621778 }, "geometry": { "type": "Polygon", "coordinates": [ [ [ 140.3875, 35.783333333333331 ], [ 140.3875, 35.791666666666664 ], [ 140.375, 35.791666666666664 ], [ 140.375, 35.783333333333331 ], [ 140.3875, 35.783333333333331 ] ] ] } },
{ "type": "Feature", "properties": { "mesh": "53405344", "n_rl_records": 5, "n_rl_species": 1, "score_species_weighted": 2, "n_cr_en_species": 0, "effort_records": 33, "low_effort": false, "rl_record_share": 0.15151515151515152 }, "geometry": { "type": "Polygon", "coordinates": [ [ [ 140.4375, 35.783333333333331 ], [ 140.4375, 35.791666666666657 ], [ 140.425, 35.791666666666664 ], [ 140.425, 35.783333333333324 ], [ 140.4375, 35.783333333333331 ] ] ] } },
{ "type": "Feature", "properties": { "mesh": "53405345", "n_rl_records": 2, "n_rl_species": 1, "score_species_weighted": 2, "n_cr_en_species": 0, "effort_records": 11, "low_effort": true, "rl_record_share": 0.18181818181818182 }, "geometry": { "type": "Polygon", "coordinates": [ [ [ 140.45, 35.783333333333331 ], [ 140.45, 35.791666666666664 ], [ 140.4375, 35.791666666666657 ], [ 140.4375, 35.783333333333331 ], [ 140.45, 35.783333333333331 ] ] ] } },
{ "type": "Feature", "properties": { "mesh": "53405348", "n_rl_records": 2, "n_rl_species": 1, "score_species_weighted": 2, "n_cr_en_species": 0, "effort_records": 6, "low_effort": true, "rl_record_share": 0.33333333333333331 }, "geometry": { "type": "Polygon", "coordinates": [ [ [ 140.4875, 35.783333333333331 ], [ 140.4875, 35.791666666666664 ], [ 140.475, 35.791666666666657 ], [ 140.475, 35.783333333333324 ], [ 140.4875, 35.783333333333331 ] ] ] } },
{ "type": "Feature", "properties": { "mesh": "53405353", "n_rl_records": 3, "n_rl_species": 3, "score_species_weighted": 8, "n_cr_en_species": 1, "effort_records": 44, "low_effort": false, "rl_record_share": 0.068181818181818177 }, "geometry": { "type": "Polygon", "coordinates": [ [ [ 140.425, 35.791666666666664 ], [ 140.425, 35.8 ], [ 140.4125, 35.8 ], [ 140.4125, 35.791666666666657 ], [ 140.425, 35.791666666666664 ] ] ] } },
{ "type": "Feature", "properties": { "mesh": "53405354", "n_rl_records": 4, "n_rl_species": 1, "score_species_weighted": 2, "n_cr_en_species": 0, "effort_records": 61, "low_effort": false, "rl_record_share": 0.065573770491803282 }, "geometry": { "type": "Polygon", "coordinates": [ [ [ 140.4375, 35.791666666666657 ], [ 140.4375, 35.8 ], [ 140.425, 35.8 ], [ 140.425, 35.791666666666664 ], [ 140.4375, 35.791666666666657 ] ] ] } },
{ "type": "Feature", "properties": { "mesh": "53405355", "n_rl_records": 2, "n_rl_species": 1, "score_species_weighted": 2, "n_cr_en_species": 0, "effort_records": 36, "low_effort": false, "rl_record_share": 0.055555555555555552 }, "geometry": { "type": "Polygon", "coordinates": [ [ [ 140.45, 35.791666666666664 ], [ 140.45, 35.8 ], [ 140.4375, 35.8 ], [ 140.4375, 35.791666666666657 ], [ 140.45, 35.791666666666664 ] ] ] } },
{ "type": "Feature", "properties": { "mesh": "53405357", "n_rl_records": 2, "n_rl_species": 1, "score_species_weighted": 2, "n_cr_en_species": 0, "effort_records": 26, "low_effort": false, "rl_record_share": 0.076923076923076927 }, "geometry": { "type": "Polygon", "coordinates": [ [ [ 140.475, 35.791666666666657 ], [ 140.475, 35.8 ], [ 140.4625, 35.8 ], [ 140.4625, 35.791666666666664 ], [ 140.475, 35.791666666666657 ] ] ] } },
{ "type": "Feature", "properties": { "mesh": "53405358", "n_rl_records": 1, "n_rl_species": 1, "score_species_weighted": 2, "n_cr_en_species": 0, "effort_records": 2, "low_effort": true, "rl_record_share": 0.5 }, "geometry": { "type": "Polygon", "coordinates": [ [ [ 140.4875, 35.791666666666664 ], [ 140.4875, 35.8 ], [ 140.475, 35.8 ], [ 140.475, 35.791666666666657 ], [ 140.4875, 35.791666666666664 ] ] ] } },
{ "type": "Feature", "properties": { "mesh": "53405360", "n_rl_records": 1, "n_rl_species": 1, "score_species_weighted": 4, "n_cr_en_species": 1, "effort_records": 132, "low_effort": false, "rl_record_share": 0.007575757575757576 }, "geometry": { "type": "Polygon", "coordinates": [ [ [ 140.3875, 35.8 ], [ 140.3875, 35.80833333333333 ], [ 140.375, 35.808333333333337 ], [ 140.375, 35.8 ], [ 140.3875, 35.8 ] ] ] } },
{ "type": "Feature", "properties": { "mesh": "53405362", "n_rl_records": 2, "n_rl_species": 2, "score_species_weighted": 6, "n_cr_en_species": 1, "effort_records": 67, "low_effort": false, "rl_record_share": 0.029850746268656716 }, "geometry": { "type": "Polygon", "coordinates": [ [ [ 140.4125, 35.8 ], [ 140.4125, 35.80833333333333 ], [ 140.4, 35.80833333333333 ], [ 140.4, 35.8 ], [ 140.4125, 35.8 ] ] ] } },
{ "type": "Feature", "properties": { "mesh": "53405363", "n_rl_records": 4, "n_rl_species": 2, "score_species_weighted": 6, "n_cr_en_species": 1, "effort_records": 24, "low_effort": false, "rl_record_share": 0.16666666666666666 }, "geometry": { "type": "Polygon", "coordinates": [ [ [ 140.425, 35.8 ], [ 140.425, 35.80833333333333 ], [ 140.4125, 35.80833333333333 ], [ 140.4125, 35.8 ], [ 140.425, 35.8 ] ] ] } },
{ "type": "Feature", "properties": { "mesh": "53405364", "n_rl_records": 1, "n_rl_species": 1, "score_species_weighted": 2, "n_cr_en_species": 0, "effort_records": 28, "low_effort": false, "rl_record_share": 0.035714285714285712 }, "geometry": { "type": "Polygon", "coordinates": [ [ [ 140.4375, 35.8 ], [ 140.4375, 35.80833333333333 ], [ 140.425, 35.80833333333333 ], [ 140.425, 35.8 ], [ 140.4375, 35.8 ] ] ] } },
{ "type": "Feature", "properties": { "mesh": "53405366", "n_rl_records": 3, "n_rl_species": 2, "score_species_weighted": 3, "n_cr_en_species": 0, "effort_records": 14, "low_effort": true, "rl_record_share": 0.21428571428571427 }, "geometry": { "type": "Polygon", "coordinates": [ [ [ 140.4625, 35.8 ], [ 140.4625, 35.80833333333333 ], [ 140.45, 35.808333333333323 ], [ 140.45, 35.8 ], [ 140.4625, 35.8 ] ] ] } },
{ "type": "Feature", "properties": { "mesh": "53405367", "n_rl_records": 3, "n_rl_species": 1, "score_species_weighted": 2, "n_cr_en_species": 0, "effort_records": 27, "low_effort": false, "rl_record_share": 0.1111111111111111 }, "geometry": { "type": "Polygon", "coordinates": [ [ [ 140.475, 35.8 ], [ 140.475, 35.80833333333333 ], [ 140.4625, 35.80833333333333 ], [ 140.4625, 35.8 ], [ 140.475, 35.8 ] ] ] } },
{ "type": "Feature", "properties": { "mesh": "53405371", "n_rl_records": 5, "n_rl_species": 1, "score_species_weighted": 2, "n_cr_en_species": 0, "effort_records": 52, "low_effort": false, "rl_record_share": 0.096153846153846159 }, "geometry": { "type": "Polygon", "coordinates": [ [ [ 140.4, 35.80833333333333 ], [ 140.4, 35.816666666666677 ], [ 140.3875, 35.81666666666667 ], [ 140.3875, 35.80833333333333 ], [ 140.4, 35.80833333333333 ] ] ] } },
{ "type": "Feature", "properties": { "mesh": "53405381", "n_rl_records": 1, "n_rl_species": 1, "score_species_weighted": 3, "n_cr_en_species": 1, "effort_records": 89, "low_effort": false, "rl_record_share": 0.011235955056179775 }, "geometry": { "type": "Polygon", "coordinates": [ [ [ 140.4, 35.816666666666677 ], [ 140.4, 35.825 ], [ 140.3875, 35.825 ], [ 140.3875, 35.81666666666667 ], [ 140.4, 35.816666666666677 ] ] ] } },
{ "type": "Feature", "properties": { "mesh": "53405390", "n_rl_records": 1, "n_rl_species": 1, "score_species_weighted": 4, "n_cr_en_species": 1, "effort_records": 12, "low_effort": true, "rl_record_share": 0.083333333333333329 }, "geometry": { "type": "Polygon", "coordinates": [ [ [ 140.3875, 35.825 ], [ 140.3875, 35.833333333333329 ], [ 140.375, 35.833333333333329 ], [ 140.375, 35.825 ], [ 140.3875, 35.825 ] ] ] } },
{ "type": "Feature", "properties": { "mesh": "53405391", "n_rl_records": 1, "n_rl_species": 1, "score_species_weighted": 2, "n_cr_en_species": 0, "effort_records": 28, "low_effort": false, "rl_record_share": 0.035714285714285712 }, "geometry": { "type": "Polygon", "coordinates": [ [ [ 140.4, 35.825 ], [ 140.4, 35.833333333333336 ], [ 140.3875, 35.833333333333329 ], [ 140.3875, 35.825 ], [ 140.4, 35.825 ] ] ] } },
{ "type": "Feature", "properties": { "mesh": "53405392", "n_rl_records": 1, "n_rl_species": 1, "score_species_weighted": 4, "n_cr_en_species": 1, "effort_records": 11, "low_effort": true, "rl_record_share": 0.090909090909090912 }, "geometry": { "type": "Polygon", "coordinates": [ [ [ 140.4125, 35.825 ], [ 140.4125, 35.833333333333336 ], [ 140.4, 35.833333333333336 ], [ 140.4, 35.825 ], [ 140.4125, 35.825 ] ] ] } },
{ "type": "Feature", "properties": { "mesh": "53405395", "n_rl_records": 1, "n_rl_species": 1, "score_species_weighted": 2, "n_cr_en_species": 0, "effort_records": 24, "low_effort": false, "rl_record_share": 0.041666666666666664 }, "geometry": { "type": "Polygon", "coordinates": [ [ [ 140.45, 35.825 ], [ 140.45, 35.833333333333336 ], [ 140.4375, 35.833333333333329 ], [ 140.4375, 35.825 ], [ 140.45, 35.825 ] ] ] } },
{ "type": "Feature", "properties": { "mesh": "53405406", "n_rl_records": 4, "n_rl_species": 2, "score_species_weighted": 5, "n_cr_en_species": 1, "effort_records": 80, "low_effort": false, "rl_record_share": 0.05 }, "geometry": { "type": "Polygon", "coordinates": [ [ [ 140.5875, 35.75 ], [ 140.5875, 35.758333333333333 ], [ 140.575, 35.758333333333333 ], [ 140.575, 35.75 ], [ 140.5875, 35.75 ] ] ] } },
{ "type": "Feature", "properties": { "mesh": "53405409", "n_rl_records": 3, "n_rl_species": 1, "score_species_weighted": 2, "n_cr_en_species": 0, "effort_records": 27, "low_effort": false, "rl_record_share": 0.1111111111111111 }, "geometry": { "type": "Polygon", "coordinates": [ [ [ 140.625, 35.75 ], [ 140.625, 35.758333333333333 ], [ 140.6125, 35.758333333333333 ], [ 140.6125, 35.75 ], [ 140.625, 35.75 ] ] ] } },
{ "type": "Feature", "properties": { "mesh": "53405432", "n_rl_records": 1, "n_rl_species": 1, "score_species_weighted": 1, "n_cr_en_species": 0, "effort_records": 30, "low_effort": false, "rl_record_share": 0.033333333333333333 }, "geometry": { "type": "Polygon", "coordinates": [ [ [ 140.5375, 35.775 ], [ 140.5375, 35.783333333333331 ], [ 140.525, 35.783333333333331 ], [ 140.525, 35.775 ], [ 140.5375, 35.775 ] ] ] } },
{ "type": "Feature", "properties": { "mesh": "53405442", "n_rl_records": 1, "n_rl_species": 1, "score_species_weighted": 2, "n_cr_en_species": 0, "effort_records": 40, "low_effort": false, "rl_record_share": 0.025 }, "geometry": { "type": "Polygon", "coordinates": [ [ [ 140.5375, 35.783333333333331 ], [ 140.5375, 35.791666666666664 ], [ 140.525, 35.791666666666664 ], [ 140.525, 35.783333333333331 ], [ 140.5375, 35.783333333333331 ] ] ] } },
{ "type": "Feature", "properties": { "mesh": "53405450", "n_rl_records": 1, "n_rl_species": 1, "score_species_weighted": 2, "n_cr_en_species": 0, "effort_records": 33, "low_effort": false, "rl_record_share": 0.030303030303030304 }, "geometry": { "type": "Polygon", "coordinates": [ [ [ 140.5125, 35.791666666666664 ], [ 140.5125, 35.8 ], [ 140.5, 35.8 ], [ 140.5, 35.791666666666664 ], [ 140.5125, 35.791666666666664 ] ] ] } },
{ "type": "Feature", "properties": { "mesh": "53405451", "n_rl_records": 4, "n_rl_species": 2, "score_species_weighted": 7, "n_cr_en_species": 2, "effort_records": 26, "low_effort": false, "rl_record_share": 0.15384615384615385 }, "geometry": { "type": "Polygon", "coordinates": [ [ [ 140.525, 35.791666666666664 ], [ 140.525, 35.8 ], [ 140.5125, 35.8 ], [ 140.5125, 35.791666666666664 ], [ 140.525, 35.791666666666664 ] ] ] } },
{ "type": "Feature", "properties": { "mesh": "53405459", "n_rl_records": 2, "n_rl_species": 1, "score_species_weighted": 2, "n_cr_en_species": 0, "effort_records": 4, "low_effort": true, "rl_record_share": 0.5 }, "geometry": { "type": "Polygon", "coordinates": [ [ [ 140.625, 35.791666666666664 ], [ 140.625, 35.8 ], [ 140.6125, 35.8 ], [ 140.6125, 35.791666666666664 ], [ 140.625, 35.791666666666664 ] ] ] } },
{ "type": "Feature", "properties": { "mesh": "53405461", "n_rl_records": 1, "n_rl_species": 1, "score_species_weighted": 2, "n_cr_en_species": 0, "effort_records": 17, "low_effort": true, "rl_record_share": 0.058823529411764705 }, "geometry": { "type": "Polygon", "coordinates": [ [ [ 140.525, 35.8 ], [ 140.525, 35.808333333333323 ], [ 140.5125, 35.808333333333323 ], [ 140.5125, 35.8 ], [ 140.525, 35.8 ] ] ] } },
{ "type": "Feature", "properties": { "mesh": "53405462", "n_rl_records": 2, "n_rl_species": 1, "score_species_weighted": 2, "n_cr_en_species": 0, "effort_records": 17, "low_effort": true, "rl_record_share": 0.11764705882352941 }, "geometry": { "type": "Polygon", "coordinates": [ [ [ 140.5375, 35.8 ], [ 140.5375, 35.80833333333333 ], [ 140.525, 35.808333333333323 ], [ 140.525, 35.8 ], [ 140.5375, 35.8 ] ] ] } },
{ "type": "Feature", "properties": { "mesh": "53405470", "n_rl_records": 1, "n_rl_species": 1, "score_species_weighted": 2, "n_cr_en_species": 0, "effort_records": 8, "low_effort": true, "rl_record_share": 0.125 }, "geometry": { "type": "Polygon", "coordinates": [ [ [ 140.5125, 35.808333333333323 ], [ 140.5125, 35.816666666666663 ], [ 140.5, 35.81666666666667 ], [ 140.5, 35.808333333333323 ], [ 140.5125, 35.808333333333323 ] ] ] } },
{ "type": "Feature", "properties": { "mesh": "53405476", "n_rl_records": 207, "n_rl_species": 7, "score_species_weighted": 15, "n_cr_en_species": 2, "effort_records": 2812, "low_effort": false, "rl_record_share": 0.073613086770981509 }, "geometry": { "type": "Polygon", "coordinates": [ [ [ 140.5875, 35.80833333333333 ], [ 140.5875, 35.816666666666663 ], [ 140.575, 35.81666666666667 ], [ 140.575, 35.80833333333333 ], [ 140.5875, 35.80833333333333 ] ] ] } },
{ "type": "Feature", "properties": { "mesh": "53405477", "n_rl_records": 2, "n_rl_species": 1, "score_species_weighted": 2, "n_cr_en_species": 0, "effort_records": 40, "low_effort": false, "rl_record_share": 0.05 }, "geometry": { "type": "Polygon", "coordinates": [ [ [ 140.6, 35.808333333333337 ], [ 140.6, 35.81666666666667 ], [ 140.5875, 35.81666666666667 ], [ 140.5875, 35.80833333333333 ], [ 140.6, 35.808333333333337 ] ] ] } },
{ "type": "Feature", "properties": { "mesh": "53405478", "n_rl_records": 1, "n_rl_species": 1, "score_species_weighted": 2, "n_cr_en_species": 0, "effort_records": 26, "low_effort": false, "rl_record_share": 0.038461538461538464 }, "geometry": { "type": "Polygon", "coordinates": [ [ [ 140.6125, 35.80833333333333 ], [ 140.6125, 35.81666666666667 ], [ 140.6, 35.81666666666667 ], [ 140.6, 35.808333333333337 ], [ 140.6125, 35.80833333333333 ] ] ] } },
{ "type": "Feature", "properties": { "mesh": "53405479", "n_rl_records": 2, "n_rl_species": 1, "score_species_weighted": 2, "n_cr_en_species": 0, "effort_records": 4, "low_effort": true, "rl_record_share": 0.5 }, "geometry": { "type": "Polygon", "coordinates": [ [ [ 140.625, 35.80833333333333 ], [ 140.625, 35.81666666666667 ], [ 140.6125, 35.81666666666667 ], [ 140.6125, 35.80833333333333 ], [ 140.625, 35.80833333333333 ] ] ] } },
{ "type": "Feature", "properties": { "mesh": "53405481", "n_rl_records": 3, "n_rl_species": 1, "score_species_weighted": 2, "n_cr_en_species": 0, "effort_records": 6, "low_effort": true, "rl_record_share": 0.5 }, "geometry": { "type": "Polygon", "coordinates": [ [ [ 140.525, 35.81666666666667 ], [ 140.525, 35.825 ], [ 140.5125, 35.825 ], [ 140.5125, 35.816666666666663 ], [ 140.525, 35.81666666666667 ] ] ] } },
{ "type": "Feature", "properties": { "mesh": "53405485", "n_rl_records": 2, "n_rl_species": 1, "score_species_weighted": 2, "n_cr_en_species": 0, "effort_records": 6, "low_effort": true, "rl_record_share": 0.33333333333333331 }, "geometry": { "type": "Polygon", "coordinates": [ [ [ 140.575, 35.81666666666667 ], [ 140.575, 35.825 ], [ 140.5625, 35.825 ], [ 140.5625, 35.81666666666667 ], [ 140.575, 35.81666666666667 ] ] ] } },
{ "type": "Feature", "properties": { "mesh": "53405486", "n_rl_records": 1, "n_rl_species": 1, "score_species_weighted": 2, "n_cr_en_species": 0, "effort_records": 4, "low_effort": true, "rl_record_share": 0.25 }, "geometry": { "type": "Polygon", "coordinates": [ [ [ 140.5875, 35.816666666666663 ], [ 140.5875, 35.825 ], [ 140.575, 35.825 ], [ 140.575, 35.81666666666667 ], [ 140.5875, 35.816666666666663 ] ] ] } },
{ "type": "Feature", "properties": { "mesh": "53405504", "n_rl_records": 7, "n_rl_species": 3, "score_species_weighted": 5, "n_cr_en_species": 0, "effort_records": 94, "low_effort": false, "rl_record_share": 0.074468085106382975 }, "geometry": { "type": "Polygon", "coordinates": [ [ [ 140.6875, 35.75 ], [ 140.6875, 35.758333333333333 ], [ 140.675, 35.75833333333334 ], [ 140.675, 35.75 ], [ 140.6875, 35.75 ] ] ] } },
{ "type": "Feature", "properties": { "mesh": "53405511", "n_rl_records": 3, "n_rl_species": 2, "score_species_weighted": 5, "n_cr_en_species": 1, "effort_records": 15, "low_effort": true, "rl_record_share": 0.2 }, "geometry": { "type": "Polygon", "coordinates": [ [ [ 140.65, 35.758333333333333 ], [ 140.65, 35.766666666666659 ], [ 140.6375, 35.766666666666659 ], [ 140.6375, 35.758333333333333 ], [ 140.65, 35.758333333333333 ] ] ] } },
{ "type": "Feature", "properties": { "mesh": "53405512", "n_rl_records": 10, "n_rl_species": 3, "score_species_weighted": 9, "n_cr_en_species": 2, "effort_records": 195, "low_effort": false, "rl_record_share": 0.05128205128205128 }, "geometry": { "type": "Polygon", "coordinates": [ [ [ 140.6625, 35.758333333333333 ], [ 140.6625, 35.766666666666666 ], [ 140.65, 35.766666666666659 ], [ 140.65, 35.758333333333333 ], [ 140.6625, 35.758333333333333 ] ] ] } },
{ "type": "Feature", "properties": { "mesh": "53405514", "n_rl_records": 1, "n_rl_species": 1, "score_species_weighted": 2, "n_cr_en_species": 0, "effort_records": 26, "low_effort": false, "rl_record_share": 0.038461538461538464 }, "geometry": { "type": "Polygon", "coordinates": [ [ [ 140.6875, 35.758333333333333 ], [ 140.6875, 35.766666666666659 ], [ 140.675, 35.766666666666666 ], [ 140.675, 35.75833333333334 ], [ 140.6875, 35.758333333333333 ] ] ] } },
{ "type": "Feature", "properties": { "mesh": "53405515", "n_rl_records": 1, "n_rl_species": 1, "score_species_weighted": 2, "n_cr_en_species": 0, "effort_records": 9, "low_effort": true, "rl_record_share": 0.1111111111111111 }, "geometry": { "type": "Polygon", "coordinates": [ [ [ 140.7, 35.758333333333326 ], [ 140.7, 35.766666666666659 ], [ 140.6875, 35.766666666666659 ], [ 140.6875, 35.758333333333333 ], [ 140.7, 35.758333333333326 ] ] ] } },
{ "type": "Feature", "properties": { "mesh": "53405517", "n_rl_records": 1, "n_rl_species": 1, "score_species_weighted": 2, "n_cr_en_species": 0, "effort_records": 5, "low_effort": true, "rl_record_share": 0.2 }, "geometry": { "type": "Polygon", "coordinates": [ [ [ 140.725, 35.758333333333333 ], [ 140.725, 35.766666666666659 ], [ 140.7125, 35.766666666666659 ], [ 140.7125, 35.758333333333333 ], [ 140.725, 35.758333333333333 ] ] ] } },
{ "type": "Feature", "properties": { "mesh": "53405524", "n_rl_records": 3, "n_rl_species": 2, "score_species_weighted": 7, "n_cr_en_species": 2, "effort_records": 16, "low_effort": true, "rl_record_share": 0.1875 }, "geometry": { "type": "Polygon", "coordinates": [ [ [ 140.6875, 35.766666666666659 ], [ 140.6875, 35.775 ], [ 140.675, 35.775 ], [ 140.675, 35.766666666666666 ], [ 140.6875, 35.766666666666659 ] ] ] } },
{ "type": "Feature", "properties": { "mesh": "53405530", "n_rl_records": 2, "n_rl_species": 1, "score_species_weighted": 2, "n_cr_en_species": 0, "effort_records": 12, "low_effort": true, "rl_record_share": 0.16666666666666666 }, "geometry": { "type": "Polygon", "coordinates": [ [ [ 140.6375, 35.775 ], [ 140.6375, 35.783333333333331 ], [ 140.625, 35.783333333333331 ], [ 140.625, 35.775 ], [ 140.6375, 35.775 ] ] ] } },
{ "type": "Feature", "properties": { "mesh": "53405531", "n_rl_records": 3, "n_rl_species": 1, "score_species_weighted": 2, "n_cr_en_species": 0, "effort_records": 12, "low_effort": true, "rl_record_share": 0.25 }, "geometry": { "type": "Polygon", "coordinates": [ [ [ 140.65, 35.775 ], [ 140.65, 35.783333333333331 ], [ 140.6375, 35.783333333333331 ], [ 140.6375, 35.775 ], [ 140.65, 35.775 ] ] ] } },
{ "type": "Feature", "properties": { "mesh": "53405533", "n_rl_records": 112, "n_rl_species": 5, "score_species_weighted": 12, "n_cr_en_species": 2, "effort_records": 1152, "low_effort": false, "rl_record_share": 0.097222222222222224 }, "geometry": { "type": "Polygon", "coordinates": [ [ [ 140.675, 35.775 ], [ 140.675, 35.783333333333331 ], [ 140.6625, 35.783333333333331 ], [ 140.6625, 35.775 ], [ 140.675, 35.775 ] ] ] } },
{ "type": "Feature", "properties": { "mesh": "53405534", "n_rl_records": 76, "n_rl_species": 6, "score_species_weighted": 15, "n_cr_en_species": 3, "effort_records": 1392, "low_effort": false, "rl_record_share": 0.05459770114942529 }, "geometry": { "type": "Polygon", "coordinates": [ [ [ 140.6875, 35.775 ], [ 140.6875, 35.783333333333331 ], [ 140.675, 35.783333333333331 ], [ 140.675, 35.775 ], [ 140.6875, 35.775 ] ] ] } },
{ "type": "Feature", "properties": { "mesh": "53405535", "n_rl_records": 4, "n_rl_species": 4, "score_species_weighted": 9, "n_cr_en_species": 1, "effort_records": 11, "low_effort": true, "rl_record_share": 0.36363636363636365 }, "geometry": { "type": "Polygon", "coordinates": [ [ [ 140.7, 35.775 ], [ 140.7, 35.783333333333331 ], [ 140.6875, 35.783333333333331 ], [ 140.6875, 35.775 ], [ 140.7, 35.775 ] ] ] } },
{ "type": "Feature", "properties": { "mesh": "53405537", "n_rl_records": 2, "n_rl_species": 2, "score_species_weighted": 5, "n_cr_en_species": 1, "effort_records": 34, "low_effort": false, "rl_record_share": 0.058823529411764705 }, "geometry": { "type": "Polygon", "coordinates": [ [ [ 140.725, 35.775 ], [ 140.725, 35.783333333333331 ], [ 140.7125, 35.783333333333331 ], [ 140.7125, 35.775 ], [ 140.725, 35.775 ] ] ] } },
{ "type": "Feature", "properties": { "mesh": "53405538", "n_rl_records": 1, "n_rl_species": 1, "score_species_weighted": 3, "n_cr_en_species": 1, "effort_records": 1, "low_effort": true, "rl_record_share": 1.0 }, "geometry": { "type": "Polygon", "coordinates": [ [ [ 140.7375, 35.775 ], [ 140.7375, 35.783333333333324 ], [ 140.725, 35.783333333333331 ], [ 140.725, 35.775 ], [ 140.7375, 35.775 ] ] ] } },
{ "type": "Feature", "properties": { "mesh": "53405548", "n_rl_records": 3, "n_rl_species": 1, "score_species_weighted": 3, "n_cr_en_species": 1, "effort_records": 3, "low_effort": true, "rl_record_share": 1.0 }, "geometry": { "type": "Polygon", "coordinates": [ [ [ 140.7375, 35.783333333333324 ], [ 140.7375, 35.791666666666664 ], [ 140.725, 35.791666666666657 ], [ 140.725, 35.783333333333331 ], [ 140.7375, 35.783333333333324 ] ] ] } },
{ "type": "Feature", "properties": { "mesh": "53405552", "n_rl_records": 3, "n_rl_species": 1, "score_species_weighted": 1, "n_cr_en_species": 0, "effort_records": 65, "low_effort": false, "rl_record_share": 0.046153846153846156 }, "geometry": { "type": "Polygon", "coordinates": [ [ [ 140.6625, 35.791666666666664 ], [ 140.6625, 35.8 ], [ 140.65, 35.8 ], [ 140.65, 35.791666666666664 ], [ 140.6625, 35.791666666666664 ] ] ] } },
{ "type": "Feature", "properties": { "mesh": "53405554", "n_rl_records": 1, "n_rl_species": 1, "score_species_weighted": 3, "n_cr_en_species": 1, "effort_records": 6, "low_effort": true, "rl_record_share": 0.16666666666666666 }, "geometry": { "type": "Polygon", "coordinates": [ [ [ 140.6875, 35.791666666666657 ], [ 140.6875, 35.8 ], [ 140.675, 35.8 ], [ 140.675, 35.791666666666657 ], [ 140.6875, 35.791666666666657 ] ] ] } },
{ "type": "Feature", "properties": { "mesh": "53405557", "n_rl_records": 1, "n_rl_species": 1, "score_species_weighted": 4, "n_cr_en_species": 1, "effort_records": 147, "low_effort": false, "rl_record_share": 0.0068027210884353739 }, "geometry": { "type": "Polygon", "coordinates": [ [ [ 140.725, 35.791666666666657 ], [ 140.725, 35.8 ], [ 140.7125, 35.8 ], [ 140.7125, 35.791666666666664 ], [ 140.725, 35.791666666666657 ] ] ] } },
{ "type": "Feature", "properties": { "mesh": "53405560", "n_rl_records": 2, "n_rl_species": 1, "score_species_weighted": 2, "n_cr_en_species": 0, "effort_records": 11, "low_effort": true, "rl_record_share": 0.18181818181818182 }, "geometry": { "type": "Polygon", "coordinates": [ [ [ 140.6375, 35.8 ], [ 140.6375, 35.80833333333333 ], [ 140.625, 35.80833333333333 ], [ 140.625, 35.8 ], [ 140.6375, 35.8 ] ] ] } },
{ "type": "Feature", "properties": { "mesh": "53405561", "n_rl_records": 1, "n_rl_species": 1, "score_species_weighted": 2, "n_cr_en_species": 0, "effort_records": 1, "low_effort": true, "rl_record_share": 1.0 }, "geometry": { "type": "Polygon", "coordinates": [ [ [ 140.65, 35.8 ], [ 140.65, 35.808333333333323 ], [ 140.6375, 35.80833333333333 ], [ 140.6375, 35.8 ], [ 140.65, 35.8 ] ] ] } },
{ "type": "Feature", "properties": { "mesh": "53405563", "n_rl_records": 1, "n_rl_species": 1, "score_species_weighted": 2, "n_cr_en_species": 0, "effort_records": 3, "low_effort": true, "rl_record_share": 0.33333333333333331 }, "geometry": { "type": "Polygon", "coordinates": [ [ [ 140.675, 35.8 ], [ 140.675, 35.80833333333333 ], [ 140.6625, 35.80833333333333 ], [ 140.6625, 35.8 ], [ 140.675, 35.8 ] ] ] } },
{ "type": "Feature", "properties": { "mesh": "53405570", "n_rl_records": 2, "n_rl_species": 1, "score_species_weighted": 2, "n_cr_en_species": 0, "effort_records": 2, "low_effort": true, "rl_record_share": 1.0 }, "geometry": { "type": "Polygon", "coordinates": [ [ [ 140.6375, 35.80833333333333 ], [ 140.6375, 35.81666666666667 ], [ 140.625, 35.81666666666667 ], [ 140.625, 35.80833333333333 ], [ 140.6375, 35.80833333333333 ] ] ] } },
{ "type": "Feature", "properties": { "mesh": "53405580", "n_rl_records": 1, "n_rl_species": 1, "score_species_weighted": 2, "n_cr_en_species": 0, "effort_records": 3, "low_effort": true, "rl_record_share": 0.33333333333333331 }, "geometry": { "type": "Polygon", "coordinates": [ [ [ 140.6375, 35.81666666666667 ], [ 140.6375, 35.825 ], [ 140.625, 35.825 ], [ 140.625, 35.81666666666667 ], [ 140.6375, 35.81666666666667 ] ] ] } },
{ "type": "Feature", "properties": { "mesh": "53405595", "n_rl_records": 7, "n_rl_species": 3, "score_species_weighted": 6, "n_cr_en_species": 1, "effort_records": 68, "low_effort": false, "rl_record_share": 0.10294117647058823 }, "geometry": { "type": "Polygon", "coordinates": [ [ [ 140.7, 35.825 ], [ 140.7, 35.833333333333336 ], [ 140.6875, 35.833333333333336 ], [ 140.6875, 35.825 ], [ 140.7, 35.825 ] ] ] } },
{ "type": "Feature", "properties": { "mesh": "53405601", "n_rl_records": 2, "n_rl_species": 2, "score_species_weighted": 6, "n_cr_en_species": 1, "effort_records": 14, "low_effort": true, "rl_record_share": 0.14285714285714285 }, "geometry": { "type": "Polygon", "coordinates": [ [ [ 140.775, 35.75 ], [ 140.775, 35.758333333333333 ], [ 140.7625, 35.758333333333333 ], [ 140.7625, 35.75 ], [ 140.775, 35.75 ] ] ] } },
{ "type": "Feature", "properties": { "mesh": "53405603", "n_rl_records": 6, "n_rl_species": 4, "score_species_weighted": 11, "n_cr_en_species": 3, "effort_records": 106, "low_effort": false, "rl_record_share": 0.056603773584905662 }, "geometry": { "type": "Polygon", "coordinates": [ [ [ 140.8, 35.75 ], [ 140.8, 35.758333333333333 ], [ 140.7875, 35.758333333333333 ], [ 140.7875, 35.75 ], [ 140.8, 35.75 ] ] ] } },
{ "type": "Feature", "properties": { "mesh": "53405612", "n_rl_records": 4, "n_rl_species": 4, "score_species_weighted": 7, "n_cr_en_species": 1, "effort_records": 24, "low_effort": false, "rl_record_share": 0.16666666666666666 }, "geometry": { "type": "Polygon", "coordinates": [ [ [ 140.7875, 35.758333333333333 ], [ 140.7875, 35.766666666666659 ], [ 140.775, 35.766666666666666 ], [ 140.775, 35.758333333333333 ], [ 140.7875, 35.758333333333333 ] ] ] } },
{ "type": "Feature", "properties": { "mesh": "53406004", "n_rl_records": 26, "n_rl_species": 9, "score_species_weighted": 21, "n_cr_en_species": 4, "effort_records": 358, "low_effort": false, "rl_record_share": 0.072625698324022353 }, "geometry": { "type": "Polygon", "coordinates": [ [ [ 140.0625, 35.833333333333329 ], [ 140.0625, 35.841666666666676 ], [ 140.05, 35.841666666666669 ], [ 140.05, 35.833333333333329 ], [ 140.0625, 35.833333333333329 ] ] ] } },
{ "type": "Feature", "properties": { "mesh": "53406007", "n_rl_records": 3, "n_rl_species": 3, "score_species_weighted": 9, "n_cr_en_species": 2, "effort_records": 29, "low_effort": false, "rl_record_share": 0.10344827586206896 }, "geometry": { "type": "Polygon", "coordinates": [ [ [ 140.1, 35.833333333333329 ], [ 140.1, 35.841666666666676 ], [ 140.0875, 35.841666666666676 ], [ 140.0875, 35.833333333333329 ], [ 140.1, 35.833333333333329 ] ] ] } },
{ "type": "Feature", "properties": { "mesh": "53406008", "n_rl_records": 4, "n_rl_species": 2, "score_species_weighted": 5, "n_cr_en_species": 1, "effort_records": 91, "low_effort": false, "rl_record_share": 0.043956043956043959 }, "geometry": { "type": "Polygon", "coordinates": [ [ [ 140.1125, 35.833333333333329 ], [ 140.1125, 35.841666666666676 ], [ 140.1, 35.841666666666676 ], [ 140.1, 35.833333333333329 ], [ 140.1125, 35.833333333333329 ] ] ] } },
{ "type": "Feature", "properties": { "mesh": "53406009", "n_rl_records": 5, "n_rl_species": 2, "score_species_weighted": 5, "n_cr_en_species": 1, "effort_records": 126, "low_effort": false, "rl_record_share": 0.03968253968253968 }, "geometry": { "type": "Polygon", "coordinates": [ [ [ 140.125, 35.833333333333336 ], [ 140.125, 35.841666666666676 ], [ 140.1125, 35.841666666666676 ], [ 140.1125, 35.833333333333329 ], [ 140.125, 35.833333333333336 ] ] ] } },
{ "type": "Feature", "properties": { "mesh": "53406012", "n_rl_records": 2, "n_rl_species": 2, "score_species_weighted": 5, "n_cr_en_species": 1, "effort_records": 62, "low_effort": false, "rl_record_share": 0.032258064516129031 }, "geometry": { "type": "Polygon", "coordinates": [ [ [ 140.0375, 35.841666666666669 ], [ 140.0375, 35.85 ], [ 140.025, 35.85 ], [ 140.025, 35.841666666666676 ], [ 140.0375, 35.841666666666669 ] ] ] } },
{ "type": "Feature", "properties": { "mesh": "53406014", "n_rl_records": 25, "n_rl_species": 5, "score_species_weighted": 12, "n_cr_en_species": 2, "effort_records": 490, "low_effort": false, "rl_record_share": 0.051020408163265307 }, "geometry": { "type": "Polygon", "coordinates": [ [ [ 140.0625, 35.841666666666676 ], [ 140.0625, 35.85 ], [ 140.05, 35.85 ], [ 140.05, 35.841666666666669 ], [ 140.0625, 35.841666666666676 ] ] ] } },
{ "type": "Feature", "properties": { "mesh": "53406015", "n_rl_records": 9, "n_rl_species": 6, "score_species_weighted": 14, "n_cr_en_species": 3, "effort_records": 119, "low_effort": false, "rl_record_share": 0.075630252100840331 }, "geometry": { "type": "Polygon", "coordinates": [ [ [ 140.075, 35.841666666666676 ], [ 140.075, 35.85 ], [ 140.0625, 35.85 ], [ 140.0625, 35.841666666666676 ], [ 140.075, 35.841666666666676 ] ] ] } },
{ "type": "Feature", "properties": { "mesh": "53406016", "n_rl_records": 1, "n_rl_species": 1, "score_species_weighted": 1, "n_cr_en_species": 0, "effort_records": 56, "low_effort": false, "rl_record_share": 0.017857142857142856 }, "geometry": { "type": "Polygon", "coordinates": [ [ [ 140.0875, 35.841666666666676 ], [ 140.0875, 35.85 ], [ 140.075, 35.85 ], [ 140.075, 35.841666666666676 ], [ 140.0875, 35.841666666666676 ] ] ] } },
{ "type": "Feature", "properties": { "mesh": "53406017", "n_rl_records": 1, "n_rl_species": 1, "score_species_weighted": 3, "n_cr_en_species": 1, "effort_records": 17, "low_effort": true, "rl_record_share": 0.058823529411764705 }, "geometry": { "type": "Polygon", "coordinates": [ [ [ 140.1, 35.841666666666676 ], [ 140.1, 35.85 ], [ 140.0875, 35.85 ], [ 140.0875, 35.841666666666676 ], [ 140.1, 35.841666666666676 ] ] ] } },
{ "type": "Feature", "properties": { "mesh": "53406018", "n_rl_records": 2, "n_rl_species": 2, "score_species_weighted": 3, "n_cr_en_species": 0, "effort_records": 57, "low_effort": false, "rl_record_share": 0.035087719298245612 }, "geometry": { "type": "Polygon", "coordinates": [ [ [ 140.1125, 35.841666666666676 ], [ 140.1125, 35.85 ], [ 140.1, 35.85 ], [ 140.1, 35.841666666666676 ], [ 140.1125, 35.841666666666676 ] ] ] } },
{ "type": "Feature", "properties": { "mesh": "53406020", "n_rl_records": 1, "n_rl_species": 1, "score_species_weighted": 1, "n_cr_en_species": 0, "effort_records": 82, "low_effort": false, "rl_record_share": 0.012195121951219513 }, "geometry": { "type": "Polygon", "coordinates": [ [ [ 140.0125, 35.85 ], [ 140.0125, 35.858333333333341 ], [ 140.0, 35.858333333333327 ], [ 140.0, 35.85 ], [ 140.0125, 35.85 ] ] ] } },
{ "type": "Feature", "properties": { "mesh": "53406021", "n_rl_records": 4, "n_rl_species": 3, "score_species_weighted": 7, "n_cr_en_species": 1, "effort_records": 58, "low_effort": false, "rl_record_share": 0.068965517241379309 }, "geometry": { "type": "Polygon", "coordinates": [ [ [ 140.025, 35.85 ], [ 140.025, 35.858333333333327 ], [ 140.0125, 35.858333333333341 ], [ 140.0125, 35.85 ], [ 140.025, 35.85 ] ] ] } },
{ "type": "Feature", "properties": { "mesh": "53406022", "n_rl_records": 6, "n_rl_species": 3, "score_species_weighted": 7, "n_cr_en_species": 1, "effort_records": 170, "low_effort": false, "rl_record_share": 0.035294117647058823 }, "geometry": { "type": "Polygon", "coordinates": [ [ [ 140.0375, 35.85 ], [ 140.0375, 35.858333333333327 ], [ 140.025, 35.858333333333327 ], [ 140.025, 35.85 ], [ 140.0375, 35.85 ] ] ] } },
{ "type": "Feature", "properties": { "mesh": "53406023", "n_rl_records": 16, "n_rl_species": 5, "score_species_weighted": 12, "n_cr_en_species": 2, "effort_records": 398, "low_effort": false, "rl_record_share": 0.040201005025125629 }, "geometry": { "type": "Polygon", "coordinates": [ [ [ 140.05, 35.85 ], [ 140.05, 35.858333333333334 ], [ 140.0375, 35.858333333333327 ], [ 140.0375, 35.85 ], [ 140.05, 35.85 ] ] ] } },
{ "type": "Feature", "properties": { "mesh": "53406025", "n_rl_records": 42, "n_rl_species": 6, "score_species_weighted": 15, "n_cr_en_species": 3, "effort_records": 1199, "low_effort": false, "rl_record_share": 0.035029190992493742 }, "geometry": { "type": "Polygon", "coordinates": [ [ [ 140.075, 35.85 ], [ 140.075, 35.858333333333334 ], [ 140.0625, 35.858333333333341 ], [ 140.0625, 35.85 ], [ 140.075, 35.85 ] ] ] } },
{ "type": "Feature", "properties": { "mesh": "53406026", "n_rl_records": 3, "n_rl_species": 1, "score_species_weighted": 4, "n_cr_en_species": 1, "effort_records": 105, "low_effort": false, "rl_record_share": 0.028571428571428571 }, "geometry": { "type": "Polygon", "coordinates": [ [ [ 140.0875, 35.85 ], [ 140.0875, 35.858333333333334 ], [ 140.075, 35.858333333333334 ], [ 140.075, 35.85 ], [ 140.0875, 35.85 ] ] ] } },
{ "type": "Feature", "properties": { "mesh": "53406030", "n_rl_records": 1, "n_rl_species": 1, "score_species_weighted": 4, "n_cr_en_species": 1, "effort_records": 64, "low_effort": false, "rl_record_share": 0.015625 }, "geometry": { "type": "Polygon", "coordinates": [ [ [ 140.0125, 35.858333333333341 ], [ 140.0125, 35.866666666666667 ], [ 140.0, 35.866666666666667 ], [ 140.0, 35.858333333333327 ], [ 140.0125, 35.858333333333341 ] ] ] } },
{ "type": "Feature", "properties": { "mesh": "53406031", "n_rl_records": 35, "n_rl_species": 6, "score_species_weighted": 14, "n_cr_en_species": 2, "effort_records": 1098, "low_effort": false, "rl_record_share": 0.031876138433515486 }, "geometry": { "type": "Polygon", "coordinates": [ [ [ 140.025, 35.858333333333327 ], [ 140.025, 35.866666666666667 ], [ 140.0125, 35.866666666666667 ], [ 140.0125, 35.858333333333341 ], [ 140.025, 35.858333333333327 ] ] ] } },
{ "type": "Feature", "properties": { "mesh": "53406032", "n_rl_records": 139, "n_rl_species": 12, "score_species_weighted": 26, "n_cr_en_species": 4, "effort_records": 5670, "low_effort": false, "rl_record_share": 0.024514991181657848 }, "geometry": { "type": "Polygon", "coordinates": [ [ [ 140.0375, 35.858333333333327 ], [ 140.0375, 35.866666666666667 ], [ 140.025, 35.866666666666667 ], [ 140.025, 35.858333333333327 ], [ 140.0375, 35.858333333333327 ] ] ] } },
{ "type": "Feature", "properties": { "mesh": "53406033", "n_rl_records": 17, "n_rl_species": 4, "score_species_weighted": 9, "n_cr_en_species": 1, "effort_records": 664, "low_effort": false, "rl_record_share": 0.025602409638554216 }, "geometry": { "type": "Polygon", "coordinates": [ [ [ 140.05, 35.858333333333334 ], [ 140.05, 35.866666666666667 ], [ 140.0375, 35.866666666666667 ], [ 140.0375, 35.858333333333327 ], [ 140.05, 35.858333333333334 ] ] ] } },
{ "type": "Feature", "properties": { "mesh": "53406035", "n_rl_records": 3, "n_rl_species": 2, "score_species_weighted": 5, "n_cr_en_species": 1, "effort_records": 88, "low_effort": false, "rl_record_share": 0.034090909090909088 }, "geometry": { "type": "Polygon", "coordinates": [ [ [ 140.075, 35.858333333333334 ], [ 140.075, 35.866666666666667 ], [ 140.0625, 35.866666666666667 ], [ 140.0625, 35.858333333333341 ], [ 140.075, 35.858333333333334 ] ] ] } },
{ "type": "Feature", "properties": { "mesh": "53406036", "n_rl_records": 1, "n_rl_species": 1, "score_species_weighted": 2, "n_cr_en_species": 0, "effort_records": 13, "low_effort": true, "rl_record_share": 0.076923076923076927 }, "geometry": { "type": "Polygon", "coordinates": [ [ [ 140.0875, 35.858333333333334 ], [ 140.0875, 35.866666666666667 ], [ 140.075, 35.866666666666667 ], [ 140.075, 35.858333333333334 ], [ 140.0875, 35.858333333333334 ] ] ] } },
{ "type": "Feature", "properties": { "mesh": "53406039", "n_rl_records": 4, "n_rl_species": 3, "score_species_weighted": 4, "n_cr_en_species": 0, "effort_records": 110, "low_effort": false, "rl_record_share": 0.036363636363636362 }, "geometry": { "type": "Polygon", "coordinates": [ [ [ 140.125, 35.858333333333341 ], [ 140.125, 35.866666666666667 ], [ 140.1125, 35.866666666666667 ], [ 140.1125, 35.858333333333334 ], [ 140.125, 35.858333333333341 ] ] ] } },
{ "type": "Feature", "properties": { "mesh": "53406040", "n_rl_records": 1, "n_rl_species": 1, "score_species_weighted": 3, "n_cr_en_species": 1, "effort_records": 11, "low_effort": true, "rl_record_share": 0.090909090909090912 }, "geometry": { "type": "Polygon", "coordinates": [ [ [ 140.0125, 35.866666666666667 ], [ 140.0125, 35.875 ], [ 140.0, 35.875 ], [ 140.0, 35.866666666666667 ], [ 140.0125, 35.866666666666667 ] ] ] } },
{ "type": "Feature", "properties": { "mesh": "53406043", "n_rl_records": 1, "n_rl_species": 1, "score_species_weighted": 4, "n_cr_en_species": 1, "effort_records": 62, "low_effort": false, "rl_record_share": 0.016129032258064516 }, "geometry": { "type": "Polygon", "coordinates": [ [ [ 140.05, 35.866666666666667 ], [ 140.05, 35.875 ], [ 140.0375, 35.875 ], [ 140.0375, 35.866666666666667 ], [ 140.05, 35.866666666666667 ] ] ] } },
{ "type": "Feature", "properties": { "mesh": "53406044", "n_rl_records": 1, "n_rl_species": 1, "score_species_weighted": 4, "n_cr_en_species": 1, "effort_records": 41, "low_effort": false, "rl_record_share": 0.024390243902439025 }, "geometry": { "type": "Polygon", "coordinates": [ [ [ 140.0625, 35.866666666666667 ], [ 140.0625, 35.875 ], [ 140.05, 35.875 ], [ 140.05, 35.866666666666667 ], [ 140.0625, 35.866666666666667 ] ] ] } },
{ "type": "Feature", "properties": { "mesh": "53406045", "n_rl_records": 1, "n_rl_species": 1, "score_species_weighted": 4, "n_cr_en_species": 1, "effort_records": 55, "low_effort": false, "rl_record_share": 0.018181818181818181 }, "geometry": { "type": "Polygon", "coordinates": [ [ [ 140.075, 35.866666666666667 ], [ 140.075, 35.875 ], [ 140.0625, 35.875 ], [ 140.0625, 35.866666666666667 ], [ 140.075, 35.866666666666667 ] ] ] } },
{ "type": "Feature", "properties": { "mesh": "53406046", "n_rl_records": 1, "n_rl_species": 1, "score_species_weighted": 2, "n_cr_en_species": 0, "effort_records": 17, "low_effort": true, "rl_record_share": 0.058823529411764705 }, "geometry": { "type": "Polygon", "coordinates": [ [ [ 140.0875, 35.866666666666667 ], [ 140.0875, 35.875 ], [ 140.075, 35.875 ], [ 140.075, 35.866666666666667 ], [ 140.0875, 35.866666666666667 ] ] ] } },
{ "type": "Feature", "properties": { "mesh": "53406049", "n_rl_records": 3, "n_rl_species": 3, "score_species_weighted": 7, "n_cr_en_species": 1, "effort_records": 46, "low_effort": false, "rl_record_share": 0.065217391304347824 }, "geometry": { "type": "Polygon", "coordinates": [ [ [ 140.125, 35.866666666666667 ], [ 140.125, 35.875 ], [ 140.1125, 35.875 ], [ 140.1125, 35.866666666666667 ], [ 140.125, 35.866666666666667 ] ] ] } },
{ "type": "Feature", "properties": { "mesh": "53406053", "n_rl_records": 3, "n_rl_species": 1, "score_species_weighted": 4, "n_cr_en_species": 1, "effort_records": 43, "low_effort": false, "rl_record_share": 0.069767441860465115 }, "geometry": { "type": "Polygon", "coordinates": [ [ [ 140.05, 35.875 ], [ 140.05, 35.883333333333326 ], [ 140.0375, 35.883333333333333 ], [ 140.0375, 35.875 ], [ 140.05, 35.875 ] ] ] } },
{ "type": "Feature", "properties": { "mesh": "53406055", "n_rl_records": 2, "n_rl_species": 2, "score_species_weighted": 5, "n_cr_en_species": 1, "effort_records": 105, "low_effort": false, "rl_record_share": 0.019047619047619049 }, "geometry": { "type": "Polygon", "coordinates": [ [ [ 140.075, 35.875 ], [ 140.075, 35.883333333333326 ], [ 140.0625, 35.883333333333326 ], [ 140.0625, 35.875 ], [ 140.075, 35.875 ] ] ] } },
{ "type": "Feature", "properties": { "mesh": "53406057", "n_rl_records": 3, "n_rl_species": 1, "score_species_weighted": 2, "n_cr_en_species": 0, "effort_records": 63, "low_effort": false, "rl_record_share": 0.047619047619047616 }, "geometry": { "type": "Polygon", "coordinates": [ [ [ 140.1, 35.875 ], [ 140.1, 35.883333333333326 ], [ 140.0875, 35.883333333333326 ], [ 140.0875, 35.875 ], [ 140.1, 35.875 ] ] ] } },
{ "type": "Feature", "properties": { "mesh": "53406060", "n_rl_records": 2, "n_rl_species": 2, "score_species_weighted": 3, "n_cr_en_species": 0, "effort_records": 49, "low_effort": false, "rl_record_share": 0.040816326530612242 }, "geometry": { "type": "Polygon", "coordinates": [ [ [ 140.0125, 35.883333333333333 ], [ 140.0125, 35.891666666666666 ], [ 140.0, 35.891666666666666 ], [ 140.0, 35.883333333333319 ], [ 140.0125, 35.883333333333333 ] ] ] } },
{ "type": "Feature", "properties": { "mesh": "53406062", "n_rl_records": 1, "n_rl_species": 1, "score_species_weighted": 4, "n_cr_en_species": 1, "effort_records": 34, "low_effort": false, "rl_record_share": 0.029411764705882353 }, "geometry": { "type": "Polygon", "coordinates": [ [ [ 140.0375, 35.883333333333333 ], [ 140.0375, 35.891666666666673 ], [ 140.025, 35.891666666666666 ], [ 140.025, 35.883333333333326 ], [ 140.0375, 35.883333333333333 ] ] ] } },
{ "type": "Feature", "properties": { "mesh": "53406063", "n_rl_records": 1, "n_rl_species": 1, "score_species_weighted": 1, "n_cr_en_species": 0, "effort_records": 20, "low_effort": false, "rl_record_share": 0.05 }, "geometry": { "type": "Polygon", "coordinates": [ [ [ 140.05, 35.883333333333326 ], [ 140.05, 35.891666666666666 ], [ 140.0375, 35.891666666666673 ], [ 140.0375, 35.883333333333333 ], [ 140.05, 35.883333333333326 ] ] ] } },
{ "type": "Feature", "properties": { "mesh": "53406064", "n_rl_records": 1, "n_rl_species": 1, "score_species_weighted": 3, "n_cr_en_species": 1, "effort_records": 891, "low_effort": false, "rl_record_share": 0.0011223344556677891 }, "geometry": { "type": "Polygon", "coordinates": [ [ [ 140.0625, 35.883333333333326 ], [ 140.0625, 35.891666666666666 ], [ 140.05, 35.891666666666666 ], [ 140.05, 35.883333333333326 ], [ 140.0625, 35.883333333333326 ] ] ] } },
{ "type": "Feature", "properties": { "mesh": "53406072", "n_rl_records": 28, "n_rl_species": 4, "score_species_weighted": 11, "n_cr_en_species": 3, "effort_records": 671, "low_effort": false, "rl_record_share": 0.041728763040238454 }, "geometry": { "type": "Polygon", "coordinates": [ [ [ 140.0375, 35.891666666666673 ], [ 140.0375, 35.9 ], [ 140.025, 35.9 ], [ 140.025, 35.891666666666666 ], [ 140.0375, 35.891666666666673 ] ] ] } },
{ "type": "Feature", "properties": { "mesh": "53406101", "n_rl_records": 2, "n_rl_species": 2, "score_species_weighted": 2, "n_cr_en_species": 0, "effort_records": 102, "low_effort": false, "rl_record_share": 0.019607843137254902 }, "geometry": { "type": "Polygon", "coordinates": [ [ [ 140.15, 35.833333333333329 ], [ 140.15, 35.841666666666676 ], [ 140.1375, 35.841666666666669 ], [ 140.1375, 35.833333333333329 ], [ 140.15, 35.833333333333329 ] ] ] } },
{ "type": "Feature", "properties": { "mesh": "53406104", "n_rl_records": 3, "n_rl_species": 1, "score_species_weighted": 4, "n_cr_en_species": 1, "effort_records": 72, "low_effort": false, "rl_record_share": 0.041666666666666664 }, "geometry": { "type": "Polygon", "coordinates": [ [ [ 140.1875, 35.833333333333329 ], [ 140.1875, 35.841666666666669 ], [ 140.175, 35.841666666666669 ], [ 140.175, 35.833333333333336 ], [ 140.1875, 35.833333333333329 ] ] ] } },
{ "type": "Feature", "properties": { "mesh": "53406107", "n_rl_records": 1, "n_rl_species": 1, "score_species_weighted": 3, "n_cr_en_species": 1, "effort_records": 16, "low_effort": true, "rl_record_share": 0.0625 }, "geometry": { "type": "Polygon", "coordinates": [ [ [ 140.225, 35.833333333333329 ], [ 140.225, 35.841666666666676 ], [ 140.2125, 35.841666666666669 ], [ 140.2125, 35.833333333333336 ], [ 140.225, 35.833333333333329 ] ] ] } },
{ "type": "Feature", "properties": { "mesh": "53406109", "n_rl_records": 1, "n_rl_species": 1, "score_species_weighted": 4, "n_cr_en_species": 1, "effort_records": 68, "low_effort": false, "rl_record_share": 0.014705882352941176 }, "geometry": { "type": "Polygon", "coordinates": [ [ [ 140.25, 35.833333333333336 ], [ 140.25, 35.841666666666669 ], [ 140.2375, 35.841666666666676 ], [ 140.2375, 35.833333333333329 ], [ 140.25, 35.833333333333336 ] ] ] } },
{ "type": "Feature", "properties": { "mesh": "53406114", "n_rl_records": 1, "n_rl_species": 1, "score_species_weighted": 2, "n_cr_en_species": 0, "effort_records": 12, "low_effort": true, "rl_record_share": 0.083333333333333329 }, "geometry": { "type": "Polygon", "coordinates": [ [ [ 140.1875, 35.841666666666669 ], [ 140.1875, 35.85 ], [ 140.175, 35.85 ], [ 140.175, 35.841666666666669 ], [ 140.1875, 35.841666666666669 ] ] ] } },
{ "type": "Feature", "properties": { "mesh": "53406125", "n_rl_records": 1, "n_rl_species": 1, "score_species_weighted": 4, "n_cr_en_species": 1, "effort_records": 53, "low_effort": false, "rl_record_share": 0.018867924528301886 }, "geometry": { "type": "Polygon", "coordinates": [ [ [ 140.2, 35.85 ], [ 140.2, 35.858333333333334 ], [ 140.1875, 35.858333333333341 ], [ 140.1875, 35.85 ], [ 140.2, 35.85 ] ] ] } },
{ "type": "Feature", "properties": { "mesh": "53406126", "n_rl_records": 1, "n_rl_species": 1, "score_species_weighted": 3, "n_cr_en_species": 1, "effort_records": 11, "low_effort": true, "rl_record_share": 0.090909090909090912 }, "geometry": { "type": "Polygon", "coordinates": [ [ [ 140.2125, 35.85 ], [ 140.2125, 35.858333333333341 ], [ 140.2, 35.858333333333334 ], [ 140.2, 35.85 ], [ 140.2125, 35.85 ] ] ] } },
{ "type": "Feature", "properties": { "mesh": "53406127", "n_rl_records": 1, "n_rl_species": 1, "score_species_weighted": 1, "n_cr_en_species": 0, "effort_records": 6, "low_effort": true, "rl_record_share": 0.16666666666666666 }, "geometry": { "type": "Polygon", "coordinates": [ [ [ 140.225, 35.85 ], [ 140.225, 35.858333333333334 ], [ 140.2125, 35.858333333333341 ], [ 140.2125, 35.85 ], [ 140.225, 35.85 ] ] ] } },
{ "type": "Feature", "properties": { "mesh": "53406202", "n_rl_records": 1, "n_rl_species": 1, "score_species_weighted": 4, "n_cr_en_species": 1, "effort_records": 75, "low_effort": false, "rl_record_share": 0.013333333333333334 }, "geometry": { "type": "Polygon", "coordinates": [ [ [ 140.2875, 35.833333333333329 ], [ 140.2875, 35.841666666666676 ], [ 140.275, 35.841666666666669 ], [ 140.275, 35.833333333333329 ], [ 140.2875, 35.833333333333329 ] ] ] } },
{ "type": "Feature", "properties": { "mesh": "53406204", "n_rl_records": 1, "n_rl_species": 1, "score_species_weighted": 3, "n_cr_en_species": 1, "effort_records": 11, "low_effort": true, "rl_record_share": 0.090909090909090912 }, "geometry": { "type": "Polygon", "coordinates": [ [ [ 140.3125, 35.833333333333329 ], [ 140.3125, 35.841666666666676 ], [ 140.3, 35.841666666666669 ], [ 140.3, 35.833333333333329 ], [ 140.3125, 35.833333333333329 ] ] ] } },
{ "type": "Feature", "properties": { "mesh": "53406217", "n_rl_records": 2, "n_rl_species": 1, "score_species_weighted": 3, "n_cr_en_species": 1, "effort_records": 41, "low_effort": false, "rl_record_share": 0.04878048780487805 }, "geometry": { "type": "Polygon", "coordinates": [ [ [ 140.35, 35.841666666666676 ], [ 140.35, 35.85 ], [ 140.3375, 35.85 ], [ 140.3375, 35.841666666666676 ], [ 140.35, 35.841666666666676 ] ] ] } },
{ "type": "Feature", "properties": { "mesh": "53406220", "n_rl_records": 2, "n_rl_species": 2, "score_species_weighted": 4, "n_cr_en_species": 1, "effort_records": 87, "low_effort": false, "rl_record_share": 0.022988505747126436 }, "geometry": { "type": "Polygon", "coordinates": [ [ [ 140.2625, 35.85 ], [ 140.2625, 35.858333333333334 ], [ 140.25, 35.858333333333341 ], [ 140.25, 35.85 ], [ 140.2625, 35.85 ] ] ] } },
{ "type": "Feature", "properties": { "mesh": "53406224", "n_rl_records": 2, "n_rl_species": 2, "score_species_weighted": 2, "n_cr_en_species": 0, "effort_records": 38, "low_effort": false, "rl_record_share": 0.052631578947368418 }, "geometry": { "type": "Polygon", "coordinates": [ [ [ 140.3125, 35.85 ], [ 140.3125, 35.858333333333327 ], [ 140.3, 35.858333333333334 ], [ 140.3, 35.85 ], [ 140.3125, 35.85 ] ] ] } },
{ "type": "Feature", "properties": { "mesh": "53406227", "n_rl_records": 2, "n_rl_species": 1, "score_species_weighted": 2, "n_cr_en_species": 0, "effort_records": 53, "low_effort": false, "rl_record_share": 0.037735849056603772 }, "geometry": { "type": "Polygon", "coordinates": [ [ [ 140.35, 35.85 ], [ 140.35, 35.858333333333341 ], [ 140.3375, 35.858333333333334 ], [ 140.3375, 35.85 ], [ 140.35, 35.85 ] ] ] } },
{ "type": "Feature", "properties": { "mesh": "53406229", "n_rl_records": 2, "n_rl_species": 2, "score_species_weighted": 3, "n_cr_en_species": 0, "effort_records": 35, "low_effort": false, "rl_record_share": 0.057142857142857141 }, "geometry": { "type": "Polygon", "coordinates": [ [ [ 140.375, 35.85 ], [ 140.375, 35.858333333333334 ], [ 140.3625, 35.858333333333341 ], [ 140.3625, 35.85 ], [ 140.375, 35.85 ] ] ] } },
{ "type": "Feature", "properties": { "mesh": "53406232", "n_rl_records": 1, "n_rl_species": 1, "score_species_weighted": 2, "n_cr_en_species": 0, "effort_records": 58, "low_effort": false, "rl_record_share": 0.017241379310344827 }, "geometry": { "type": "Polygon", "coordinates": [ [ [ 140.2875, 35.858333333333334 ], [ 140.2875, 35.866666666666667 ], [ 140.275, 35.866666666666667 ], [ 140.275, 35.858333333333334 ], [ 140.2875, 35.858333333333334 ] ] ] } },
{ "type": "Feature", "properties": { "mesh": "53406233", "n_rl_records": 2, "n_rl_species": 2, "score_species_weighted": 7, "n_cr_en_species": 2, "effort_records": 16, "low_effort": true, "rl_record_share": 0.125 }, "geometry": { "type": "Polygon", "coordinates": [ [ [ 140.3, 35.858333333333334 ], [ 140.3, 35.866666666666667 ], [ 140.2875, 35.866666666666667 ], [ 140.2875, 35.858333333333334 ], [ 140.3, 35.858333333333334 ] ] ] } },
{ "type": "Feature", "properties": { "mesh": "53406234", "n_rl_records": 1, "n_rl_species": 1, "score_species_weighted": 2, "n_cr_en_species": 0, "effort_records": 2, "low_effort": true, "rl_record_share": 0.5 }, "geometry": { "type": "Polygon", "coordinates": [ [ [ 140.3125, 35.858333333333327 ], [ 140.3125, 35.866666666666674 ], [ 140.3, 35.866666666666667 ], [ 140.3, 35.858333333333334 ], [ 140.3125, 35.858333333333327 ] ] ] } },
{ "type": "Feature", "properties": { "mesh": "53406237", "n_rl_records": 1, "n_rl_species": 1, "score_species_weighted": 3, "n_cr_en_species": 1, "effort_records": 55, "low_effort": false, "rl_record_share": 0.018181818181818181 }, "geometry": { "type": "Polygon", "coordinates": [ [ [ 140.35, 35.858333333333341 ], [ 140.35, 35.866666666666674 ], [ 140.3375, 35.866666666666667 ], [ 140.3375, 35.858333333333334 ], [ 140.35, 35.858333333333341 ] ] ] } },
{ "type": "Feature", "properties": { "mesh": "53406238", "n_rl_records": 2, "n_rl_species": 2, "score_species_weighted": 5, "n_cr_en_species": 1, "effort_records": 31, "low_effort": false, "rl_record_share": 0.064516129032258063 }, "geometry": { "type": "Polygon", "coordinates": [ [ [ 140.3625, 35.858333333333341 ], [ 140.3625, 35.866666666666674 ], [ 140.35, 35.866666666666674 ], [ 140.35, 35.858333333333341 ], [ 140.3625, 35.858333333333341 ] ] ] } },
{ "type": "Feature", "properties": { "mesh": "53406248", "n_rl_records": 1, "n_rl_species": 1, "score_species_weighted": 2, "n_cr_en_species": 0, "effort_records": 72, "low_effort": false, "rl_record_share": 0.013888888888888888 }, "geometry": { "type": "Polygon", "coordinates": [ [ [ 140.3625, 35.866666666666674 ], [ 140.3625, 35.875 ], [ 140.35, 35.875 ], [ 140.35, 35.866666666666674 ], [ 140.3625, 35.866666666666674 ] ] ] } },
{ "type": "Feature", "properties": { "mesh": "53406249", "n_rl_records": 1, "n_rl_species": 1, "score_species_weighted": 2, "n_cr_en_species": 0, "effort_records": 21, "low_effort": false, "rl_record_share": 0.047619047619047616 }, "geometry": { "type": "Polygon", "coordinates": [ [ [ 140.375, 35.866666666666667 ], [ 140.375, 35.875 ], [ 140.3625, 35.875 ], [ 140.3625, 35.866666666666674 ], [ 140.375, 35.866666666666667 ] ] ] } },
{ "type": "Feature", "properties": { "mesh": "53406259", "n_rl_records": 1, "n_rl_species": 1, "score_species_weighted": 2, "n_cr_en_species": 0, "effort_records": 44, "low_effort": false, "rl_record_share": 0.022727272727272728 }, "geometry": { "type": "Polygon", "coordinates": [ [ [ 140.375, 35.875 ], [ 140.375, 35.883333333333333 ], [ 140.3625, 35.883333333333333 ], [ 140.3625, 35.875 ], [ 140.375, 35.875 ] ] ] } },
{ "type": "Feature", "properties": { "mesh": "53406268", "n_rl_records": 2, "n_rl_species": 1, "score_species_weighted": 1, "n_cr_en_species": 0, "effort_records": 45, "low_effort": false, "rl_record_share": 0.044444444444444446 }, "geometry": { "type": "Polygon", "coordinates": [ [ [ 140.3625, 35.883333333333333 ], [ 140.3625, 35.891666666666666 ], [ 140.35, 35.891666666666673 ], [ 140.35, 35.883333333333326 ], [ 140.3625, 35.883333333333333 ] ] ] } },
{ "type": "Feature", "properties": { "mesh": "53406314", "n_rl_records": 2, "n_rl_species": 1, "score_species_weighted": 2, "n_cr_en_species": 0, "effort_records": 7, "low_effort": true, "rl_record_share": 0.2857142857142857 }, "geometry": { "type": "Polygon", "coordinates": [ [ [ 140.4375, 35.841666666666669 ], [ 140.4375, 35.85 ], [ 140.425, 35.85 ], [ 140.425, 35.841666666666676 ], [ 140.4375, 35.841666666666669 ] ] ] } },
{ "type": "Feature", "properties": { "mesh": "53406342", "n_rl_records": 2, "n_rl_species": 2, "score_species_weighted": 2, "n_cr_en_species": 0, "effort_records": 16, "low_effort": true, "rl_record_share": 0.125 }, "geometry": { "type": "Polygon", "coordinates": [ [ [ 140.4125, 35.866666666666667 ], [ 140.4125, 35.875 ], [ 140.4, 35.875 ], [ 140.4, 35.866666666666667 ], [ 140.4125, 35.866666666666667 ] ] ] } },
{ "type": "Feature", "properties": { "mesh": "53406364", "n_rl_records": 1, "n_rl_species": 1, "score_species_weighted": 1, "n_cr_en_species": 0, "effort_records": 5, "low_effort": true, "rl_record_share": 0.2 }, "geometry": { "type": "Polygon", "coordinates": [ [ [ 140.4375, 35.883333333333326 ], [ 140.4375, 35.891666666666666 ], [ 140.425, 35.891666666666666 ], [ 140.425, 35.883333333333333 ], [ 140.4375, 35.883333333333326 ] ] ] } },
{ "type": "Feature", "properties": { "mesh": "53406370", "n_rl_records": 1, "n_rl_species": 1, "score_species_weighted": 3, "n_cr_en_species": 1, "effort_records": 55, "low_effort": false, "rl_record_share": 0.018181818181818181 }, "geometry": { "type": "Polygon", "coordinates": [ [ [ 140.3875, 35.891666666666666 ], [ 140.3875, 35.9 ], [ 140.375, 35.9 ], [ 140.375, 35.891666666666666 ], [ 140.3875, 35.891666666666666 ] ] ] } },
{ "type": "Feature", "properties": { "mesh": "53406379", "n_rl_records": 5, "n_rl_species": 2, "score_species_weighted": 2, "n_cr_en_species": 0, "effort_records": 50, "low_effort": false, "rl_record_share": 0.1 }, "geometry": { "type": "Polygon", "coordinates": [ [ [ 140.5, 35.891666666666666 ], [ 140.5, 35.9 ], [ 140.4875, 35.9 ], [ 140.4875, 35.891666666666666 ], [ 140.5, 35.891666666666666 ] ] ] } },
{ "type": "Feature", "properties": { "mesh": "53406387", "n_rl_records": 7, "n_rl_species": 3, "score_species_weighted": 6, "n_cr_en_species": 1, "effort_records": 103, "low_effort": false, "rl_record_share": 0.067961165048543687 }, "geometry": { "type": "Polygon", "coordinates": [ [ [ 140.475, 35.9 ], [ 140.475, 35.908333333333339 ], [ 140.4625, 35.908333333333324 ], [ 140.4625, 35.9 ], [ 140.475, 35.9 ] ] ] } },
{ "type": "Feature", "properties": { "mesh": "53406389", "n_rl_records": 4, "n_rl_species": 2, "score_species_weighted": 3, "n_cr_en_species": 0, "effort_records": 24, "low_effort": false, "rl_record_share": 0.16666666666666666 }, "geometry": { "type": "Polygon", "coordinates": [ [ [ 140.5, 35.9 ], [ 140.5, 35.908333333333339 ], [ 140.4875, 35.908333333333331 ], [ 140.4875, 35.9 ], [ 140.5, 35.9 ] ] ] } },
{ "type": "Feature", "properties": { "mesh": "53406396", "n_rl_records": 1, "n_rl_species": 1, "score_species_weighted": 1, "n_cr_en_species": 0, "effort_records": 13, "low_effort": true, "rl_record_share": 0.076923076923076927 }, "geometry": { "type": "Polygon", "coordinates": [ [ [ 140.4625, 35.908333333333324 ], [ 140.4625, 35.916666666666664 ], [ 140.45, 35.916666666666671 ], [ 140.45, 35.908333333333331 ], [ 140.4625, 35.908333333333324 ] ] ] } },
{ "type": "Feature", "properties": { "mesh": "53406397", "n_rl_records": 18, "n_rl_species": 7, "score_species_weighted": 14, "n_cr_en_species": 3, "effort_records": 346, "low_effort": false, "rl_record_share": 0.052023121387283239 }, "geometry": { "type": "Polygon", "coordinates": [ [ [ 140.475, 35.908333333333339 ], [ 140.475, 35.916666666666671 ], [ 140.4625, 35.916666666666664 ], [ 140.4625, 35.908333333333324 ], [ 140.475, 35.908333333333339 ] ] ] } },
{ "type": "Feature", "properties": { "mesh": "53406403", "n_rl_records": 2, "n_rl_species": 1, "score_species_weighted": 2, "n_cr_en_species": 0, "effort_records": 26, "low_effort": false, "rl_record_share": 0.076923076923076927 }, "geometry": { "type": "Polygon", "coordinates": [ [ [ 140.55, 35.833333333333329 ], [ 140.55, 35.841666666666669 ], [ 140.5375, 35.841666666666676 ], [ 140.5375, 35.833333333333329 ], [ 140.55, 35.833333333333329 ] ] ] } },
{ "type": "Feature", "properties": { "mesh": "53406418", "n_rl_records": 1, "n_rl_species": 1, "score_species_weighted": 4, "n_cr_en_species": 1, "effort_records": 8, "low_effort": true, "rl_record_share": 0.125 }, "geometry": { "type": "Polygon", "coordinates": [ [ [ 140.6125, 35.841666666666669 ], [ 140.6125, 35.85 ], [ 140.6, 35.85 ], [ 140.6, 35.841666666666676 ], [ 140.6125, 35.841666666666669 ] ] ] } },
{ "type": "Feature", "properties": { "mesh": "53406419", "n_rl_records": 1, "n_rl_species": 1, "score_species_weighted": 4, "n_cr_en_species": 1, "effort_records": 13, "low_effort": true, "rl_record_share": 0.076923076923076927 }, "geometry": { "type": "Polygon", "coordinates": [ [ [ 140.625, 35.841666666666669 ], [ 140.625, 35.85 ], [ 140.6125, 35.85 ], [ 140.6125, 35.841666666666669 ], [ 140.625, 35.841666666666669 ] ] ] } },
{ "type": "Feature", "properties": { "mesh": "53406428", "n_rl_records": 1, "n_rl_species": 1, "score_species_weighted": 4, "n_cr_en_species": 1, "effort_records": 114, "low_effort": false, "rl_record_share": 0.008771929824561403 }, "geometry": { "type": "Polygon", "coordinates": [ [ [ 140.6125, 35.85 ], [ 140.6125, 35.858333333333334 ], [ 140.6, 35.858333333333341 ], [ 140.6, 35.85 ], [ 140.6125, 35.85 ] ] ] } },
{ "type": "Feature", "properties": { "mesh": "53406436", "n_rl_records": 1, "n_rl_species": 1, "score_species_weighted": 2, "n_cr_en_species": 0, "effort_records": 1, "low_effort": true, "rl_record_share": 1.0 }, "geometry": { "type": "Polygon", "coordinates": [ [ [ 140.5875, 35.858333333333334 ], [ 140.5875, 35.866666666666667 ], [ 140.575, 35.866666666666667 ], [ 140.575, 35.858333333333327 ], [ 140.5875, 35.858333333333334 ] ] ] } },
{ "type": "Feature", "properties": { "mesh": "53406444", "n_rl_records": 2, "n_rl_species": 2, "score_species_weighted": 3, "n_cr_en_species": 0, "effort_records": 26, "low_effort": false, "rl_record_share": 0.076923076923076927 }, "geometry": { "type": "Polygon", "coordinates": [ [ [ 140.5625, 35.866666666666667 ], [ 140.5625, 35.875 ], [ 140.55, 35.875 ], [ 140.55, 35.866666666666667 ], [ 140.5625, 35.866666666666667 ] ] ] } },
{ "type": "Feature", "properties": { "mesh": "53406451", "n_rl_records": 2, "n_rl_species": 1, "score_species_weighted": 2, "n_cr_en_species": 0, "effort_records": 10, "low_effort": true, "rl_record_share": 0.2 }, "geometry": { "type": "Polygon", "coordinates": [ [ [ 140.525, 35.875 ], [ 140.525, 35.88333333333334 ], [ 140.5125, 35.883333333333333 ], [ 140.5125, 35.875 ], [ 140.525, 35.875 ] ] ] } },
{ "type": "Feature", "properties": { "mesh": "53406452", "n_rl_records": 1, "n_rl_species": 1, "score_species_weighted": 2, "n_cr_en_species": 0, "effort_records": 5, "low_effort": true, "rl_record_share": 0.2 }, "geometry": { "type": "Polygon", "coordinates": [ [ [ 140.5375, 35.875 ], [ 140.5375, 35.883333333333326 ], [ 140.525, 35.88333333333334 ], [ 140.525, 35.875 ], [ 140.5375, 35.875 ] ] ] } },
{ "type": "Feature", "properties": { "mesh": "53406462", "n_rl_records": 2, "n_rl_species": 2, "score_species_weighted": 7, "n_cr_en_species": 2, "effort_records": 69, "low_effort": false, "rl_record_share": 0.028985507246376812 }, "geometry": { "type": "Polygon", "coordinates": [ [ [ 140.5375, 35.883333333333326 ], [ 140.5375, 35.891666666666666 ], [ 140.525, 35.891666666666673 ], [ 140.525, 35.88333333333334 ], [ 140.5375, 35.883333333333326 ] ] ] } },
{ "type": "Feature", "properties": { "mesh": "53406470", "n_rl_records": 11, "n_rl_species": 3, "score_species_weighted": 8, "n_cr_en_species": 2, "effort_records": 160, "low_effort": false, "rl_record_share": 0.06875 }, "geometry": { "type": "Polygon", "coordinates": [ [ [ 140.5125, 35.891666666666666 ], [ 140.5125, 35.9 ], [ 140.5, 35.9 ], [ 140.5, 35.891666666666666 ], [ 140.5125, 35.891666666666666 ] ] ] } },
{ "type": "Feature", "properties": { "mesh": "53406473", "n_rl_records": 1, "n_rl_species": 1, "score_species_weighted": 2, "n_cr_en_species": 0, "effort_records": 58, "low_effort": false, "rl_record_share": 0.017241379310344827 }, "geometry": { "type": "Polygon", "coordinates": [ [ [ 140.55, 35.891666666666673 ], [ 140.55, 35.9 ], [ 140.5375, 35.9 ], [ 140.5375, 35.891666666666666 ], [ 140.55, 35.891666666666673 ] ] ] } },
{ "type": "Feature", "properties": { "mesh": "53406502", "n_rl_records": 2, "n_rl_species": 2, "score_species_weighted": 5, "n_cr_en_species": 1, "effort_records": 36, "low_effort": false, "rl_record_share": 0.055555555555555552 }, "geometry": { "type": "Polygon", "coordinates": [ [ [ 140.6625, 35.833333333333329 ], [ 140.6625, 35.841666666666669 ], [ 140.65, 35.841666666666669 ], [ 140.65, 35.833333333333336 ], [ 140.6625, 35.833333333333329 ] ] ] } },
{ "type": "Feature", "properties": { "mesh": "53406503", "n_rl_records": 2, "n_rl_species": 1, "score_species_weighted": 4, "n_cr_en_species": 1, "effort_records": 57, "low_effort": false, "rl_record_share": 0.035087719298245612 }, "geometry": { "type": "Polygon", "coordinates": [ [ [ 140.675, 35.833333333333329 ], [ 140.675, 35.841666666666676 ], [ 140.6625, 35.841666666666669 ], [ 140.6625, 35.833333333333329 ], [ 140.675, 35.833333333333329 ] ] ] } },
{ "type": "Feature", "properties": { "mesh": "53406505", "n_rl_records": 7, "n_rl_species": 5, "score_species_weighted": 9, "n_cr_en_species": 1, "effort_records": 124, "low_effort": false, "rl_record_share": 0.056451612903225805 }, "geometry": { "type": "Polygon", "coordinates": [ [ [ 140.7, 35.833333333333336 ], [ 140.7, 35.841666666666669 ], [ 140.6875, 35.841666666666676 ], [ 140.6875, 35.833333333333336 ], [ 140.7, 35.833333333333336 ] ] ] } },
{ "type": "Feature", "properties": { "mesh": "53406512", "n_rl_records": 4, "n_rl_species": 4, "score_species_weighted": 10, "n_cr_en_species": 2, "effort_records": 120, "low_effort": false, "rl_record_share": 0.033333333333333333 }, "geometry": { "type": "Polygon", "coordinates": [ [ [ 140.6625, 35.841666666666669 ], [ 140.6625, 35.85 ], [ 140.65, 35.85 ], [ 140.65, 35.841666666666669 ], [ 140.6625, 35.841666666666669 ] ] ] } },
{ "type": "Feature", "properties": { "mesh": "53406513", "n_rl_records": 99, "n_rl_species": 15, "score_species_weighted": 31, "n_cr_en_species": 3, "effort_records": 1507, "low_effort": false, "rl_record_share": 0.06569343065693431 }, "geometry": { "type": "Polygon", "coordinates": [ [ [ 140.675, 35.841666666666676 ], [ 140.675, 35.85 ], [ 140.6625, 35.85 ], [ 140.6625, 35.841666666666669 ], [ 140.675, 35.841666666666676 ] ] ] } },
{ "type": "Feature", "properties": { "mesh": "53406514", "n_rl_records": 9, "n_rl_species": 5, "score_species_weighted": 11, "n_cr_en_species": 2, "effort_records": 118, "low_effort": false, "rl_record_share": 0.076271186440677971 }, "geometry": { "type": "Polygon", "coordinates": [ [ [ 140.6875, 35.841666666666676 ], [ 140.6875, 35.85 ], [ 140.675, 35.85 ], [ 140.675, 35.841666666666676 ], [ 140.6875, 35.841666666666676 ] ] ] } },
{ "type": "Feature", "properties": { "mesh": "53406515", "n_rl_records": 71, "n_rl_species": 11, "score_species_weighted": 23, "n_cr_en_species": 3, "effort_records": 1348, "low_effort": false, "rl_record_share": 0.052670623145400594 }, "geometry": { "type": "Polygon", "coordinates": [ [ [ 140.7, 35.841666666666669 ], [ 140.7, 35.85 ], [ 140.6875, 35.85 ], [ 140.6875, 35.841666666666676 ], [ 140.7, 35.841666666666669 ] ] ] } },
{ "type": "Feature", "properties": { "mesh": "53406520", "n_rl_records": 50, "n_rl_species": 9, "score_species_weighted": 19, "n_cr_en_species": 3, "effort_records": 624, "low_effort": false, "rl_record_share": 0.080128205128205135 }, "geometry": { "type": "Polygon", "coordinates": [ [ [ 140.6375, 35.85 ], [ 140.6375, 35.858333333333334 ], [ 140.625, 35.858333333333341 ], [ 140.625, 35.85 ], [ 140.6375, 35.85 ] ] ] } },
{ "type": "Feature", "properties": { "mesh": "53406522", "n_rl_records": 2, "n_rl_species": 1, "score_species_weighted": 1, "n_cr_en_species": 0, "effort_records": 83, "low_effort": false, "rl_record_share": 0.024096385542168676 }, "geometry": { "type": "Polygon", "coordinates": [ [ [ 140.6625, 35.85 ], [ 140.6625, 35.858333333333341 ], [ 140.65, 35.858333333333334 ], [ 140.65, 35.85 ], [ 140.6625, 35.85 ] ] ] } }
]
}
